1,-164,-216,-284,-304,-420,-404,-472,-460,-488,-492,-512,-484,-484,-460,-440,-408,-296,-288,-212,-184,-124,-88,-64,-36,-64,-56,-80,-124,-140,-176,-204,-244,-260,-332,-384,-348,-356,-424,-448,-436,-404,-376,-380,-344,-344
1,-96,-120,-244,-260,-332,-352,-476,-480,-512,-564,-480,-476,-448,-396,-376,-292,-256,-204,-184,-96,-72,-52,-12,-4,-4,-16,-44,-36,-72,-88,-196,-164,-212,-288,-208,-344,-380
1,-592,-580,-564,-520,-448,-424,-328,-280,-248,-136,-104,-24,-16,-20,-24,-56,-84,-84,-112,-156,-176,-220,-224,-252,-324,-324,-440,-488,-480,-520,-480
1,-680,-604,-564,-504,-404,-340,-288,-256,-172,-148,-60,-68,-28,-60,-84,-92,-152,-172,-204,-252,-232,-320,-336,-388,-472,-424,-456,-488,-492,-576
1,-420,-488,-560,-568,-688,-728,-736,-708,-704,-676,-620,-604,-504,-412,-344,-256,-216,-120,-76,-44,-20,24,-36,-56,-88,-220,-200,-392,-440,-472,-528,-532,-548,-640,-680,-648,-652,-592,-492,-500,-432,-408
1,-656,-652,-552,-436,-380,-284,-260,-136,-80,-24,-32,-44,-60,-152,-208,-324,-388,-428,-428,-516,-468,-528,-508,-508,-560,-520,-564,-584,-568,-548,-512,-552,-388,-388,-332,-284
1,-652,-732,-756,-764,-768,-796,-788,-728,-716,-584,-568,-452,-372,-252,-208,-100,-92,-40,-48,-72,-104,-108,-220,-228,-296,-328,-344,-368,-432,-448,-476,-512,-564,-572,-640,-600,-656,-576,-632,-576,-512
1,-168,-112,-68,-68,-100,-124,-136,-204,-252,-340,-340,-432,-452,-476,-528,-504,-580,-628,-688,-680,-720,-712,-748,-724,-584,-552,-496
1,-76,-88,-96,-120,-132,-172,-256,-320,-348,-436,-444,-496,-516,-536,-540,-592,-608,-632,-568,-580,-536,-532,-512
2,-48,-44,48,92,176,248,380,412,508,548,668,740,888,908,1044,1064,1112,1028,1052,1052,1052,1124,1020,1024,1012,796,716,684,580,396,424,192,92,56,-8,-104
2,-56,-116,-172,-220,-176,-148,-168,-28,20,48,132,268,320,444,588,680,768,840,984,1016,1104,1160,1172,1160,1108,1088,1036,992,888,892,684,616,508,288,248,64,0,-112,-156
2,1004,1020,1056,1056,1076,1028,1044,1108,1040,1032,988,868,744,632,604,380,336,228,124,52,56,-40,36,-12
2,400,520,576,660,660,748,784,828,884,932,980,1028,1068,1068,1036,1040,1028,988,976,904,784,744,688,628,520,460,360,260,220,196,36,28,-32,40
2,-92,-20,8,92,124,220,276,372,440,524,596,680,712,788,868,940,1016,1028,1096,1080,1064,1032,1000,1024,888,812,668,536,408,392,208,188,216,16,64,44
2,68,128,228,280,424,488,556,608,688,728,744,784,884,908,952,1004,1020,1068,1060,1036,1048,1020,1036,1032,984,940,864,692,672,684,576,492,404,316,260,248,68,116,0,-100
2,-40,-68,-76,-116,-116,-88,-64,-36,76,120,208,272,468,568,676,776,812,820,884,904,924,936,1032,1068,1100,1092,1104,1076,1064,936,868,788,724,608,568,360,316,220,100
2,-180,-188,-208,-64,-20,60,84,188,344,376,488,516,588,636,696,780,860,892,1028,1060,1132,1124,1068,1068,1024,992,860,776,712,588,556,444,336,344,268,188,144,64,56
2,124,224,300,384,500,536,608,652,804,860,900,1004,1052,1088,1152,1116,1072,1072,1076,972,916,852,760,652,664,456
2,-96,-72,-16,148,156,284,388,516,592,656,716,756,764,840,864,924,1004,1040,1144,1176,1156,1180,1092,1028,984,904,760,704,596,480,456,336,200,164,0,-148,-128,-132,-160,-152,-164
3,-128,-132,-168,-228,-224,-164,-156,-132,-64,-24,68,156,280,376,584,740,944,1028,1096,1144,1128,1068,1048,1020,884,860,788,648,612,536,524,240,104,-32,-68,-324,-520,-612,-720,-728,-552,-480,-524,-516,-536,-532,-556,-512,-556
3,-56,-72,-164,-208,-92,-128,-92,-48,0,120,180,352,440,696,824,1000,1044,1100,1092,984,952,880,844,736,628,560,384,244,168,64,-228,-308,-288,-296
3,-36,40,116,244,360,576,632,840,928,1020,1068,1052,1084,1096,1068,1072,1004,968,900,844,740,712,624,580,436,388,136
3,-112,-140,-180,-232,-256,-240,-240,-168,-140,-44,-4,132,228,264,320,464,576,688,960,988,1120,1148,1120,1088,1036,968,836,820,728,684,584,560,472,288,144,-60,-192,-340,-508,-584,-652,-544
3,-140,-164,-176,-148,-232,-220,-248,-228,-184,-164,-88,-76,16,48,184,260,444,512,748,808,968,1020,1092,1076,1080,1080,1036,956,888,768,728,572,540,492,416,268,112,-96,-160
3,-248,-228,-204,-176,-116,40,64,132,200,288,360,516,596,768,796,980,1048,1092,1128,1120,1096,1012,956,836,720,652,568,512,540,428,256,196,44,-160,-476,-492,-616
3,140,256,300,472,620,700,876,936,1052,1068,1120,1116,1060,1072,972,884,804,736,644,608,460,432,336,80,40,-136,-280,-360,-416,-532,-492,-436,-484,-424,-416,-452
3,688,784,844,916,960,1056,1112,1128,1108,1080,996,920,756,688,600,556,532,556,288,292,84,-8,-128,-168,-428,-528,-448,-444,-384
3,-4,-12,-32,-72,-128,-148,-232,-248,-224,-248,-176,-140,-48,8,64,144,192,336,376,520,604,716,796,900,960,1072,1092,1104,1112,1068,1048,940,764,724,584,496,408,308,128,88,-192,-252,-528,-556,-308,-292,-268,-244,-256,-320,-300,-332
3,-40,0,60,124,224,364,492,540,568,728,768,824,876,996,1028,1064,1032,1040,1012,916,860,756,704,640,512,472,388,280,56,48,-344,-488,-580,-604,-564,-564
4,-60,-204,-376,-588,-716,-1024,-1096,-1320,-1272,-1144,-1024,-712,-600,-392,-312,-112,-36,16,32,-60,-148,-292,-332,-384,-512,-572,-848,-888,-1164,-1200,-908,-828,-672,-600,-400,-348,-324,-396,-536,-628,-660,-952,-1016,-1048,-988,-788,-700,-592,-408,-200,-112,12,48,36,60,52,-12,-132,-300,-372,-520,-672,-768,-880,-968,-928,-1044,-912,-812,-732
4,20,-4,-208,-308,-468,-548,-612,-652,-728,-896,-872,-836,-792,-720,-656,-500,-412,-228,-160,-52,0,32,76,16,8,-32,-84,-176,-348,-356,-436,-516,-508,-540,-648,-744,-888,-896,-784,-704,-632,-572,-512,-488,-524,-508,-520,-544,-596,-828,-872,-892,-832,-772,-684,-524,-436,-292,-200,-132,-92,-28,-24,-8,-4,-104,-208,-256,-396,-464,-536,-604,-728,-732,-832,-812,-704,-624,-496,-460,-308,-240,-200,-176
4,-272,-372,-496,-596,-740,-740,-1000,-1048,-1056,-1012,-884,-612,-472,-272,-244,-120,-52,-28,-24,-76,-168,-284,-440,-472,-496,-596,-684,-1040,-1072,-1140,-876,-772,-772,-744,-656,-652,-724,-852,-1164,-1268,-1336,-1328,-1068,-988,-584,-484,-300,-116,-76,-44,-44,-128,-232,-400,-508,-660,-792,-1072,-1060,-1144,-1132,-824,-668,-548,-488
4,-528,-520,-680,-824,-1096,-1172,-1256,-1216,-1100,-1016,-756,-640,-408,-272,-124,-84,-40,-72,-276,-484,-612,-616,-812,-1096,-1240,-1208,-1196,-976,-876,-816,-796,-776,-768,-864,-996,-1312,-1440,-1468,-1296,-1096,-624,-532,-268,-144,40,84,24,-72,-332,-484,-684,-780,-1096,-1188,-1328,-1276,-1152,-788,-704,-504,-372,-252,-212
4,-68,-232,-300,-468,-612,-808,-944,-1184,-1276,-1388,-1300,-1164,-1084,-796,-692,-484,-464,-252,-120,-68,-96,-148,-332,-460,-560,-668,-928,-964,-1192,-1244,-1188,-1120,-1020,-856,-852,-736,-532,-420,-368,-412,-512,-792,-944,-1160,-1332,-1360,-1276,-1156,-1036,-740,-656,-332,-240,-104,-40,4,-28,-108,-364,-484,-668,-744,-896,-948,-1088,-1180,-1120,-1060,-908,-812,-636,-568,-436,-220,-204
4,-112,-188,-456,-536,-748,-928,-1240,-1372,-1692,-1676,-1644,-1500,-1372,-1084,-924,-644,-512,-272,-224,-152,-156,-260,-328,-540,-636,-852,-896,-972,-1196,-1348,-1576,-1472,-1136,-1008,-828,-740,-572,-524,-456,-452,-444,-528,-764,-900,-1132,-1480,-1444,-1344,-1236,-888,-744,-472,-348,-196,-132,-80,-104,-196,-260,-496,-644,-820,-888,-928,-1004,-1128,-1280,-1312,-1116,-976,-676,-632,-512,-420,-292,-220,-52
4,-1140,-1260,-1224,-1152,-1096,-1024,-800,-728,-524,-472,-236,-132,-60,-124,-176,-408,-452,-644,-636,-796,-896,-1156,-1192,-1300,-1096,-916,-900,-840,-696,-512,-376,-392,-512,-636,-920,-1072,-1332,-1476,-1368,-1284,-1092,-916,-708,-580,-376,-248,-160,-104,-40,-88,-144,-376,-436,-584,-592,-616,-696,-948,-1108,-1192,-1128,-884,-756,-612,-536,-328,-276,-232,-140
4,-176,-16,-16,-172,-308,-556,-628,-748,-816,-1160,-1196,-1204,-1120,-1056,-924,-928,-844,-700,-480,-396,-396,-376,-600,-740,-1048,-1096,-1432,-1460,-1424,-1304,-1084,-932,-628,-492,-352,-252,-100,-56,0,-32,-224,-496,-620,-680,-748,-884,-952,-1116,-1212,-1116,-1016,-836,-744,-620,-552,-320,-296,-216,-152,-100
4,-712,-788,-908,-1152,-1332,-1332,-1284,-1080,-884,-868,-692,-568,-396,-328,-348,-460,-760,-888,-1156,-1324,-1464,-1536,-1532,-1328,-1164,-804,-620,-328,-216,-80,-28,-20,-36,-168,-272,-452,-544,-768,-880,-1000,-1072,-1144,-1056,-1048,-828,-732,-616,-504
4,-188,-376,-444,-716,-740,-1000,-1116,-1300,-1372,-1296,-1276,-1020,-908,-576,-472,-244,-128,-96,-48,-72,-208,-348,-512,-564,-788,-944,-1148,-1272,-1320,-1384,-1148,-920,-804,-728,-516,-388,-420,-544,-664,-864,-952,-1176,-1304,-1308,-1224,-924,-828,-644,-464,-256,-164,0,52,120,40,-32,-264,-368,-492,-608,-788,-916,-1052,-1104,-1152,-1036,-820,-740,-548,-512,-344
5,-100,-188,-216,-172,-224,-200,-208,-232,-188,-104,164,320,820,1104,1204,1260,1220,1144,936,848,524,360,76,-84,-200,-304,-328,-308,-316,-472,-388,-504,-432,-440,-420,-380,-392,-352,-256,-36,76,532,1080,1256,1312,1336,1156,1104,896,724,320,184,-160,-188,-376,-504,-152,-192,-204,-152,-100,-80
5,-488,-372,-432,-316,-320,-312,-288,-252,-232,-152,-32,272,512,1084,1260,1352,1352,1240,1204,960,784,416,48,-112,-188,-172,-332,-200,-24
5,184,412,1052,1164,1176,1224,1156,1028,792,616,212,-228,-320,-552,-588,-772,-888,-576,-704,-556,-504,-488,-496,-508,-504,-512,-456,-252,-92,336,1008,1240,1336,1280,1168,1084,800,596,232,24,-220,-212,-400,-468,-356,-336,-248,-244
5,-160,-52,36,356,508,968,1136,1180,1196,1184,1108,932,812,400,160,-336,-464,-592,-656,-576,-600,-512,-536,-496,-356,-416,-396,-360,-456,-460,-252,-176,208,560,1224,1356,1348,1308,1116,1044,764,488,288,-60,-120,-212,-340,-268,-340,-196,-128
5,144,360,516,896,988,1160,1140,1100,1144,1016,888,548,320,-368,-708,-692,-756,-672,-524,-696,-452,-480,-388,-372,-404,-396,-316,-288,-276,-156,116,264,876,1228,1340,1376,1260,992,796,460,252,-160,-256,-328,-440,-500,-336,-352,-280
5,688,1064,1148,1200,1244,1160,1008,684,488,0,-240,-608,-716,-900,-768,-804,-612,-612,-504,-448,-492,-424,-372,-352,-336,-316,-136,-16,372,612,1096,1236,1248,1168,1124,824,672,300,32,-312,-312,-468,-484,-376,-344,-480,-364,-300,-320,-196
5,-176,-224,-220,-148,24,184,844,1276,1340,1412,1296,1124,1028,768,592,128,-136,-552,-736,-852,-692,-656,-628,-544,-520,-472,-448,-456,-380,-392,-392,-348,-96,60,432,696,1180,1248,1252,1236,1088,972,696,512,84,-332,-344,-500,-552,-540,-632,-292,-284,-316,-256,-152
5,-32,-48,-12,80,156,400,520,816,936,1100,1144,1152,1160,1036,948,568,308,-136,-304,-556,-756,-884,-816,-676,-676,-532,-412,-480,-448,-368,-264,-240,-44,96,320,508,952,1128,1276,1256,1136,952,844,528,436,116,-184,-436,-396,-284,-340,-244,-248,-252,-212,-160,-168,-72
5,484,784,900,1048,1132,1156,1132,1140,916,784,420,144,-384,-432,-532,-500,-544,-472,-416,-456,-524,-436,-368,-408,-344,-324,-312,-228,-168,92,276,648,876,1292,1300,1296,1216,1040,952,744,588,288,72,-308,-496,-588,-400,-328,-308,-264,-168
5,160,432,588,1012,1172,1196,1232,1140,844,712,444,164,-528,-616,-600,-584,-360,-396,-360,-424,-388,-348,-292,-332,-292,-304,-280,-188,-92,160,368,816,1000,1228,1200,1152,1092,948,796,524,392,-4,-132,-284,-296,-308,-328,-304,-292,-276
6,-288,-272,-280,-304,-312,-304,-248,-300,-316,-316,-220,-148,-92,-16,0,40,16,-40,-8,36,68,-4,72,36,28,136,64,116,148,16,336,108,256,244,52,232,108,40,80,-44,4,-40,-48,-8,-24,-48,-96,-80,-188,-324,-324,-436,-492,-632,-632,-612,-588,-544,-524,-512,-496
6,-500,-500,-500,-484,-460,-408,-392,-316,-224,-68,-28,64,80,112,128,156,160,148,140,164,60,8,20,0,-240,-216,-260,-176,-280,-208,-256,-208,-132,-168,-136,20,-8,52,80,-56,-68,-164,-252,-264,-392,-476,-540,-688,-704,-804,-876,-776,-604
6,-476,-508,-584,-612,-564,-524,-300,-232,-112,-64,68,124,204,220,176,136,92,96,24,-48,-84,-4,-152,-204,-252,-284,-304,-352,-224,-316,-300,-196,-148,-84,12,-16,-8,-24,-72,-40,-172,-168,-364,-364,-520,-632,-748,-760,-804
6,-84,-28,48,64,136,96,40,116,116,108,148,208,252,160,140,192,124,104,148,8,-64,-192,-252,-192,-512,-452,-484,-596,-396,-392,-400,-300,-200,-156,-92,-52,-40,-68,-136,-184,-268,-396,-440,-556,-588,-644,-692,-668,-664,-652
6,-316,-276,-308,-264,-220,-140,-72,140,148,156,192,88,76,24,8,52,40,52,104,164,-80,-136,-128,-252,-292,-256,-348,-404,-264,-300,-164,-120,-8,44,32,56,-16,-40,-132,-216,-184,-296,-348,-436,-496,-668,-696,-780,-784,-756
6,-640,-676,-660,-632,-548,-360,-344,-188,-88,-36,32,96,104,164,164,92,96,48,112,128,-28,-24,100,28,-4,64,16,32,-148,-128,-264,-292,-172,-216,-148,-104,-44,-4,12,4,-32,-4,-28,-216,-208,-408,-512,-724,-852,-972,-948,-860,-784,-704,-648,-568,-548
6,-300,-152,-76,68,68,180,228,264,184,164,156,160,100,16,56,48,-156,-192,-208,-132,-188,-240,-4,-296,-224,-232,-264,-216,-200,-136,-116,-72,-80,-48,-32,-100,-116,-256,-448,-600,-768,-852,-940,-920,-848,-792,-744,-700,-656,-604
6,-436,-444,-472,-548,-616,-644,-616,-524,-368,-272,-148,-36,28,52,164,184,152,144,124,124,108,48,60,-76,-80,-140,-224,-300,-312,-328,-428,-448,-476,-440,-368,-260,-180,-40,-44,-32,-72,-84,-180,-240,-368,-412,-572,-584,-668,-716,-700,-708,-672,-652,-656,-632
6,-380,-244,-212,-132,-68,32,128,180,208,212,180,168,200,124,16,80,-48,-100,-256,-372,-316,-408,-380,-424,-540,-400,-396,-332,-280,-160,-144,-68,-12,-32,-60,-64,-140,-244,-312,-528,-600,-768,-820,-824,-856,-820,-724,-688,-712,-720,-684,-656
6,-444,-496,-532,-608,-508,-456,-284,-216,-112,-36,112,124,92,140,176,140,80,72,92,72,32,-72,-140,-84,-156,-276,-244,-292,-296,-356,-244,-308,-260,-148,-124,-32,-40,-84,-88,-76,-144,-148,-268,-416,-620,-724,-756,-764,-652,-660
