1,312,304,308,288,316,304,312,304,316,284,280,256,196,168,124,188,144,136,136,160,156,148,152,156,172,184,188,192,168,184,188,192,180,188,192,200,192,168,176,168,180,164,152,140,128,104,120,92,76,68,60,44,64,64,60,40,16,4,-56
1,212,224,172,144,124,124,180,136,104,100,104,96,72,60,56,64,72,80,92,108,116,112,116,132,136,144,136,144,140,128,124,132,128,108,116,128,132,124,76,72,76,80,60,32,60,48,44,36,4,-12,-24,-64,-60,-76,-60,-16
1,272,220,192,168,168,164,136,148,144,140,144,152,152,136,132,128,100,112,128,140,152,140,144,152,140,136,148,144,140,136,124,112,100,92,88,64,56,60,28,12,12,-24,-8,-8,-12,-4,16,-4,-20
1,292,300,288,276,268,236,220,184,176,172,168,168,168,164,152,164,172,172,164,172,172,172,172,172,160,180,184,200,168,180,144,144,148,136,128,132,116,128,104,100,88,80,84,20,28,16,8,36,28,24,40,24,-8,-12,-20,-40,-20
1,220,160,156,140,108,92,104,112,100,56,60,76,84,108,116,124,136,132,144,156,176,144,144,148,148,148,128,100,112,128,124,80,80,72,68,44,60,20,28,24,8,-16,-36,-36,-52,-44,-56,-64,4,-8,12
1,156,136,104,84,88,84,68,48,52,68,68,72,68,68,80,92,112,124,124,120,124,128,116,128,124,136,108,104,104,96,80,96,44,36,52,40,12,8,-16,-4,-16,-28,-32,-20,-28,-80,-96,-100,-72,-48,-44
1,260,248,232,200,172,116,100,108,108,88,108,84,80,72,92,92,108,108,100,96,128,148,156,144,136,136,140,152,152,120,112,120,120,136,88,96,88,56,40,36,40,4,-8,-44,-72,-56,-68,-64,-64,-64,-96,-112,-100
1,252,220,204,176,136,116,100,80,84,80,76,88,56,64,60,76,96,104,116,124,152,148,132,112,136,148,152,156,132,136,116,108,104,100,56,48,60,44,12,-16,-44,-68,-48,-76,-76,-56,-56,-116
1,256,244,228,204,160,120,108,48,48,28,48,48,24,-16,-8,-4,36,24,52,52,28,44,88,96,120,120,72,84,96,68,80,72,92,72,24,24,12,-8,-32,-40,-68,-92,-92,-152,-164,-132,-152,-192,-184,-176,-132,-108
1,208,196,192,172,136,84,56,20,4,-16,8,-24,-12,-48,-44,-44,-52,-28,-28,-16,-8,20,36,60,68,72,64,72,56,48,48,44,32,40,28,4,-48,-40,-40,-92,-72,-100,-96,-136,-140,-152,-160,-208,-196,-184,-152
2,216,204,208,160,132,120,132,204,216,288,288,356,396,488,532,612,664,756,796,844,896,924,960,980,992,1000,1004,1028,1024,1032,1068,1060,1060,1056,1044,1056,1056,1048,1048,1048,1056,1060,1044,1012,1016,968,912,864,872,748,668,568,632,392
2,228,208,196,200,208,212,232,260,256,300,368,436,448,512,552,620,652,704,720,764,832,836,888,948,992,992,1020,1020,996,1024,1032,1044,1060,1056,1040,1044,1040,1044,1064,1064,1068,1060,1040,1016,988,916,856,844,820,776,704,576,588,500,444,444
2,188,192,172,168,116,112,104,124,124,176,272,408,412,432,440,516,576,644,648,736,760,792,812,884,960,996,988,1000,1012,1000,1012,1032,1012,1020,1028,1008,1032,1032,1064,1060,992,964,892,904,900,816,732,772,652,580,596,464,520,428
2,252,316,348,404,404,476,516,600,616,680,692,744,780,824,860,904,940,924,1016,1044,1048,1064,1084,1040,1004,1000,1004,1020,1044,1052,1072,1036,988,976,860,804,804,744,636,616,520,448
2,348,352,360,396,440,500,524,584,644,708,740,808,852,852,904,884,908,936,952,944,1000,992,1024,1024,1032,1048,1048,1040,1024,1028,1028,1052,1032,1032,1036,1008,996,940,900,832,824,876,764,692,692,724,644,444
2,252,272,264,280,308,404,412,500,516,576,636,652,720,736,768,784,840,888,944,944,984,1000,1036,1028,1024,1024,1024,1028,1028,1020,1024,1020,1004,956,968,936,832,792,776,672,620,612,604,476,416,448,400
2,244,264,268,360,356,416,448,512,544,628,656,732,764,776,792,820,908,876,948,972,1012,1020,1044,1048,1072,1052,1020,1012,1004,1008,1036,1040,1004,1036,944,940,896,848,796,772,732,644,616,584,508
2,296,280,276,264,272,284,296,320,340,404,432,500,512,548,632,664,744,752,828,832,880,876,920,968,988,1000,1064,1056,1056,1064,1056,1052,1044,1044,1060,1036,1040,996,964,904,868,816,772,708,724,616,556,512
2,856,880,900,936,972,1000,1016,1020,1028,1040,1032,1024,1028,1024,1048,1044,1028,1020,944,940,844,824,792,804,772,704,680,636
2,344,368,420,440,492,504,588,636,708,740,772,816,828,844,868,888,940,944,1012,1016,1028,1052,1048,1056,1072,1084,1092,1072,1060,1000,1012,944,884,888,920,792,792,764,724,696,664,584,468,468,408,380,356
3,-72,-80,-100,-96,-116,-148,-104,-116,-88,-68,-36,32,60,136,216,260,316,368,468,492,592,644,712,764,848,856,920,944,996,988,988,996,1000,992,1000,984,1004,1000,1008,1004,1016,1004,984,1016,972,880,876,900,856,732,744,656,660,424,280,296,184,56,-64,48
3,-100,-100,-104,-96,-64,-44,-4,24,72,120,184,220,304,348,436,476,552,624,712,748,808,872,888,920,936,928,960,960,960,960,992,1004,1020,1032,1024,1028,1024,1012,1020,1000,980,996,996,980,996,1020,916,908,944,920,792,720,788,768,348,428
3,-32,-28,-28,-40,-24,-28,-44,-32,-32,-40,-20,-40,-48,-32,-32,-28,-20,-32,-36,-40,-56,-92,-72,-48,-28,16,52,140,164,228,260,324,388,480,588,632,792,848,924,952,980,972,968,968,964,1000,1016,1012,992,996,984,976,964,932,932,924,880,764,768,740,652,436,428,460,256,120,8,0,-316,-424
3,-76,-76,-72,-68,-64,-72,-64,-72,-60,-60,-64,-56,-76,-48,-60,-68,-60,-52,-52,-52,-56,-64,-72,-72,-80,-152,-216,-96,-92,-68,4,56,164,196,260,300,388,436,512,572,652,684,800,872,920,948,960,964,936,952,948,944,948,948,960,944,948,948,940,912,916,892,868,864,872,752,708,684,500,412,376,308,152,52
3,-44,-52,-52,-32,-48,-40,-4,-48,-52,-56,-40,-44,-44,-32,-52,16,-16,4,-20,-8,-8,-8,-4,-8,-16,-16,-12,-8,-16,-20,-12,-12,-8,-8,-16,-24,-40,-68,-60,-8,-20,-16,68,100,192,216,280,340,372,456,504,604,652,716,760,816,852,904,928,992,988,980,988,996,992,1016,996,1020,1016,992,988,988,980,972,952,952,932,928,848,844,824,768,656,604,472,424,356,264,256,100,-48,-172
3,-32,-36,-20,-32,-28,-24,-32,-20,-8,-8,-8,-36,-20,-16,-12,-4,0,-20,-12,-16,0,-8,4,0,0,8,-56,-68,-72,-76,-8,44,60,156,192,252,268,328,360,476,516,612,660,772,788,864,880,912,948,976,972,988,972,980,1000,992,992,1000,984,984,940,928,936,856,768,728,568,520,244,164
3,0,-4,-4,-12,-12,-16,-8,-12,0,-4,-32,-8,-8,-8,-20,-4,-4,-12,-8,-12,-12,-8,-12,0,-12,0,-120,-124,-32,-76,-36,68,116,232,252,356,392,496,584,664,832,892,936,960,968,960,932
3,256,304,344,404,468,564,612,716,748,840,868,896,952,944,968,960,968,972,992,984,988,1000,1000,1000,996,992,972,984,988,924,904,880,844,784,696,436,400,372
3,104,108,100,88,76,84,72,72,48,52,36,-56,-108,-28,164,204,320,368,472,508,604,668,764,788,888,944,976,984,988,996,1004,1004,1004,1024,1008,1048,1024,976,1000,944,892,864,884,752,592,556,352
3,4,-12,-4,0,24,24,24,20,32,36,24,32,28,40,48,48,36,44,52,44,44,56,52,60,64,68,64,44,56,20,44,32,68,92,108,184,228,312,368,416,460,544,572,680,732,812,780,868,884,932,912,916,948,976,980,976,984,988,980,976,968,952,944,964,968,972,996,956,964,984,936,848,772,616,508,340,204,156,-448
4,620,592,600,576,540,480,492,476,424,344,380,376,308,328,252,260,208,216,276,288,288,348,368,388,388,316,240,248,200,212,256,284,304,288,196,144,228,216,292,288,268,380,364,292,304,228,240,376,392,388,404,516,476,112,116,204,172,252,304,288,376,396,372,328,304,264,252,256,272,324,444,464,452,356,92,88,124,192,172,192,248,276
4,352,328,312,284,280,284,284,276,272,296,288,284,284,256,260,296,292,308,284,292,296,256,236,220,208,212,220,216,208,208,220,216,228,212,196,228,220,192,196,176,164,140,124,92,88,72,88,148,160,196,204,204,208,208,168,204,200,188,204,196,212,196,212,236,272,268,268,280,264,264,244,236,240,248,216,224,232,200,204,212,208,116,208,80
4,260,268,244,252,248,252,236,240,280,328,328,332,316,292,256,268,256,244,228,200,188,192,196,192,208,184,172,164,160,180,192,136,124,104,104,60,64,72,124,168,216,220,204,228,200,132,136,160,172,152,160,168,184,200,240,240,256,264,272,248,236,244,220,192,204,204,184,204,212,256,264,180,148,60,48,4
4,336,312,280,244,232,252,264,232,232,208,212,208,240,300,336,312,292,288,260,264,248,244,200,168,184,172,196,184,156,152,120,96,124,112,64,44,-8,-16,-8,-12,0,104,116,176,204,164,212,148,128,84,104,52,28,24,-24,-76,32,76,132,128,124,140,168,176,172,180,176,172,132,144,124,136,80,32,104,124,120,24,-32,-36,-36,-28,-20,16
4,208,164,144,156,160,160,144,120,144,164,212,192,192,184,184,168,176,176,164,148,144,136,104,120,140,148,104,56,36,88,40,28,-16,-20,-84,-116,-68,-36,-16,56,92,144,148,120,184,128,84,72,56,40,-28,-40,-112,-124,-72,48,44,64,88,120,112,116,116,128,124,120,128,140,164,148,136,168,192,200,192,180,84,52,-16,-44,-4,-36
4,276,280,240,252,236,220,216,280,308,300,284,272,256,272,276,284,224,200,196,188,144,184,168,140,148,112,72,72,68,92,52,16,0,-28,-4,0,48,84,180,184,136,132,132,124,56,20,20,20,0,-92,-64,32,40,108,136,164,152,160,164,160,168,136,140,112,104,124,132,120,92,128,124,120,88,76,-20,-24,-24,16,12
4,272,224,188,184,212,212,220,196,180,180,168,168,220,228,192,192,196,208,220,172,160,156,148,156,196,156,124,136,148,124,104,88,64,-36,-52,-44,-36,-52,-24,72,132,152,132,136,172,120,32,40,8,-12,-56,-68,-100,-76,8,36,136,152,168,148,152,152,152,124,136,152,156,128,124,104,92,112,72,28,4,-20,-48,-120,-84,-72,8
4,232,164,136,108,92,108,88,72,36,76,88,148,124,124,168,176,172,172,160,136,148,168,140,116,136,140,116,92,112,108,88,64,24,-20,-84,-72,-64,-56,-36,20,88,128,108,72,92,120,68,28,28,8,28,24,28,52,120,148,204,208,212,224,200,180,188,184,172,156,148,144,160,100,96,116,136,44,-20,-44,-48,-64,-28,-28
4,208,208,184,116,92,104,120,52,88,200,180,124,112,156,168,216,200,176,160,176,152,132,144,136,92,76,76,60,28,44,12,-20,-56,-56,-28,0,-8,4,96,112,104,112,76,148,108,48,48,8,24,-4,0,-56,-24,60,96,148,160,192,192,192,184,164,156,152,128,128,124,92,64,64,48,48,32,12,48,44,-32,-28,-40,-44,24,80
4,144,124,100,92,84,76,36,32,48,56,92,96,120,116,136,152,112,116,120,120,132,136,116,112,112,112,132,96,64,52,20,12,16,-60,-92,-152,-164,-148,-100,-44,-12,8,68,64,76,44,-28,-16,-28,-44,-56,-60,-72,-72,-24,4,72,80,92,112,128,132,128,148,152,108,120,120,88,80,56,20,-36,-88,-100,-144,-136,-124,-132
5,252,256,236,252,256,252,272,264,240,264,256,296,328,416,436,496,516,556,612,704,704,852,824,976,1040,1012,1028,1052,1056,1012,984,956,808,724,664,648,488,400,400,356,244,240,152,116,68,92,196,208,228,288,332,380,468,620,644,664,768,904,960,1016,1004,1096,1084,1060,1020,996,948,800,736,708,584,324,272,248,212,168,136,172,208
5,124,120,116,108,96,116,124,172,200,252,292,352,380,444,540,564,648,672,760,804,884,888,996,1008,1000,1004,1060,1044,1064,1032,992,952,892,856,808,712,644,500,412,328,228,-8,-36,-100,-116,0,-4,4,28,84,92,116,180,284,404,452,492,496,520,584,808,892,964,992,1016,1024,1068,1100,1116,1076,976,916,784,752,676,556,356,136,180,124,-16
5,72,68,136,172,252,288,384,424,524,508,552,616,760,816,884,920,960,968,972,1012,1004,1040,1044,1076,1060,1000,960,924,896,812,836,736,680,640,580,344,264,156,16,-20,-36,0,76,92,112,140,196,228,292,340,440,488,532,512,540,608,720,804,920,976,996,1008,1032,1064,1048,1048,1028,932,904,804,780,848,776,432,356,436,360
5,120,136,132,188,208,256,296,340,340,380,420,468,528,684,756,836,884,936,964,1008,1020,1032,1036,1032,988,952,932,884,820,816,748,768,620,500,484,444,136,104,92,68,-28,16,100,76,76,164,156,216,260,372,400,456,508,540,560,696,752,836,888,980,976,1020,1024,1072,1012,976,876,792,692,636,572,524,356,-32,-80,-224
5,8,-4,-8,-16,0,8,76,96,156,200,256,280,364,396,476,516,592,628,736,776,848,876,948,944,996,984,1016,1020,1016,984,928,888,836,764,768,756,680,368,336,300,40,-44,-76,-104,-92,-8,8,20,56,84,128,180,304,312,344,428,488,516,600,660,780,812,916,936,960,976,1004,1000,984,944,912,824,784,740,712,644,492,312,248,168,136
5,56,104,156,212,252,316,356,424,472,532,580,660,744,792,852,884,944,968,1008,1024,1044,1032,1004,972,904,864,804,808,796,796,420,356,436,296,-100,-84,-120,-168,-112,-72,0,24,64,60,84,200,244,356,380,456,472,504,580,732,768,880,908,904,944,972,988,996,952,940,868,836,756,732,668,556,460,380,0,88,76
5,108,140,148,188,244,248,292,328,380,408,512,516,628,660,760,792,852,904,920,944,960,972,980,1012,992,924,900,856,812,776,772,808,768,580,520,388,32,4,-68,-236,-172,-148,-108,-104,-20,-36,24,48,212,244,256,292,404,400,436,512,656,764,784,832,852,936,940,956,936,920,880,804,756,704,660,560,552,468,320,284,-132,-72,-108
5,8,-16,-20,0,48,88,148,156,244,256,328,388,428,464,576,644,748,800,876,912,940,960,976,956,948,888,872,820,768,724,740,668,644,432,328,228,48,-240,-196,-160,-292,-160,-164,-124,-36,16,100,164,268,296,300,304,372,416,544,616,736,784,824,880,900,932,932,960,924,876,828,736,684,556,512,536,448,120,36,84,48
5,256,248,228,220,212,228,248,316,388,404,444,484,540,592,628,644,740,780,836,872,976,1020,1104,1128,1148,1168,1172,1176,1040,864,816,772,712,544,536,404,344,312,220,136,128,100,108,172,180,204,224,224,268,308,400,440,460,516,512,548,824,924,1108,1172,1284,1300,1288,1288,1256,1052,940,724,632,500,508,436,352
5,236,248,264,320,332,368,392,412,428,456,484,560,592,692,768,932,1000,1088,1172,1192,1152,1136,1044,932,808,748,636,580,480,444,244,144,112,92,-40,-40,80,68,108,112,116,208,220,308,344,400,448,552,540,592,700,832,908,1060,1124,1240,1284,1288,1256,1180,992,908,676,580,464,404,316,164,128,32
6,172,168,156,152,180,176,188,200,192,244,264,272,344,372,472,528,532,540,592,556,504,616,652,632,628,660,684,724,720,684,696,724,712,736,712,636,644,624,668,600,488,508,500,436,560,564,556,600,552,512,520,504,528,540,460,444,444,444,480,456,436,400,300,260,280,200,60,88,140,28,68
6,124,136,192,208,200,208,256,256,344,404,512,528,508,528,572,552,548,528,532,568,580,640,696,708,692,716,700,704,700,668,692,628,560,568,568,604,556,536,592,520,484,540,544,536,620,636,516,512,540,524,528,540,516,504,560,552,512,484,440,456,376
6,232,252,248,232,236,252,256,272,316,300,296,316,372,520,568,584,588,632,604,588,596,588,580,616,596,640,664,676,752,764,772,780,820,784,760,724,708,632,592,516,484,408,448,448,396,444,468,404,400,420,436,472,680,724,468,440,604,604,528,524,488,472,464,484,480,480,456,320,312,328,252,220,180,56,56,80,92,60,116,104,100,36,60
6,-52,-72,-68,-84,-64,-40,-32,-4,48,96,148,172,228,256,292,320,360,396,444,492,512,544,552,588,620,660,660,676,692,704,672,632,616,560,536,424,388,328,252,256,268,200,128,108,52,24,24,0,16,44,72,120,152,168,188,176,184,188,172,136,128,72,88,-8,-24,-24,-60
6,-112,-132,-120,-128,-96,-104,-76,-60,-32,-24,4,40,56,80,104,116,140,152,184,216,232,272,284,312,328,384,400,424,452,500,508,532,548,568,564,580,592,596,600,608,620,632,632,632,636,628,644,660,672,676,644,652,660,640,616,592,496,512,492,372,360,284,308,180,160,100,56,-96,-136,-96,-144,-168,-148,-112,-92,-20,-4,32,44,44,4,-12,-44,-48,-16,-36,-152,-192,-172
6,-296,-308,-308,-260,-244,-184,-148,-64,-16,24,60,80,128,160,228,252,316,344,404,432,472,504,516,532,552,572,600,580,620,636,628,624,636,620,616,600,596,596,596,584,560,552,552,512,496,464,420,300,260,252,88,44,60,4,-64,-100,-124,-136,-152,-156,-148,-148,-76,-40,0,-16,-12,-8,4,20,0,-8,-44,-44,-36,-112,-168
6,88,68,56,92,76,68,76,80,72,76,84,76,88,96,96,100,92,88,76,84,112,108,104,100,92,92,84,76,72,60,60,60,60,64,64,40,32,8,-8,16,40,104,136,164,204,240,320,352,436,432,472,492,528,512,532,536,536,548,564,576,600,604,576,556,484,380,312,192,80,-140,-148,-96,-124,-24,-68,-40,136,192,256,292,260,252,256,256,228,196,160,92,8
6,36,32,40,44,44,48,56,60,48,60,76,128,136,176,232,276,312,384,432,472,488,512,516,520,552,556,568,552,552,552,548,548,568,592,632,644,672,652,660,640,580,544,552,464,392,336,312,284,196,52,44,-60,-76,-88,-136,-176,-176,-96,-52,68,100,180,200,196,184,176,112,84,68
6,28,88,92,124,140,196,244,292,332,416,432,452,508,516,536,540,520,500,508,508,488,504,508,532,548,572,600,608,608,592,584,568,496,456,440,344,344,260,192,208,172,20,0,-40,-76,-68,-20,84,84,164,192,240,256,240,240,248,260,240,200,188,144,128,-32,-68,-64
6,-208,-180,-172,-116,-80,-48,48,120,184,272,272,372,380,412,444,520,540,568,592,688,724,716,692,656,612,512,480,436,252,252,264,264,200,132,8,-12,20,24,-68,-96,-100,-76,-48,-48,12,68,148,148,140,132,112,44,24,16,16,-28,-68,-112
