1,188,184,184,188,204,132,208,132,-76,-140,-324,-336,-280,-244,0,76,68,124,188,216,148,80,280,204,192,252,200,184,196,180,160,80,88,12,56,72,48,124,160,336,316,296,352,260,96,0,-80,-160,-348,-452,-456,-400,-304,-296,-152,-116,-136,-136,152,56,100,88
1,84,108,128,124,140,184,200,204,220,88,-40,-72,-92,-156,-220,-168,-244,-32,88,96,132,204,276,236,368,400,404,400,312,316,320,308,204,212,108,108,152,264,248,336,400,224,208,160,72,-4,-72,-244,-276,-264,-280,-244,-240,-164,-128,-128,-132,-60,-76,-104,28,72,124,76,216
1,72,56,76,56,80,60,76,116,104,84,112,120,56,112,68,-44,-92,-204,-228,-200,-40,-52,72,208,304,276,368,332,368,388,396,364,316,312,280,236,148,104,124,172,188,268,280,320,268,116,168,104,44,-64,-56,-236,-264,-276,-272,-208,-220,-232,-156,-148,-48,-120,-56,-48,-60,-12,-16,-8,24,20,16,56,64,4,-64
1,72,120,84,112,184,176,156,80,0,28,-8,-172,-144,-300,-264,-268,-232,-172,-12,196,188,240,240,176,208,244,256,240,268,284,216,168,116,84,128,152,92,120,172,156,124,132,0,-80,-196,-336,-384,-432,-432,-436,-364,-300,-268,-208,-160,-156,-176,-104,-148,-12,0,-20,-96,8,92,36,44,-84
1,76,60,100,96,116,112,96,8,-52,-100,-44,-240,-252,-160,-256,-136,-72,-20,0,52,116,92,168,176,232,224,280,244,232,244,124,32,0,8,-16,-16,-24,28,48,40,-24,-48,-40,-96,-128,-264,-316,-356,-444,-520,-500,-440,-424,-292,-276,-204,-104,-92,-68,-52,-72,-88,-52,-12,-56,-20,64,32,-8,-4
1,28,16,44,40,64,76,52,-92,-140,-100,-308,-364,-292,-204,-240,-32,-8,56,124,140,216,288,296,272,272,312,300,224,204,164,108,80,96,108,164,188,104,40,132,44,-108,-160,-288,-272,-364,-456,-408,-368,-348,-288,-272,-228,-188,-136,-128,-92,-24,44,32,0,28,16,0,-8
1,116,60,36,-68,-40,24,-8,-8,52,60,-36,-36,-256,-292,-260,-344,-360,-416,-480,-480,-528,-504,-400,-412,-372,-272,-248,-188,-156,-140,-80,-64,-28,-80,-120,-12,-56,-144,-160
1,-96,-152,-260,-300,-352,-320,-388,-324,-208,-44,-128,68,136,96,84,128,172,196,216,220,216,192,148,124,188,192,160,184,168,104,92,44,-56,-164,-272,-372,-396,-392,-492,-468,-404,-348,-292,-256,-236,-228,-152,-84,-32,-32,0,-16,-32
1,32,4,12,36,36,8,-72,-72,-132,-192,-372,-312,-324,-272,-412,-160,84,80,216,308,268,208,212,256,280,260,224,204,180,104,112,88,80,128,132,152,172,36,-184,-276,-364,-432,-540,-524,-564,-512,-400,-296,-272,-240,-180,-128,-108,-116,-88,4,-4,-84
2,32,32,12,40,32,36,4,32,32,32,4,-4,-52,-108,-116,-80,-72,-172,-16,-204,-68,76,160,324,524,516,524,576,576,496,472,536,400,332,324,264,416,532,216,196,572,412,-28,20,72,-132,-68
2,-60,-44,-80,-112,-152,-132,-192,-276,-172,-136,-128,-84,52,212,192,272,208,436,668,580,584,516,448,372,336,316,404,436,452,476,340,244,360,384,188,-20,-52,-148,-168,-104,-156,-460,-356,-336,-268,-340
2,-116,-124,-96,-176,-176,-168,-208,-272,-260,-248,-168,-216,-180,120,288,220,316,572,632,680,688,516,412,364,368,328,328,452,408,380,400,376,136,156,204,120,-40,-68,-116,-392,-404,-252,-360,-272
2,-272,-412,-348,72,112,124,76,124,36,-120,-24,452,480,656,712,572,500,380,356,308,288,352,424,320,328,468,240,180,160,188,-48,-108,-216,-308,-344,-304,-256
2,-196,-340,-416,-348,-296,-248,-144,-104,-164,76,148,432,476,392,772,736,472,424,488,388,188,440,432,180,192,412,220,12,-4,-48,-144,-308,-368,-424,-368,-380,-356,-276,-320
2,296,432,488,576,668,640,404,372,328,320,304,280,500,512,272,196,336,172,112,112,80,-176,-212
2,-284,-252,-196,-212,-164,-152,-16,-4,164,256,556,508,468,396,328,300,236,184,260,360,284,168,248,196,188,72,12,-72,40,-244
2,-92,-104,-100,-208,-288,-316,-308,-224,-188,-36,-4,176,220,420,576,696,660,560,536,436,296,324,604,520,188,220,508,328,-32,-32,-92,-112,-116,-308,-420,-364
2,-156,-244,-300,-344,-304,-208,-128,0,-40,-28,-40,-60,340,412,652,768,580,508,436,376,384,364,496,568,252,188,428,300,-28,-20,-72,16,-40,-184,-336
2,-12,-32,4,-8,12,-8,-4,12,-48,-36,-32,-184,-232,-116,-156,-148,-92,-132,-4,96,240,228,600,648,396,272,144,136,116,108,128,116,384,232,80,272,372,96,-16,364,460,120,32,196,384,0,-220,-236,-128,-252,-132,-52,-184,-188,-136,-88,-120,-100
3,-80,-36,-72,-72,-20,-36,-60,-52,-132,-168,-236,-120,-120,-204,-176,-88,-44,16,-4,-8,8,324,532,596,500,408,404,244,212,240,116,40,232,240,256,228,212,152,84,172,184,180,488,780,1080,920,1192,1212,892,1076,1156,1008,824,932,1024,880,880,848,764,816,784,732
3,-104,-92,-104,-108,-76,-140,-164,-168,-176,-212,-196,-176,-228,64,176,212,324,144,140,156,-56,-80,-236,-260,-228,-256,-64,60,152,396,596,608,740,956,768,596,840,1052,800,976,1100,788,612,604,588,556,568,512,488,516
3,72,28,-8,16,32,-112,-168,-244,-164,84,44,-36,100,60,-212,-216,-268,-340,-364,-364,-376,-392,-352,-316,-244,-32,528,488,796,792,828,632,736,804,596,436,476,416,408,500,472,388,364,380,376,328,320,372,360,340,368,324,352,312,272,516,268,320,352
3,-76,-100,-76,-132,-168,-308,-348,-296,-236,-284,92,216,264,172,36,32,-116,-216,-352,-272,-232,-316,-540,-508,-256,-196,20,84,212,412,424,308,460,412,312,364,308,264,268,292,236,212,212,184,148,160,188,192,164,132,204,204,168,128
3,-56,-160,-204,-148,-228,-288,-252,-212,-104,-92,-48,0,120,28,-100,-204,-300,-368,-272,-232,-356,-452,-412,-364,-308,-216,-160,-80,-4,172,280,628,596,648,648,372,560,584,556,492,456,384,372,352,336,324,280,372,248,288
3,8,40,24,-56,-248,-232,-260,-228,-128,-108,12,120,252,88,32,-68,-172,-400,-408,-388,-364,-488,-492,-304,-260,-116,0,260,260,492,644,624,832,776,612,576,696,752,632,580,500,512,452,404,416,428,392,396
3,-68,-16,-52,-28,-32,-112,-304,-376,-300,-136,-76,-20,148,116,112,104,104,4,-224,-240,-328,-304,-332,-356,-348,-300,-248,-172,-116,88,116,176,368,508,432,512,656,440,488,532,540,516,472,468,352,328,392,408,348,324,292,276,356,328,288,296
3,24,52,4,-12,4,4,24,64,48,28,-24,-112,-452,-212,-152,-24,-16,-20,-4,232,160,-104,-64,-84,-208,-332,-320,-312,-312,-276,-260,-268,-292,-328,-340,-260,-168,-164,-140,-104,232,264,536,696,912,820,936,1168,768,840,808,592,704,636,612,500,520,496,460,476,492,476,476,452,452,408,504,452,392
3,96,128,112,116,128,92,-64,-140,-248,-160,-212,-112,308,344,96,92,-60,-240,-436,-532,-372,-364,-236,-160,-328,-456,-476,-400,-344,-176,-184,-100,0,204,236,532,544,420,520,668,572
3,-4,16,8,12,-12,-32,-4,-20,-4,-28,-60,-16,-12,-40,-52,-24,-24,-40,-16,68,40,-444,-360,-116,56,20,36,228,224,20,-256,-328,-428,-448,-536,-408,-324,-412,-508,-500,-332,-248,-224,-48,148,308,420,620,608,680,552,424,600,388,376,360,400,308
4,356,248,204,168,44,-288,-336,-220,-112,-244,-132,220,212,404,476,504,556,496,456,412,256,156,40,52,60,124,252,284,488,516,380,392,452,244,-176,-276,-384,-224,-96,-28,32,-4,-24,8,44,56,-8,-224,-280,-340,-432,-208,-96,116,248,396,468,564,576,484,340,244,96,152,104,200,324,440,756,604,676,620,92,-112,-340,-632,-408,-132,-60,-64,116,324,232,236,180
4,124,196,200,68,36,-112,-260,-544,-552,-412,-252,-228,128,364,368,412,380,384,588,500,384,360,260,156,168,168,348,596,704,724,704,448,312,-216,-288,-504,-496,-328,-228,0,-20,-24,-12,48,-40,-144,-120,-172,-352,-460,-344,-348,-264,-108,68,192,444,480,628,632,520,488,316,236,192,164,236,484,584,744,680,484,288,-228,-384,-636,-592,-496,-456,-288,-164,-164,76,220,160,28,80
4,300,432,688,944,876,764,740,68,-376,-664,-708,-572,-400,-176,-68,16,40,120,92,16,-88,-172,-632,-728,-524,-444,-136,28,312,464,812,860,736,660,404,360,288,268,512,868,1024,964,792,268,-248,-688,-864,-820,-736,-400,-280,-16,108,156,188,260,164,172,256,140
4,128,196,124,192,-240,-548,-440,-460,-688,-440,-268,268,344,632,732,920,968,888,792,608,524,348,272,236,256,484,800,1060,1116,1084,296,-216,-496,-456,-452,-404,-340,-324,-216,-256,-412,-376,-188,-188,-272,-224,-80,-272,-312,92,84,228,392,652,732,648,596,444,360,268,252,424,536,760,904,820,504,376,-284,-628,-732,-600,-364,-324,-196,-244,-44,128,60,-8,248,268,32
4,80,-28,-8,-128,-636,-760,-796,-824,-684,-368,8,212,452,632,728,884,872,664,600,456,388,480,532,596,764,776,632,312,-32,-764,-632,-628,-588,-456,-104,-24,-44,-80,-52,-40,-40,20,-244,-400,-384,-536,-332,60,172,400,396,568,564,632,648,496,440,404,340,444,584,744,884,656,484,-284,-416,-376,-536,-520,-500,-408,-208,-84,-20,-32,88,112,148,260,200,136,160,148,136
4,36,-188,-24,-216,-820,-1000,-1068,-992,-300,-64,432,724,1060,992,948,868,632,528,380,340,308,512,576,896,900,688,660,100,-364,-376,-156,-280,-352,-276,-220,-156,-204,-248,-200,-116,-180,-172,-344,-324,-596,-152,-124,-24,344,460,612,600,756,804,616,536,468,368,220,428,536,664,816,892,612,244,-56,-668,-856,-652,-492,-244,-152,-24,36,40,20,136,144,160,160,136
4,68,44,-108,-240,-676,-756,-508,-476,-124,96,324,804,916,640,660,648,540,332,284,208,228,376,540,780,816,952,680,92,-104,-532,-628,-520,-280,-220,-36,-8,-60,12,-60,-140,-128,-252,-356,-388,-400,-332,-4,176,244,552,752,892,860,680,524,388,324,256,300,492,580,984,912,544,100,-364,-488,-576,-464,-340,-320,-300,-140,-68,-76,20,308,404,124
4,56,4,-176,-140,-428,-512,-596,-732,-328,-4,524,752,940,948,924,764,652,388,348,268,308,556,728,1240,1344,1184,620,-512,-572,-232,-80,-28,-24,-80,-376,-452,-392,-360,-412,-400,-96,-188,-348,-232,400,384,636,784,808,1000,912,620,492,328,268,308,440,768,972,984,780,184,-268,-352,-356,-312,-312,-380,-244,-160,-288,-192,16,96
4,20,-400,-604,-500,-500,-804,-696,-48,232,416,772,1144,1088,916,744,612,284,236,172,204,416,652,1368,1496,1000,512,-364,-440,-292,-16,-68,-244,-268,-260,-380,-312,-352,-328,-272,-160,-292,-588,-416,116,120,204,336,892,1132,964,668,516,344,240,444,572,876,1244,1312,980,108,-372,-680,-704,-408,-624,-340,-276,-208,8,32,52,152,112,32
4,-260,-284,-536,-512,-508,-532,172,316,632,732,916,1080,1136,828,736,492,424,388,468,880,1148,1632,1612,916,76,-508,-504,-56,-1116,220,-120,-220,-436,-408,-284,-296,-524,-520,-420,-396,-128,184,260,520,908,988,1056,1004,692,492,492,336,292,812,980,1236,1332,956,372,-548,-508,-84,-156,-284,-160,-256,-260,-284,-104,136,304,172,268,344
5,64,16,36,100,-40,-248,-320,-412,-228,28,20,72,296,620,492,360,68,0,204,96,344,568,216,300,136,-72,-132,-352,-428,-408,-172,-252,-312,-132,-364,-520,-648,-316,-236,-156,-104,84,36,76,236,544,448,328,160,-48,-112,-96,16,352,520,424,-236,-164,-148,-364,-304,-280,-112,-40,-304
5,-272,-200,-376,-724,-496,-540,-360,-276,-212,-184,-152,32,228,268,248,320,348,424,328,52,112,100,224,480,412,172,72,92,-424,-456,-48,128,-236,-192,92
5,-4,-232,-324,-140,-144,-376,-284,4,268,420,452,376,260,312,148,180,248,448,492,368,372,140,-168,-420,-648,-500,-324,-324,-460,-456,-280,-204,-48,-20,-20,140,188,36,-4,148,148,-132,-140,-160,0,460,652,336,232,388,260,-320,-64,24,-92
5,452,464,512,272,-164,-36,-320,-440,104,-276,-196,-208,-96,56,92,100,132,256,300,316,336,412,452,140,12,196,492,460,468,520,212,-52,-196,-172,-152,-168,4,156,192,136,88
5,272,480,428,440,644,308,252,300,536,624,516,400,32,-276,-288,-292,-280,8,132,-280,-48,-292,-288,0,112,136,172,400,384,328,380,264,180,-28,-8,160,300,564,548,376,260,52,-340,-256,-144,-12,56,-112,-80
5,-348,-680,-616,-488,-92,40,184,296,472,368,364,196,-68,-176,-44,320,688,496,192,-296,-304,-616,-688,4,-152,-572,-320,-108,-132,-72,100,376,384,540,592,396,320,88,-4,100,508,600,532,140,-288,-332,-632,-216,84,-16,-72,-68,-64
5,176,28,-336,-704,-580,-84,4,52,216,400,428,248,400,-72,-192,20,268,536,724,404,-40,-196,-516,-288,128,-140,-472,-320,0,-16,-144,16,632,564,436,648,352,320,60,44,380,496,556,436,-180,-128,-300,-396,20,116,72,4
5,-136,-616,-736,-340,576,852,560,316,560,408,104,88,556,708,500,420,-56,-132,-332,-988,-160,-388,-392,-256,-40,-84,-72,144,324,740,720,228,284,124,-72,112,380,740,620,244,100,-412,308,132,-292
5,240,4,-768,-128,160,-44,16,480,544,244,440,220,140,264,348,504,612,484,-88,-12,-548,-1184,-64,164,-88,-332,-140,4,224,340,480,408,172,148,56,-16,232,368,500,268,12,-504,176,-80,-132,256,244,48
5,-388,-388,-280,48,480,676,636,400,572,304,-8,16,184,448,776,428,164,-652,-576,-704,-760,-268,-56,-184,-88,48,-12,36,328,624,484,124,408,-84,-276,-116,404,608,780,552,-524,-532,-468,-720,204,460,140,-116,96,188
6,96,172,188,212,184,264,216,276,264,228,36,-124,-216,-56,60,136,4,-308,-308,-168,-268,-216,-116,-152,-256,-244,-180,-360,-352,-412,-452,-700,-652,-576,-628,-524,-172,-76,172,136,404,632,704,464,592,504,-40,-220,-272,-636,-452,-248,-300,-288,-148,44,108,80,24,-100,-144,76,188,88,-184,-140,-44,108
6,184,188,244,264,244,264,248,264,700,852,460,224,-124,-252,-268,-200,-256,-236,72,116,96,-36,-28,-60,-136,-168,-188,-68,-84,-328,-360,-432,-632,-936,-792,-584,-196,68,276,380,472,612,556,504,460,564,524,268,156,-164,-436,-296,-96,-108,-36,92,28,92,108,84,40,0,12,80,20,108,-44,-256,-168,-116,4
6,124,180,204,276,336,544,640,948,-152,108,-124,-344,-688,-724,-232,12,-280,-180,24,-208,-500,-488,-456,-696,-732,-628,-676,-660,-488,-192,-4,80,100,432,676,552,540,580,492,412,372,432,256,52,40,-28,-260,-228,-152,20,-44,28,156,208,132,100,32,-16,-72,-68,-84,92,84,72
6,144,148,168,204,260,456,736,656,636,616,160,-716,-408,-332,-212,-72,-48,-104,-68,-132,-280,-416,-584,-656,-820,-876,-640,-400,-164,276,404,556,892,1128,872,492,268,-384,-784,-424,-344,40,156,108,-12,-100,-20,76,-40,-60,68,124,-260,-164,164,220,248
6,-176,-76,24,-24,-60,-24,20,20,-40,-56,-124,-148,-216,-312,-360,-432,-592,-952,-836,-416,-400,-440,-128,400,376,440,608,788,700,600,560,476,112,-32,-44,-232,-468,-632,-468,-240,-4,68,40,12,-136,-136,184,160,4,100,152,260
6,264,244,248,272,352,504,592,780,844,600,152,16,-156,-252,-372,-288,-160,-52,0,-8,40,88,-24,-56,-144,-368,-560,-724,-780,-640,-600,-420,-260,164,316,912,920,832,732,284,-4,-96,-176,-440,-192,-132,-148,-152,60,72,164,112,-84,-120,184,232,128,12,420,500,292
6,216,256,320,604,752,872,760,664,312,-12,-728,-772,-364,-196,-8,100,212,136,68,28,-192,-264,-380,-436,-644,-796,-600,-480,-460,-28,264,428,588,792,824,680,484,324,148,-92,-144,-288,-348,-168,-16,-80,96,0,40,128,-72,-24,64,32,-12,76,172
6,136,168,184,272,344,520,704,672,480,296,-48,-352,-672,-572,-112,-104,-88,-84,-156,-228,-484,-660,-680,-916,-856,-576,-372,-28,172,552,524,380,428,400,372,160,24,-212,-388,-492,-240,-224,-212,-128,24,68,40,40,-16,-4,172,156,168,156,408
6,168,180,232,400,344,404,704,600,316,104,-136,-244,-476,-500,-280,-200,-148,-256,-536,-544,-652,-988,-888,-408,-240,-148,-36,312,400,436,536,592,540,540,380,4,8,-136,-280,-348,-268,-252,-144,8,80,72,16,-36,36,68,188,132,308,320,308,132
6,256,204,264,288,552,636,824,788,716,24,-172,-528,-500,-512,-500,-124,44,4,-76,-248,-324,-460,-604,-856,-820,-596,-532,-264,108,188,280,452,900,1132,872,840,520,276,-124,-308,-560,-656,-376,-128,224,196,84,-24,-72,-168,-172,16,248,56,132
