1,-4,4,-4,16,20,-28,-68,-56,-120,-168,-156,-204,-420,-416,-416,-452,-408,-408,-400,-352,-384,-356,-336,-300,-256,-224,-176,-88,-44,52,80,160,172,152,152,116,48,-8,-76,-196,-244,-308,-476,-468,-512,-556,-600,-612,-660,-640,-548,-484,-452,-364,-272,-228,-200,-88,-40,96,96,192
1,120,128,136,120,108,100,84,44,28,-44,-68,-188,-224,-320,-348,-452,-516,-624,-604,-608,-616,-620,-620,-584,-580,-552,-452,-388,-316,-240,-104,-60,20,36,72,56,12,-52,-156,-236,-292,-360,-416,-484,-484,-560,-588,-560,-572,-536,-512,-460,-444,-332,-288,-196,-32,4,124,164,160,192,256,292,272
1,52,36,16,8,-4,24
1,132,128,132,140,136,124,112,140,132,52,40,48,0,-68,-92,-148,-168,-272,-340,-376,-468,-484,-564,-544,-584,-580,-524,-504,-440,-380,-312,-260,-180,-104,-48,-48,4,32,12,-52,-72,-132,-172,-232,-260,-356,-356,-444,-456,-532,-520,-520,-508,-448,-348,-284,-236,-188,-124,-68,-52,0,60,72,144,188,220,228,232,264,284,276,276,244,216
1,164,172,168,144,120,108,-8,-84,-124,-220,-288,-416,-444,-680,-732,-720,-700,-756,-752,-732,-728,-676,-644,-596,-552,-428,-352,-272,-128,-92,-20,40,40,28,24,-40,-128,-136,-272,-300,-412,-468,-500,-540,-556,-592,-564,-572,-556,-468,-408,-344,-292,-160,-148,-76,8,36,100,152,180,192,260,240,260,284,228,180
1,184,168,172,128,108,52,48,-52,-88,-116,-192,-360,-412,-404,-492,-524,-536,-580,-612,-552,-636,-596,-536,-504,-424,-304,-160,-100,44,80,116,148,160,160,108,20,-20,-84,-124,-240,-240,-348,-376,-388,-468,-484,-484,-496,-512,-484,-448,-444,-396,-264,-204,-160,-88,-52,0,40,108,168,192,220,224,240,240,224,240,232
1,136,128,140,120,100,104,60,0,-88,-128,-216,-288,-368,-484,-532,-488,-488,-536,-504,-492,-484,-416,-364,-312,-264,-132,-100,-24,8,32,56,24,0,-36,-108,-152,-244,-244,-360,-372,-448,-488,-472,-472,-500,-468,-420,-392,-312,-192,-152,-84,-24,44,52,92,136,172,184,212,216,220,232,208
1,128,196,212,200,196,124,40,0,-104,-204,-256,-336,-404,-408,-464,-480,-516,-540,-496,-516,-492,-440,-352,-228,-192,-120,-104,-40,-16,72,44,108,136,148,156,152,168,180,168
1,-160,-208,-256,-300,-480,-552,-644,-736,-768,-800,-804,-764,-732,-656,-616,-532,-500,-376,-256,-172,-124,-4,12,8,40,-4,-108,-108,-240,-244,-360,-388,-492,-528,-560,-588,-576,-572,-620,-568,-416,-252,-172,-28,-28,12,32,64,96,144,156,228,244
1,172,156,140,100,60,28,-68,-132,-212,-256,-512,-572,-628,-652,-724,-696,-712,-720,-668,-620,-596,-488,-456,-336,-272,-152,-96,-28,4,24,32,-16,-44,-164,-216,-304,-344,-436,-524,-508,-548,-548,-604,-572,-516,-460,-356,-284,-212,-180,-64,-52,32,96,120,140,124,188
2,92,84,80,84,84,76,76,80,72,76,68,64,48,48,56,76,32,88,116,128,104,212,228,436,500,752,880,1004,1056,1076,1068,1020,1024,1016,988,1012,984,932,956,960,740,716,544,448,384,344,48
2,136,136,132,104,108,52,24,88,88,112,156,228,224,340,416,484,576,788,928,992,1100,1080,1072,1088,1052,1036,1020,1008,992,968,912,916,776,676,552,448,336,228,116,72,56,-24,-88,-60,-68,-4
2,84,80,80,84,60,48,32,56,56,84,80,140,156,180,232,436,516,780,904,1040,1060,1084,1044,1040,1012,1044,1040,1004,980,976,880,816,760,688,516,464,284,244,132,-20,12,-52,-60,-24
2,16,36,100,112,160,204,260,252,284,352,420,520,676,956,1060,1204,1152,1128,1060,1016,1004,1032,964,1016,1056,956,888,828,600,496,364,188,60,80,-124,-72,-56
2,28,-12,-40,-8,-12,48,44,64,116,32,152,452,864,1032,1164,1208,1144,1116,1020,1024,1048,1000,912,952,812,684,592,512,356,200,84,24,-40,-124,-120,-108,-108,-76,-60
2,204,360,720,912,1116,1160,1180,1152,1116,1120,1132,1120,1008,924,912,660,592,496,356,192,168,4,-60
2,-64,-28,-28,4,96,72,68,140,280,528,916,1096,1176,1168,1180,1144,1144,1132,1052,920,884,740,604,488,396,304,288,80,28,88
2,20,8,-24,-36,-36,-12,-12,16,16,8,32,104,260,680,892,1176,1244,1148,1092,1088,1056,1052,940,912,764,676,472,408,288,212,12,-112,-68,-144,-232,-144
2,-36,-60,-60,-28,-4,12,48,100,156,148,124,168,440,632,1020,1184,1204,1148,1060,1020,928,988,980,936,924,840,620,608,464,364,260,76,56,-16,-24
2,92,80,60,76,72,96,80,60,76,72,76,108,176,172,212,252,260,276,280,308,480,676,864,1004,1172,1172,1116,1076,1048,1044,1028,1028,1012,1056,1100,1024,972,1056,1032,792,768,724,680,528,388,292,228,-96,-148,4,-28,-32,36,24,64,84,36,68
3,128,92,112,84,100,112,100,104,76,64,60,80,88,132,160,200,232,268,332,436,500,752,872,1104,1156,1152,1080,1060,992,960,964,952,844,924,936,952,920,936,828,732,644,528,208,72,-88,-144,-140,-180,-76,-144,-252,-232,-192,-256,-284,-244,-276,-304,-240,-264,-252,-236
3,168,164,176,172,160,160,132,160,144,172,168,136,228,376,468,856,1148,1228,1172,1132,1100,1020,1008,976,904,896,748,684,616,528,456,384,168,112,104,-224,-264,-364,-380,-300,-292,-200,-196,-240,-240,-220,-256,-244,-224,-260
3,188,136,152,132,100,80,60,160,204,196,260,556,816,976,1152,1132,1048,1028,988,960,904,856,804,764,616,524,380,500,56,36,24,-84,-52,92,132,152,112,28,-48,-116,-88,-52,-52,-24,-16,-40,-20,-20,-36,-40,-44,-36,-40,-40,-4,-24,-12,-28,-48
3,124,92,80,56,-4,-28,-28,-24,-60,64,108,284,612,804,1100,1140,1056,1076,1028,972,1016,996,1000,948,876,868,728,664,564,328,260,80,-136,-156,-156,-160,-216,-204,-164,-176,-164,-164,-136,-188,-180,-212,-192,-192,-192,-188,-176,-184,-184,-172
3,48,104,84,32,64,84,124,164,196,204,404,516,780,944,1076,1112,1032,1032,972,960,1004,1004,976,940,908,836,796,652,560,468,304,-148,-124,-188,-232,-272,-264,-280,-252,-228,-224,-220,-216,-204,-216,-192,-168,-160,-152,-140
3,124,128,80,48,56,-32,44,40,72,116,148,432,572,916,1064,1116,1072,1048,980,956,948,976,924,888,844,748,668,572,552,264,44,116,-220,-380,-320,-252,-192,-172,-100,-124,-104,-92,-108,-112,-100,-112,-120,-100
3,160,164,172,128,116,80,28,12,72,36,112,140,312,504,852,1020,1156,1136,1060,1036,984,952,992,1000,996,920,888,852,816,648,636,532,396,244,208,-68,-184,-172,-276,-172,-200,-184,-116,-144,-136,-148,-164,-168,-168,-160,-160,-164,-120,-108,-112,-120
3,152,164,160,164,148,148,160,140,140,136,64,16,0,-8,44,68,112,224,320,472,624,1024,1052,1028,1020,996,996,972,980,992,1044,1032,988,992,960,920,896,860,788,704,484,476,148,80,-36,12,-12,-132,-48,-116,-132,-152,-148,-112,-108,-44,-72,-72,-68,-72,-84,-80,-88,-92,-116,-80,-104,-112,-136
3,172,168,168,172,196,152,120,40,56,-60,-4,0,24,204,784,936,1100,1160,972,976,904,940,944,1004,1040,1004,956,948,920,844,864,760,604,508,460,120,-36,148,12,-288,-156
3,168,156,164,160,168,172,156,152,144,128,140,136,144,168,148,152,152,164,140,148,68,24,-12,-16,-8,8,144,228,576,796,1016,1060,1052,984,932,900,968,960,928,924,892,804,776,640,508,540,456,100,168,-60,-100,-64,-160,-76,-120,-116,-112,-124
4,488,344,328,124,56,-48,-112,-248,-424,-344,-132,-360,-356,-132,-148,-132,-100,-52,12,116,232,288,328,288,252,192,56,0,12,-64,-64,4,-212,-256,-284,-384,-320,-172,-128,-24,32,108,160,132,88,52,-4,-136,-140,-324,-288,-264,-296,-220,-192,-116,-152,-116,24,116,212,244,284,280,256,192,-12,-28,-108,-228,-156,-184,-304,-384,-592,-412,-308,-156,-92,56,104,184,252,320,372
4,452,412,400,332,260,0,-180,-400,-684,-812,-652,-584,-672,-636,-388,-368,-336,-320,-136,-28,92,184,256,292,208,184,84,-164,-184,-224,-288,-384,-424,-512,-512,-564,-468,-284,-148,-116,-16,68,116,100,100,116,-8,-128,-248,-288,-496,-536,-468,-496,-488,-404,-428,-396,-304,-236,-76,-16,116,176,220,164,76,-68,-116,-388,-472,-552,-708,-772,-776,-764,-708,-444,-320,-92,40,116,116,104,228,348,448
4,40,-80,-204,-328,-416,-520,-520,-960,-964,-912,-888,-680,-572,-344,-228,-84,-44,-8,-20,-100,-288,-428,-704,-736,-812,-756,-748,-732,-604,-636,-516,-420,-164,-72,104,188,192,200,64,-164,-288,-628,-788,-964,-984,-924,-876,-764,-648,-380,-260,-56,8,116,144,236,412,436,448,524
4,404,328,252,180,-20,-32,-420,-548,-904,-1176,-1172,-1120,-900,-780,-740,-644,-536,-328,-248,-32,92,256,252,220,164,-12,-128,-256,-464,-564,-884,-892,-760,-848,-768,-564,-320,-224,-72,-32,8,8,-88,-128,-204,-356,-624,-640,-600,-584,-628,-512,-456,-428,-280,-60,28,220,276,296,280,148,64,-132,-396,-648,-916,-896,-1040,-996,-772,-760,-528,-312,-60,24,172,188,248,296,264,284,404
4,404,288,88,-8,-248,-372,-580,-616,-916,-1152,-1196,-1044,-956,-836,-644,-328,-196,0,84,112,104,4,-64,-308,-460,-676,-996,-1156,-1112,-1228,-1032,-964,-692,-492,-148,-64,104,164,208,184,144,-12,-196,-288,-620,-604,-700,-716,-620,-612,-564,-400,-336,-192,-108,80,128,164,136,40,-40,-364,-540,-852,-976,-1048,-972,-1012,-904,-828,-484,-300,-64,36,248,280,268,312,336,308,364,392,336,352,364
4,184,176,16,-140,-532,-676,-956,-1224,-1600,-1560,-1336,-1280,-868,-668,-324,-220,-28,56,52,60,52,-80,-180,-456,-580,-880,-916,-1152,-1140,-1024,-1052,-852,-656,-252,-100,116,188,264,224,164,-24,-192,-408,-636,-684,-896,-796,-796,-916,-836,-688,-644,-392,-268,-32,96,208,244,232,64,-32,-336,-532,-836,-936,-1004,-1056,-976,-836,-612,-500,-252,-104,92,136,276,344,384,480,524,516,552
4,252,168,76,-36,-344,-504,-744,-796,-936,-876,-840,-664,-516,-224,-96,32,156,324,328,320,308,204,92,-160,-320,-528,-600,-880,-896,-812,-708,-556,-308,-180,-4,64,160,172,136,64,-140,-228,-448,-564,-500,-516,-608,-548,-520,-548,-456,-292,-124,84,164,276,292,220,208,16,-80,-480,-640,-852,-912,-824,-904,-828,-596,-492,-188,-12,164,208,308,292,216,228,360
4,300,264,104,52,-124,-288,-584,-668,-1048,-996,-916,-756,-612,-356,-220,-12,64,152,160,136,120,-44,-136,-440,-536,-976,-1192,-1180,-1140,-1032,-744,-516,-248,-148,-4,68,-8,-84,-300,-468,-828,-920,-904,-848,-888,-748,-656,-608,-488,-288,-176,52,112,196,220,192,104,-184,-404,-760,-964,-1104,-1012,-928,-892,-776,-648,-336,-100,-32,148,164,252,284
4,208,80,-24,-576,-760,-928,-1072,-1244,-1224,-940,-876,-684,-324,-160,-16,100,208,236,216,172,0,-140,-680,-888,-1224,-1376,-1176,-1204,-1208,-904,-692,-316,-136,96,172,152,124,-52,-196,-544,-656,-688,-756,-824,-780,-680,-808,-656,-312,-124,152,220,280,300,248,96,-204,-448,-832,-1004,-1280,-1104,-1004,-940,-744,-484,-184,24,104,200,248,416,464,512,548
4,64,-20,-384,-612,-848,-892,-960,-888,-688,-608,-508,-428,-152,104,188,248,240,204,168,-132,-320,-676,-876,-1400,-1428,-1252,-1160,-1412,-496,-424,-96,0,148,132,32,-28,-252,-480,-820,-916,-1024,-912,-848,-888,-572,-512,-236,-112,60,228,240,240,244,-20,-168,-472,-744,-1132,-1280,-1036,-1000,-936,-1160,-244,-248,0,92,216,268,280,340,424,472,420
5,188,192,164,112,80,-56,-108,-32,-88,-180,-184,-16,220,928,1176,1284,1232,1180,1176,1128,924,888,768,456,296,184,-188,-116,-244,-236,-160,-180,-52,-80,-92,-208,-188,-260,-244,-156,-132,-244,-188,-20,156,840,1264,1048,1340,1200,1216,1224,1032,780,376,140,-156,-348,-508,-384,-276,-324,-12,-20,28
5,-492,-484,-492,-432,-240,-400,-344,-252,-320,-328,-248,-224,-224,152,424,960,1216,1440,1484,1336,1300,1036,820,456,296,-136,-260,-352,-372,-252,-52,-40,16,56,-4
5,32,-24,-16,-52,-76,-112,-204,-256,-240,208,612,1288,1260,1304,1224,1124,1032,672,396,228,-336,-448,-680,-736,-364,-364,-416,-328,-408,-340,-332,-372,-332,-300,-224,-224,88,620,1040,1356,1312,1272,1224,1100,880,524,368,108,-72,-344,-416,-168,-156,-52,52
5,428,188,-452,-648,-688,-736,-692,-356,-372,-452,-476,-308,-400,-372,-344,-352,-316,-152,72,720,1236,1404,1272,1232,1188,960,528,372,-84,-364,-556,-660,-484,-360,-332,-176,68,40,56,112,108
5,-132,216,1468,1468,1456,1300,1156,1004,512,324,28,-208,-632,-488,-468,-284,-336,-176,-156,-276,-224,-356,-300,-368,-384,-364,-316,-72,216,1172,1336,1316,1368,1232,1228,880,684,304,28,-356,-476,-456,-304,-304,-156,-136,-68,-28,-4
5,-268,-304,-472,-496,-628,-772,-920,-744,272,924,1444,1464,1068,984,576,260,-216,-428,-756,-816,-1020,-444,-508,-516,-452,-400,-508,-648,-704,-700,-668,-500,-228,612,1168,1388,1212,1148,1060,912,424,160,-776,-1252,-976,-1008,-356,-352,-268,-156,68,-88,-56
5,8,-32,-344,-348,-380,-576,-640,-744,-724,-52,556,1452,1352,1172,1092,1024,624,-88,-492,-1588,-952,-1268,-964,-408,-584,-484,-340,-524,-720,-764,-768,-844,-668,-288,816,1496,1336,1388,1096,1064,652,372,-256,-1464,-1080,-1252,-1068,-312,-328,-156,-28,-8
5,-364,-492,-588,-824,-956,-756,600,1296,1488,1436,1132,1012,416,112,-596,-1376,-1016,-1168,-1048,-580,-376,-600,-432,-676,-796,-840,-816,-964,-728,92,576,1820,1488,1232,1156,732,516,-108,-428,-1160,-940,-444,-672,-584,-92
5,-292,-316,-572,-664,-872,-1000,-1024,-408,276,1284,1328,1312,1144,808,504,-160,-636,-1476,-1368,-1200,-1140,-668,-444,-700,-724,-804,-1144,-1200,-1020,-712,276,844,1660,1200,1216,1060,512,260,-532,-1920,-1304,-1076,-1192,-880,-452,-104,-124,-36
5,-584,-648,-804,-916,-840,-400,636,1436,1124,1364,1032,1000,688,392,-212,-1384,-1196,-992,-1064,-792,-476,-748,-608,-648,-796,-1004,-980,-844,-720,20,608,1656,1028,1308,1092,1016,456,88,-800,-1760,-928,-980,-1044,-516,-184,-188,-4,140,64,20
6,-52,-84,-68,-64,-64,-56,-32,-56,-24,-52,-60,4,128,208,276,356,328,300,264,216,248,288,312,328,356,368,352,392,360,372,400,520,564,592,552,484,236,156,68,-20,-280,-236,-316,-404,-436,-340,-136,80,56,196,208,260,164,164,104,104,112,132,132,148,124,72,116,84,72,4,-56,-196
6,-156,-168,-240,-240,-268,-332,-452,-436,-488,-484,-220,-132,-52,76,252,236,244,208,176,244,256,276,272,284,280,272,280,280,296,304,320,416,492,520,584,512,196,52,-256,-248,-336,-392,-300,-352,-340,-244,-416,-256,-44,-112,60,88,148,144,92,76,72,28,52,64,64,40,44,52,60,56,140,256,136,-48,-356
6,-128,-196,-232,-308,-352,-344,-268,-300,20,-40,60,60,220,308,408,400,496,440,400,384,352,336,416,504,512,492,472,520,472,340,192,68,16,-120,-188,-132,-168,-276,-224,-284,-384,-260,-264,-232,-32,12,52,48,144,112,60,4,-20,-28,0,12,52,92,100,116,108,36,-76,-296
6,-292,-340,-396,-432,-428,-464,-488,-380,-348,-272,-220,4,156,220,212,176,176,184,244,252,300,300,404,504,508,492,316,232,-48,-264,-336,-556,-680,-632,-672,-604,-272,-124,-88,-8,108,64,108,76,48,28,36,24,48,56,-40,-76,-124,-180,-344,-432,-660
6,72,60,212,176,192,196,240,232,228,216,236,236,252,288,316,448,528,616,512,456,384,216,52,-192,-160,-332,-344,-188,-276,-240,-176,16,-140,-100,188,252,96,112,216,164,68,56,72,60,80,56,40,56,-48,-216,-292,-524
6,-256,-280,-292,-344,-392,-496,-552,-492,-396,-284,-112,-36,60,84,136,148,148,120,212,236,208,216,208,208,224,260,320,444,520,424,316,100,0,-184,-316,-516,-348,-512,-568,-236,-172,116,172,140,120,132,52,12,4,16,0,8,56,72,28,-8,-248,-388,-916,-1104,-1088
6,-480,-636,-716,-820,-756,-724,-432,-328,-56,0,104,168,44,76,160,128,184,224,236,224,176,180,256,308,440,484,456,308,244,-20,-148,-312,-448,-424,-460,-500,-400,-120,-84,0,220,136,76,92,68,-8,-8,4,-24,12,148,120,80,80,-168,-328,-648
6,-444,-480,-592,-644,-768,-836,-712,-604,-272,-160,48,116,128,80,144,136,168,184,184,148,208,280,372,496,488,384,268,108,16,-252,-220,-244,-420,-484,-456,-376,-260,-48,4,76,108,76,68,56,32,28,72,80,88,-8,-316,-548,-976,-1132,-1284
6,-348,-436,-496,-576,-588,-528,-412,-364,-140,24,100,112,128,44,28,80,116,108,168,216,248,396,324,296,224,80,-68,-184,-260,-404,-420,-508,-476,-496,-292,-248,-184,-68,-24,16,16,40,-28,-28,-4,-32,-8,16,-4,-84,-136,-200,-540,-672,-876,-1012
6,-408,-448,-564,-676,-752,-712,-556,-472,-292,-56,-56,116,152,124,120,96,120,188,168,180,204,216,280,416,384,424,352,164,28,-88,-284,-280,-496,-532,-276,-368,-248,-116,-84,-24,192,212,208,204,104,108,20,16,40,100,104,72,-4,-148,-472
