1,-164,-216,-284,-304,-420,-404,-472,-460,-488,-492,-512,-484,-484,-460,-440,-408,-296,-288,-212,-184,-124,-88,-64,-36,-64,-56,-80,-124,-140,-176,-204,-244,-260,-332,-384,-348,-356,-424,-448,-436,-404,-376,-380,-344,-344
1,-96,-120,-244,-260,-332,-352,-476,-480,-512,-564,-480,-476,-448,-396,-376,-292,-256,-204,-184,-96,-72,-52,-12,-4,-4,-16,-44,-36,-72,-88,-196,-164,-212,-288,-208,-344,-380
1,-592,-580,-564,-520,-448,-424,-328,-280,-248,-136,-104,-24,-16,-20,-24,-56,-84,-84,-112,-156,-176,-220,-224,-252,-324,-324,-440,-488,-480,-520,-480
1,-680,-604,-564,-504,-404,-340,-288,-256,-172,-148,-60,-68,-28,-60,-84,-92,-152,-172,-204,-252,-232,-320,-336,-388,-472,-424,-456,-488,-492,-576
1,-420,-488,-560,-568,-688,-728,-736,-708,-704,-676,-620,-604,-504,-412,-344,-256,-216,-120,-76,-44,-20,24,-36,-56,-88,-220,-200,-392,-440,-472,-528,-532,-548,-640,-680,-648,-652,-592,-492,-500,-432,-408
1,-656,-652,-552,-436,-380,-284,-260,-136,-80,-24,-32,-44,-60,-152,-208,-324,-388,-428,-428,-516,-468,-528,-508,-508,-560,-520,-564,-584,-568,-548,-512,-552,-388,-388,-332,-284
1,-652,-732,-756,-764,-768,-796,-788,-728,-716,-584,-568,-452,-372,-252,-208,-100,-92,-40,-48,-72,-104,-108,-220,-228,-296,-328,-344,-368,-432,-448,-476,-512,-564,-572,-640,-600,-656,-576,-632,-576,-512
1,-168,-112,-68,-68,-100,-124,-136,-204,-252,-340,-340,-432,-452,-476,-528,-504,-580,-628,-688,-680,-720,-712,-748,-724,-584,-552,-496
1,-76,-88,-96,-120,-132,-172,-256,-320,-348,-436,-444,-496,-516,-536,-540,-592,-608,-632,-568,-580,-536,-532,-512
2,-48,-44,48,92,176,248,380,412,508,548,668,740,888,908,1044,1064,1112,1028,1052,1052,1052,1124,1020,1024,1012,796,716,684,580,396,424,192,92,56,-8,-104
2,-56,-116,-172,-220,-176,-148,-168,-28,20,48,132,268,320,444,588,680,768,840,984,1016,1104,1160,1172,1160,1108,1088,1036,992,888,892,684,616,508,288,248,64,0,-112,-156
2,1004,1020,1056,1056,1076,1028,1044,1108,1040,1032,988,868,744,632,604,380,336,228,124,52,56,-40,36,-12
2,400,520,576,660,660,748,784,828,884,932,980,1028,1068,1068,1036,1040,1028,988,976,904,784,744,688,628,520,460,360,260,220,196,36,28,-32,40
2,-92,-20,8,92,124,220,276,372,440,524,596,680,712,788,868,940,1016,1028,1096,1080,1064,1032,1000,1024,888,812,668,536,408,392,208,188,216,16,64,44
2,68,128,228,280,424,488,556,608,688,728,744,784,884,908,952,1004,1020,1068,1060,1036,1048,1020,1036,1032,984,940,864,692,672,684,576,492,404,316,260,248,68,116,0,-100
2,-40,-68,-76,-116,-116,-88,-64,-36,76,120,208,272,468,568,676,776,812,820,884,904,924,936,1032,1068,1100,1092,1104,1076,1064,936,868,788,724,608,568,360,316,220,100
2,-180,-188,-208,-64,-20,60,84,188,344,376,488,516,588,636,696,780,860,892,1028,1060,1132,1124,1068,1068,1024,992,860,776,712,588,556,444,336,344,268,188,144,64,56
2,124,224,300,384,500,536,608,652,804,860,900,1004,1052,1088,1152,1116,1072,1072,1076,972,916,852,760,652,664,456
2,-96,-72,-16,148,156,284,388,516,592,656,716,756,764,840,864,924,1004,1040,1144,1176,1156,1180,1092,1028,984,904,760,704,596,480,456,336,200,164,0,-148,-128,-132,-160,-152,-164
3,-128,-132,-168,-228,-224,-164,-156,-132,-64,-24,68,156,280,376,584,740,944,1028,1096,1144,1128,1068,1048,1020,884,860,788,648,612,536,524,240,104,-32,-68,-324,-520,-612,-720,-728,-552,-480,-524,-516,-536,-532,-556,-512,-556
3,-56,-72,-164,-208,-92,-128,-92,-48,0,120,180,352,440,696,824,1000,1044,1100,1092,984,952,880,844,736,628,560,384,244,168,64,-228,-308,-288,-296
3,-36,40,116,244,360,576,632,840,928,1020,1068,1052,1084,1096,1068,1072,1004,968,900,844,740,712,624,580,436,388,136
3,-112,-140,-180,-232,-256,-240,-240,-168,-140,-44,-4,132,228,264,320,464,576,688,960,988,1120,1148,1120,1088,1036,968,836,820,728,684,584,560,472,288,144,-60,-192,-340,-508,-584,-652,-544
3,-140,-164,-176,-148,-232,-220,-248,-228,-184,-164,-88,-76,16,48,184,260,444,512,748,808,968,1020,1092,1076,1080,1080,1036,956,888,768,728,572,540,492,416,268,112,-96,-160
3,-248,-228,-204,-176,-116,40,64,132,200,288,360,516,596,768,796,980,1048,1092,1128,1120,1096,1012,956,836,720,652,568,512,540,428,256,196,44,-160,-476,-492,-616
3,140,256,300,472,620,700,876,936,1052,1068,1120,1116,1060,1072,972,884,804,736,644,608,460,432,336,80,40,-136,-280,-360,-416,-532,-492,-436,-484,-424,-416,-452
3,688,784,844,916,960,1056,1112,1128,1108,1080,996,920,756,688,600,556,532,556,288,292,84,-8,-128,-168,-428,-528,-448,-444,-384
3,-4,-12,-32,-72,-128,-148,-232,-248,-224,-248,-176,-140,-48,8,64,144,192,336,376,520,604,716,796,900,960,1072,1092,1104,1112,1068,1048,940,764,724,584,496,408,308,128,88,-192,-252,-528,-556,-308,-292,-268,-244,-256,-320,-300,-332
3,-40,0,60,124,224,364,492,540,568,728,768,824,876,996,1028,1064,1032,1040,1012,916,860,756,704,640,512,472,388,280,56,48,-344,-488,-580,-604,-564,-564
4,-60,-204,-376,-588,-716,-1024,-1096,-1320,-1272,-1144,-1024,-712,-600,-392,-312,-112,-36,16,32,-60,-148,-292,-332,-384,-512,-572,-848,-888,-1164,-1200,-908,-828,-672,-600,-400,-348,-324,-396,-536,-628,-660,-952,-1016,-1048,-988,-788,-700,-592,-408,-200,-112,12,48,36,60,52,-12,-132,-300,-372,-520,-672,-768,-880,-968,-928,-1044,-912,-812,-732
4,20,-4,-208,-308,-468,-548,-612,-652,-728,-896,-872,-836,-792,-720,-656,-500,-412,-228,-160,-52,0,32,76,16,8,-32,-84,-176,-348,-356,-436,-516,-508,-540,-648,-744,-888,-896,-784,-704,-632,-572,-512,-488,-524,-508,-520,-544,-596,-828,-872,-892,-832,-772,-684,-524,-436,-292,-200,-132,-92,-28,-24,-8,-4,-104,-208,-256,-396,-464,-536,-604,-728,-732,-832,-812,-704,-624,-496,-460,-308,-240,-200,-176
4,-272,-372,-496,-596,-740,-740,-1000,-1048,-1056,-1012,-884,-612,-472,-272,-244,-120,-52,-28,-24,-76,-168,-284,-440,-472,-496,-596,-684,-1040,-1072,-1140,-876,-772,-772,-744,-656,-652,-724,-852,-1164,-1268,-1336,-1328,-1068,-988,-584,-484,-300,-116,-76,-44,-44,-128,-232,-400,-508,-660,-792,-1072,-1060,-1144,-1132,-824,-668,-548,-488
4,-528,-520,-680,-824,-1096,-1172,-1256,-1216,-1100,-1016,-756,-640,-408,-272,-124,-84,-40,-72,-276,-484,-612,-616,-812,-1096,-1240,-1208,-1196,-976,-876,-816,-796,-776,-768,-864,-996,-1312,-1440,-1468,-1296,-1096,-624,-532,-268,-144,40,84,24,-72,-332,-484,-684,-780,-1096,-1188,-1328,-1276,-1152,-788,-704,-504,-372,-252,-212
4,-68,-232,-300,-468,-612,-808,-944,-1184,-1276,-1388,-1300,-1164,-1084,-796,-692,-484,-464,-252,-120,-68,-96,-148,-332,-460,-560,-668,-928,-964,-1192,-1244,-1188,-1120,-1020,-856,-852,-736,-532,-420,-368,-412,-512,-792,-944,-1160,-1332,-1360,-1276,-1156,-1036,-740,-656,-332,-240,-104,-40,4,-28,-108,-364,-484,-668,-744,-896,-948,-1088,-1180,-1120,-1060,-908,-812,-636,-568,-436,-220,-204
4,-112,-188,-456,-536,-748,-928,-1240,-1372,-1692,-1676,-1644,-1500,-1372,-1084,-924,-644,-512,-272,-224,-152,-156,-260,-328,-540,-636,-852,-896,-972,-1196,-1348,-1576,-1472,-1136,-1008,-828,-740,-572,-524,-456,-452,-444,-528,-764,-900,-1132,-1480,-1444,-1344,-1236,-888,-744,-472,-348,-196,-132,-80,-104,-196,-260,-496,-644,-820,-888,-928,-1004,-1128,-1280,-1312,-1116,-976,-676,-632,-512,-420,-292,-220,-52
4,-1140,-1260,-1224,-1152,-1096,-1024,-800,-728,-524,-472,-236,-132,-60,-124,-176,-408,-452,-644,-636,-796,-896,-1156,-1192,-1300,-1096,-916,-900,-840,-696,-512,-376,-392,-512,-636,-920,-1072,-1332,-1476,-1368,-1284,-1092,-916,-708,-580,-376,-248,-160,-104,-40,-88,-144,-376,-436,-584,-592,-616,-696,-948,-1108,-1192,-1128,-884,-756,-612,-536,-328,-276,-232,-140
4,-176,-16,-16,-172,-308,-556,-628,-748,-816,-1160,-1196,-1204,-1120,-1056,-924,-928,-844,-700,-480,-396,-396,-376,-600,-740,-1048,-1096,-1432,-1460,-1424,-1304,-1084,-932,-628,-492,-352,-252,-100,-56,0,-32,-224,-496,-620,-680,-748,-884,-952,-1116,-1212,-1116,-1016,-836,-744,-620,-552,-320,-296,-216,-152,-100
4,-712,-788,-908,-1152,-1332,-1332,-1284,-1080,-884,-868,-692,-568,-396,-328,-348,-460,-760,-888,-1156,-1324,-1464,-1536,-1532,-1328,-1164,-804,-620,-328,-216,-80,-28,-20,-36,-168,-272,-452,-544,-768,-880,-1000,-1072,-1144,-1056,-1048,-828,-732,-616,-504
4,-188,-376,-444,-716,-740,-1000,-1116,-1300,-1372,-1296,-1276,-1020,-908,-576,-472,-244,-128,-96,-48,-72,-208,-348,-512,-564,-788,-944,-1148,-1272,-1320,-1384,-1148,-920,-804,-728,-516,-388,-420,-544,-664,-864,-952,-1176,-1304,-1308,-1224,-924,-828,-644,-464,-256,-164,0,52,120,40,-32,-264,-368,-492,-608,-788,-916,-1052,-1104,-1152,-1036,-820,-740,-548,-512,-344
5,-100,-188,-216,-172,-224,-200,-208,-232,-188,-104,164,320,820,1104,1204,1260,1220,1144,936,848,524,360,76,-84,-200,-304,-328,-308,-316,-472,-388,-504,-432,-440,-420,-380,-392,-352,-256,-36,76,532,1080,1256,1312,1336,1156,1104,896,724,320,184,-160,-188,-376,-504,-152,-192,-204,-152,-100,-80
5,-488,-372,-432,-316,-320,-312,-288,-252,-232,-152,-32,272,512,1084,1260,1352,1352,1240,1204,960,784,416,48,-112,-188,-172,-332,-200,-24
5,184,412,1052,1164,1176,1224,1156,1028,792,616,212,-228,-320,-552,-588,-772,-888,-576,-704,-556,-504,-488,-496,-508,-504,-512,-456,-252,-92,336,1008,1240,1336,1280,1168,1084,800,596,232,24,-220,-212,-400,-468,-356,-336,-248,-244
5,-160,-52,36,356,508,968,1136,1180,1196,1184,1108,932,812,400,160,-336,-464,-592,-656,-576,-600,-512,-536,-496,-356,-416,-396,-360,-456,-460,-252,-176,208,560,1224,1356,1348,1308,1116,1044,764,488,288,-60,-120,-212,-340,-268,-340,-196,-128
5,144,360,516,896,988,1160,1140,1100,1144,1016,888,548,320,-368,-708,-692,-756,-672,-524,-696,-452,-480,-388,-372,-404,-396,-316,-288,-276,-156,116,264,876,1228,1340,1376,1260,992,796,460,252,-160,-256,-328,-440,-500,-336,-352,-280
5,688,1064,1148,1200,1244,1160,1008,684,488,0,-240,-608,-716,-900,-768,-804,-612,-612,-504,-448,-492,-424,-372,-352,-336,-316,-136,-16,372,612,1096,1236,1248,1168,1124,824,672,300,32,-312,-312,-468,-484,-376,-344,-480,-364,-300,-320,-196
5,-176,-224,-220,-148,24,184,844,1276,1340,1412,1296,1124,1028,768,592,128,-136,-552,-736,-852,-692,-656,-628,-544,-520,-472,-448,-456,-380,-392,-392,-348,-96,60,432,696,1180,1248,1252,1236,1088,972,696,512,84,-332,-344,-500,-552,-540,-632,-292,-284,-316,-256,-152
5,-32,-48,-12,80,156,400,520,816,936,1100,1144,1152,1160,1036,948,568,308,-136,-304,-556,-756,-884,-816,-676,-676,-532,-412,-480,-448,-368,-264,-240,-44,96,320,508,952,1128,1276,1256,1136,952,844,528,436,116,-184,-436,-396,-284,-340,-244,-248,-252,-212,-160,-168,-72
5,484,784,900,1048,1132,1156,1132,1140,916,784,420,144,-384,-432,-532,-500,-544,-472,-416,-456,-524,-436,-368,-408,-344,-324,-312,-228,-168,92,276,648,876,1292,1300,1296,1216,1040,952,744,588,288,72,-308,-496,-588,-400,-328,-308,-264,-168
5,160,432,588,1012,1172,1196,1232,1140,844,712,444,164,-528,-616,-600,-584,-360,-396,-360,-424,-388,-348,-292,-332,-292,-304,-280,-188,-92,160,368,816,1000,1228,1200,1152,1092,948,796,524,392,-4,-132,-284,-296,-308,-328,-304,-292,-276
6,-288,-272,-280,-304,-312,-304,-248,-300,-316,-316,-220,-148,-92,-16,0,40,16,-40,-8,36,68,-4,72,36,28,136,64,116,148,16,336,108,256,244,52,232,108,40,80,-44,4,-40,-48,-8,-24,-48,-96,-80,-188,-324,-324,-436,-492,-632,-632,-612,-588,-544,-524,-512,-496
6,-500,-500,-500,-484,-460,-408,-392,-316,-224,-68,-28,64,80,112,128,156,160,148,140,164,60,8,20,0,-240,-216,-260,-176,-280,-208,-256,-208,-132,-168,-136,20,-8,52,80,-56,-68,-164,-252,-264,-392,-476,-540,-688,-704,-804,-876,-776,-604
6,-476,-508,-584,-612,-564,-524,-300,-232,-112,-64,68,124,204,220,176,136,92,96,24,-48,-84,-4,-152,-204,-252,-284,-304,-352,-224,-316,-300,-196,-148,-84,12,-16,-8,-24,-72,-40,-172,-168,-364,-364,-520,-632,-748,-760,-804
6,-84,-28,48,64,136,96,40,116,116,108,148,208,252,160,140,192,124,104,148,8,-64,-192,-252,-192,-512,-452,-484,-596,-396,-392,-400,-300,-200,-156,-92,-52,-40,-68,-136,-184,-268,-396,-440,-556,-588,-644,-692,-668,-664,-652
6,-316,-276,-308,-264,-220,-140,-72,140,148,156,192,88,76,24,8,52,40,52,104,164,-80,-136,-128,-252,-292,-256,-348,-404,-264,-300,-164,-120,-8,44,32,56,-16,-40,-132,-216,-184,-296,-348,-436,-496,-668,-696,-780,-784,-756
6,-640,-676,-660,-632,-548,-360,-344,-188,-88,-36,32,96,104,164,164,92,96,48,112,128,-28,-24,100,28,-4,64,16,32,-148,-128,-264,-292,-172,-216,-148,-104,-44,-4,12,4,-32,-4,-28,-216,-208,-408,-512,-724,-852,-972,-948,-860,-784,-704,-648,-568,-548
6,-300,-152,-76,68,68,180,228,264,184,164,156,160,100,16,56,48,-156,-192,-208,-132,-188,-240,-4,-296,-224,-232,-264,-216,-200,-136,-116,-72,-80,-48,-32,-100,-116,-256,-448,-600,-768,-852,-940,-920,-848,-792,-744,-700,-656,-604
6,-436,-444,-472,-548,-616,-644,-616,-524,-368,-272,-148,-36,28,52,164,184,152,144,124,124,108,48,60,-76,-80,-140,-224,-300,-312,-328,-428,-448,-476,-440,-368,-260,-180,-40,-44,-32,-72,-84,-180,-240,-368,-412,-572,-584,-668,-716,-700,-708,-672,-652,-656,-632
6,-380,-244,-212,-132,-68,32,128,180,208,212,180,168,200,124,16,80,-48,-100,-256,-372,-316,-408,-380,-424,-540,-400,-396,-332,-280,-160,-144,-68,-12,-32,-60,-64,-140,-244,-312,-528,-600,-768,-820,-824,-856,-820,-724,-688,-712,-720,-684,-656
6,-444,-496,-532,-608,-508,-456,-284,-216,-112,-36,112,124,92,140,176,140,80,72,92,72,32,-72,-140,-84,-156,-276,-244,-292,-296,-356,-244,-308,-260,-148,-124,-32,-40,-84,-88,-76,-144,-148,-268,-416,-620,-724,-756,-764,-652,-660
1,-116,-84,-100,-124,-160,-152,-116,-128,-184,-276,-328,-364,-428,-512,-500,-592,-652,-728,-692,-728,-648,-604,-464,-376,-224,-124,4,64,60,28,12,-44,-132,-188,-352,-408,-512,-596,-668,-716,-836,-932,-1056,-1128,-1128,-960,-864
1,-192,-280,-436,-520,-660,-772,-800,-836,-960,-976,-812,-700,-544,-452,-300,-220,-44,40,96,132,128,28,-12,-180,-300,-448,-548,-744,-820,-1088,-1096,-1288,-1336,-1264,-1172,-880,-752,-476,-372,-140,8,108
1,56,-48,-124,-320,-468,-712,-772,-1016,-1040,-1156,-1220,-1284,-1400,-1320,-1068,-940,-624,-516,-248,-136
1,-284,-504,-564,-660,-760,-876,-1008,-1024,-1120,-1052,-920,-732,-496,-344,-88,28,180,188,72,20,-208,-312,-592,-788,-888,-1188,-1248,-1440,-1508,-1556,-1520,-1292,-1048,-716,-564
1,-436,-384,-632,-788,-940,-1020,-1104,-1192,-1128,-1152,-928,-876,-652,-508,-260,-96,72,48,40,-128,-188,-436,-552,-792,-896,-1196,-1312,-1588,-1632,-1660,-1612,-1304,-1120,-760,-596,-360
1,-552,-680,-928,-1080,-1236,-1464,-1532,-1692,-1680,-1432,-1308,-996,-820,-512,-396,-168,-60,52,32,104,84,84,108,52
1,-40,-56,-228,-276,-496,-620,-920,-960,-1168,-1296,-1424,-1452,-1400,-1328,-1160,-1028,-776,-496,-404,-232,-108,28,84
1,-1064,-1116,-1388,-1468,-1492,-1440,-1264,-1112,-824,-660,-376,-252,-20,76,132,116,268,276
1,-1132,-1120,-1020,-940,-844,-764,-488,-376,-160,-48,-16,-4,-104,-164,-284,-360,-620,-752,-916,-1004,-1272,-1344,-1436,-1516,-1464,-1276,-984,-828,-504,-392,-220,-108,88,124,176
1,-1144,-1252,-1348,-1504,-1508,-1456,-1340,-1076,-960,-608,-464,-316,-176,8,32,96,136
2,-276,-404,-464,-484,-436,-364,-240,-160,20,120,320,420,672,796,972,1020,1116,1180,1156,1156,1024,956,748,600,540,364,240,80
2,-276,-320,-296,-292,-296,-312,-304,-300,-304,-316,-336,-364,-452,-500,-532,-516,-484,-444,-344,-268,-180,-88,36,112,252,296,432,488,696,804,956,1068,1088,1116,1088,1060,1040,960,868,652,544,264,120,-88,-220,-468,-600,-520,-412,-300,-232,-240,-184
2,-288,-292,-292,-288,-288,-292,-312,-332,-420,-468,-596,-636,-680,-636,-484,-408,-340,-200,-104,4,104,312,444,740,856,1024,1120,1204,1216,1184,1080,976,892,628,508,324,244,-8
2,-388,-392,-388,-452,-492,-600,-620,-532,-488,-388,-316,-196,-68,108,200,376,652,792,1000,1064,1140,1128,1092,1052,896,848,728,592,384,352,80,-20
2,-160,-184,-248,-284,-268,-260,-204,-156,-76,-36,0,164,220,368,420,540,660,812,924,1048,1100,1112,1092,1072,1072,1040,1024,976,872,816,652,580,448,412
2,864,912,1004,1012,1020,1028,1044,1036,1012,952,904,712,616,496,416,204,136,24,-112,-188
2,-196,-220,-244,-252,-316,-344,-488,-504,-496,-464,-332,-304,-244,-196,-44,56,164,316,420,680,828,1052,1080,1068,1048,1040,1008,924,876,740,624,576,492,340,272
2,-232,-252,-288,-320,-424,-468,-448,-408,-296,-256,-156,-96,72,156,300,356,552,716,788,944,1004,1028,1024,1000,1000,1028,1004,960,900,776,732,508,512,300,196,160
2,92,168,232,316,392,560,684,928,1000,1024,1020,1028,1024,1024,924,876,764,676,512,444,296,184,-52,-64,-344,-316,-256
2,312,412,484,500,568,704,792,984,1008,1028,1028,1012,1008,1008,996,964,908,756,704,624,516,476,232,224
3,-324,-348,-404,-404,-408,-352,-228,-188,0,64,176,268,348,420,524,604,760,896,944,928,928,928,936,924,888,824,820,736,636
3,-132,-132,-136,-164,-160,-248,-284,-372,-376,-376,-388,-356,-272,-220,-112,-64,48,108,240,284,388,408,500,540,684,792,932,960,992,984,980,1000,996,976,988,892,912,832,800,732,724,544,472,384,344,-24,-108,-284,-676,-572,-512,-336,-208,-256,-268,-296,-288,-300,-332,-324,-304,-324,-288
3,-228,-256,-260,-212,-200,-96,-36,80,156,248,308,372,464,628,752,888,924,904,876,920,944,964,892,912,824,780,684,648,516,416,172,180,-128,-284,-392,-536,-452,-384,-260,-272,-280,-320,-304,-320,-292,-320,-276,-280,-292,-260
3,-176,-200,-228,-260,-280,-280,-300,-308,-284,-308,-320,-328,-356,-372,-316,-324,-264,-264,-160,-80,56,104,216,256,396,468,532,632,760,788,840,896,908,916,952,992,972,912,864,792,748,692,592,512,480,236,136,200,140,104,16,-104,-348
3,-44,-48,-24,-32,-36,-48,-68,-64,-124,-120,-120,-112,-120,-124,-176,-184,-128,-108,-84,-60,12,48,100,204,240,348,392,472,504,628,664,764,812,896,884,884,904,952,944,920,884,812,792,696,548,440,256,168,-72,-236,-412,-344,-548,-340,-172,-344
3,-104,-108,-136,-144,-176,-248,-288,-284,-296,-328,-308,-248,-224,-140,-44,96,140,272,360,412,460,552,768,856,980,1024,1032,976,964,988,1000,988,1008,960,892,872,804,772,628,576,416,36,-204,-232,-372,-484,-428,-504,-404,-224,-280,-244,-264,-276,-260,-276,-268,-268,-264,-260,-244,-256,-248,-256,-248,-244,-252,-256,-256
3,-220,-216,-200,-188,-196,-188,-184,-200,-188,-208,-220,-248,-292,-296,-280,-220,-176,-80,-20,120,176,292,356,500,548,692,792,848,860,856,840,900,912,956,924,904,864,812,740,688,652,632,412,280,180,84,-300,-324,-608,-516,-404,-364,-296,-296,-348,-348,-356,-320,-332,-344,-348,-304,-312,-300,-288,-280,-304,-292,-280,-288,-276,-280
3,12,20,32,20,-16,-64,-108,-128,-164,-156,-152,-176,-256,-308,-284,-224,-160,-96,12,84,260,320,428,624,728,956,1004,976,944,912,944,960,916,896,872,772,732,612,548,388,252,16,-200,-688,-864,-704,-388,-296,-268,-276,-316,-332,-324,-300,-316,-320,-324,-332,-324,-324
3,-160,-192,-208,-292,-280,-232,-232,-104,-80,0,72,160,240,352,372,456,540,732,848,920,900,856,912,952,980,980,924,904,872,808,720,704,620,560,404,304,48,-104,-628,-756,-996,-668,-480,-360,-376,-420,-408,-412,-408,-372,-384,-380,-380,-352,-348,-340,-340,-328,-324
3,-112,-96,-120,-144,-180,-220,-232,-260,-264,-308,-316,-340,-336,-292,-244,-184,-144,16,16,164,216,276,340,512,596,640,736,836,916,956,1004,1024,1008,988,1028,1036,996,968,880,824,692,656,544,420,256,-8,-132,-320,-400,-816,-912,-616,-544,-396,-408,-508,-496,-448,-480,-448,-492,-460,-456,-400,-360,-336
4,-196,-256,-276,-280,-280,-432,-548,-676,-704,-700,-796,-888,-760,-652,-548,-476,-320,-244,-156,-148,-120,-136,-152,-160,-280,-336,-460,-484,-612,-744,-752,-916,-1012,-940,-924,-788,-688,-444,-304,-176,-144,-124,-212,-492,-388,-344,-384,-372,-384,-300,-332,-444,-500,-492,-304,-128,-60,-48,-84,-120,-228,-280,-404,-512,-672,-744,-904,-920,-1000,-980,-740,-412,-248,-60,-16
4,-204,-296,-320,-456,-512,-516,-440,-548,-676,-624,-500,-440,-312,-252,-100,-108,-148,-180,-256,-284,-520,-536,-644,-764,-1072,-1156,-1128,-948,-816,-524,-480,-600,-692,-1012,-736,-952,-856,-212,-244,-220,-112,-196,-188,-432,-640,-1020,-1132,-1340,-1028,-720,-256
4,-176,-212,-284,-448,-500,-596,-636,-732,-748,-488,-400,-264,-236,-204,-256,-336,-432,-508,-732,-976,-1404,-1688,-1672,-1544,-1032,-704,-356,-348,-704,-896,-1104,-1164,-1108,-1048,-592,-344,-136,-176,-252,-312,-332,-608,-840,-1220,-1312,-1336,-1184,-584,-356,-140,-44,132,232
4,-108,-120,-124,-224,-236,-336,-288,-116,-160,-288,-268,-224,-128,-16,-4,-24,-32,-88,-128,-204,-288,-344,-500,-636,-872,-928,-1188,-1132,-860,-688,-416,-448,-616,-712,-536,-636,-568,-488,-416,-136,56,24,-52,-104,-252,-536,-696,-928,-1060,-996,-768,-348,-176,80,100
4,-120,-116,-148,-152,-156,-164,-176,-296,-312,-296,-328,-332,-360,-276,-228,-200,-116,-68,-76,-108,-180,-240,-252,-308,-516,-636,-816,-756,-732,-668,-544,-520,-588,-520,-544,-444,-256,-96,-40,-44,-108,-128,-220,-328,-472,-788,-864,-920,-828,-644,-492,-220,-84
4,-308,-316,-260,-172,-132,-84,-64,-96,-136,-272,-256,-328,-460,-532,-712,-748,-808,-768,-680,-608,-548,-572,-624,-596,-764,-616,-408,-292,-132,-108,-60,-156,-256,-272,-376,-592,-736,-860,-880,-744,-652,-416,-228,-40
4,-268,-352,-540,-612,-428,-368,-552,-556,-448,-352,-116,-72,-72,-104,-136,-196,-372,-356,-528,-780,-940,-1032,-988,-852,-776,-620,-532,-600,-608,-512,-548,-276,-220,-48,-4,-40,-12,-128,-172,-268,-468,-600,-740,-904,-792,-688,-372,-252
4,-60,-188,-192,-260,-244,-264,-356,-656,-676,-796,-540,-564,-588,-488,-364,-292,-176,-208,-88,-132,-196,-232,-340,-400,-684,-784,-992,-960,-836,-760,-584,-596,-616,-672,-536,-696,-576,-104,-88,76,80,-48,-120,-244,-256,-652,-744,-948,-1024,-1000,-852,-500,-168
4,-104,-104,-44,-68,-92,-192,-240,-292,-444,-564,-868,-1020,-1048,-932,-812,-648,-448,-388,-484,-528,-616,-468,-244,-124,-160,-84,-44,-4,-12,-176,-236,-332,-448,-692,-880,-1100,-1184,-964,-628,-432,-80
4,-32,-24,-20,-12,-8,-12,-24,-20,-36,-28,-44,-36,-52,-92,-76,-64,-76,-116,-144,-204,-240,-260,-316,-444,-484,-372,-380,-344,-336,-324,-252,-224,-160,-200,-216,-248,-252,-308,-412,-468,-680,-876,-1104,-1052,-1016,-912,-640,-560,-572,-620,-784,-628,-780,-520,-440,-216,-180,-100,-124,-208,-252,-400,-528,-808,-896,-1048,-912,-768,-380,-200,-112,-52
5,-16,-56,-68,-104,-136,-184,-196,-252,-300,-404,-428,-404,-396,-272,-212,-92,-32,-24,132,244,584,776,1132,1196,1144,1036,692,468,16,-252,-660,-736,-836,-832,-896,-908,-808,-696,-648,-616,-584,-392,-340,-88,16,264,372,700,832,1120,1204,1212,1144,936,796,532,264,200,-136,-132
5,-200,-276,-348,-420,-420,-376,-260,-172,-140,-48,20,172,268,616,788,1088,1156,1076,844,716,408,264,-100,-256,-736,-708,-904,-1028,-972,-1000,-872,-756,-648,-656,-640,-560,-304,-212,20,392,508,988,1144,1260,1180,964,824,520,388,124,-32,-320
5,-132,-124,-128,-128,-144,-164,-192,-228,-340,-480,-476,-468,-424,-356,-328,-268,-88,-32,144,256,740,960,1168,1060,972,676,476,92,-80,-580,-856,-1132,-1308,-1120,-1028,-772,-592,-628,-636,-640,-580,-404,-304,-152,260,580,1192,1280,1068,932,672,548,328,220,52,16,-308,-276
5,1104,1100,996,908,592,432,160,-12,-316,-512,-860,-836,-820,-832,-776,-700,-656,-644,-636,-480,-388,-212,-136,76,244,708,964,1204,1192,1012,908,620,464,216,144,-100,-204,-416,-540
5,-72,-108,-116,-200,-236,-356,-368,-336,-284,-252,-160,-132,-4,48,288,500,848,1068,1124,1096,960,856,604,484,220,96,-212,-600,-792,-812,-876,-836,-756,-600,-572,-548,-480,-440,-360,-180,-92,172,384,1008,1204,1224,1124,876,576,440,260,140,-8,-68,-140,-128,-92,-44
5,24,88,384,592,1020,1112,1128,1040,744,552,296,48,-108,-504,-728,-924,-852,-1136,-968,-604,-620,-588,-516,-384,-356,-184,-60,180,368,884,1180,1164,1004,836,480,304,100,-12,-268,-420,-464,-424,-300
5,32,-252,-520,-648,-672,-740,-704,-648,-516,-516,-508,-440,-328,-252,-36,100,352,508,992,1128,1160,1088,804,452,296,124,-48,-416,-376,-644,-732,-496,-464,-464
5,-76,-124,-132,-216,-308,-344,-316,-292,-268,-260,-220,-92,20,400,648,1104,1200,1120,1020,716,716,352,184,-84,-236,-532,-564,-564,-564,-556,-368,-388,-452,-440,-320,-332,-168,-92,56,248,832,1076,1240,1176,892,740,404,264,124,-4,-204,-428,-368,-184,-152
5,736,424,88,-56,-268,-484,-708,-688,-792,-744,-732,-620,-644,-672,-644,-596,-444,-408,-236,-108,204,396,860,1176,1180,1008,848,536,416,272,196,36,-172,-144,-104,-148,-120,-40
5,-196,-280,-352,-384,-424,-372,-324,-280,-256,-152,-64,192,388,880,1052,1096,940,768,360,192,-160,-304,-440,-660,-864,-820,-872,-840,-628,-588,-576,-576,-508,-484,-300,-240,-60,416,696,1116,1196,1060,904,512,352,128,72,-188,-232,-428,-452,-388,-424,-408
6,-160,-168,-156,-172,-172,-208,-204,-232,-252,-268,-276,-272,-268,-260,-264,-260,-248,-216,-148,-124,-84,-32,8,44,16,16,-12,-28,-40,-60,-48,-60,-76,-80,-88,-32,12,36,88,148,152,140,124,76,44,-44,-80,-140,-140,-220,-252,-304,-388,-488,-400,-364,-248,-196,-108,-108,-116,-112,-36,-44,-20,-52,-108,-96,-148,-224,-220,-252
6,-312,-324,-340,-352,-400,-404,-420,-432,-420,-428,-380,-340,-236,-196,-96,-56,12,8,28,-32,-40,-40,-52,-48,-52,-76,-84,-44,-48,-96,-36,-20,8,16,20,88,104,104,68,-16,-116,-168,-192,-240,-420,-492,-628,-640,-540,-500,-348,-308,-152,-52,-12,-44,-120,-156,-84,-32,16,-28,-24,-132,-124,-156
6,-120,-120,-136,-136,-132,-140,-136,-144,-156,-152,-168,-180,-184,-180,-204,-208,-192,-188,-180,-188,-192,-176,-176,-196,-204,-176,-212,-192,-200,-172,-108,-76,-12,24,32,24,-8,-32,-16,-52,-76,-64,-76,-64,-96,-16,4,-4,140,200,248,240,196,68,28,-112,-196,-116,-136,-260,-296,-384,-284,-472,-544,-560,-464,-388,-108,8,24,-4,-80,-84,-68,-24,64,120,132,80,48,-72,-52,-160,-192
6,-108,-112,-104,-100,-108,-136,-160,-172,-160,-160,-152,-148,-160,-176,-164,-184,-172,-184,-208,-212,-188,-152,-100,-88,-36,-32,-8,4,-32,-20,-52,-52,-52,-72,-52,-48,-32,28,56,124,112,60,20,-8,-60,-100,-128,-148,-220,-300,-264,-384,-448,-392,-280,-260,-140,-52,28,60,-16,-32,-60,-76,-88,-180,-176,-172,-164,-164
6,-200,-200,-208,-220,-224,-228,-228,-240,-216,-220,-204,-188,-164,-148,-120,-96,-36,-16,4,24,-28,-24,-68,-64,-84,-68,-64,-68,0,44,52,96,136,172,140,36,36,-20,-56,-152,-200,-244,-268,-308,-352,-360,-416,-416,-380,-332,-264,-76,60,44,-56,-124,-68,-12,48,52,28,8,-68,-76
6,-180,-184,-196,-200,-208,-216,-216,-212,-220,-228,-224,-212,-232,-208,-188,-152,-120,-112,-60,-32,20,20,8,-24,-48,-56,-68,-52,-72,-44,-36,-20,44,92,92,112,124,64,44,-24,-68,-52,-44,-60,-108,0,-228,-284,-224,-336,-232,-204,-136,-96,68,76,92,48,120,152,152,128,8,12,-32,-144
6,-184,-176,-196,-188,-188,-188,-184,-160,-140,-128,-72,-28,-12,16,64,96,104,92,64,80,68,80,128,112,136,120,96,100,96,76,28,-32,-100,-96,-112,-148,-304,-332,-384,-396,-408,-440,-332,-260,-148,-12,144,120,16,-20,36,76,120,116,-12,-44
6,-212,-212,-220,-216,-216,-232,-240,-224,-212,-204,-188,-188,-164,-136,-132,-96,-64,-12,12,56,44,12,-8,-64,-64,-48,-56,-32,20,68,88,100,124,116,68,4,-16,-100,-100,-132,-152,-216,-224,-264,-292,-280,-252,-208,-144,-24,0,-24,-36,-36,-20,52,80,76,80,8,-8,-16
6,-140,-88,-80,16,56,72,84,8,-12,-36,-48,-32,-16,4,72,36,28,28,68,44,-88,-180,-172,-204,-268,-276,-352,-328,-372,-408,-364,-320,-260,-208,-16,0,28,16,120,140,148,80,20,-68,-88
6,-280,-284,-308,-336,-332,-336,-312,-292,-260,-248,-176,-140,-44,4,8,-8,-76,-100,-164,-192,-192,-148,-136,-36,-8,8,16,84,96,52,0,-76,-140,-152,-156,-248,-296,-280,-284,-284,-260,-228,-128,-48,12,12,-8,-12,-20,4,56,40,-16,-36,-104
1,24,12,-148,-188,-264,-300,-444,-464,-492,-436,-240,-124,20,28,16,12,-20,-48,-92,-72,-60,-60,-36,-28,-20,-28,-64,-204,-240,-304,-304,-280,-232,-124,-60,80,84,212,212,252
1,168,136,140,104,-56,-124,-212,-280,-384,-408,-300,-220,-40,172,172,20,-8,-8,-4,40,60,48,32,4,4,-12,-32,-156,-132,-44,-128,-196,-260,-240,-216,-176,-116,-64,116
1,164,116,92,76,8,-200,-320,-392,-496,-552,-520,-448,-144,-56,32,60,96,84,32,-8,-16,4,-4,-16,-32,16,28,-80,-80,-92,-104,-244,-268,-260,-240,-184,-164
1,172,140,124,64,-68,-140,-296,-412,-604,-620,-520,-440,-248,-8,-4,8,-4,-8,4,-40,-24,28,0,-16,-28,-188,-228,-336,-256,-24,-232,-296,-368,-320,-264,-252,-152,-72
1,164,144,160,128,92,56,-76,-144,-272,-700,-824,-776,-744,-312,-104,44,-32,-8,0,56,52,44,56,8,4,-20,20,32,-16,16,48,-12,-136,-144,-216,-192,-184,-144,-40,-4,92,124
1,116,76,-72,-152,-336,-448,-596,-644,-628,-560,-300,-172,-92,-88,-100,-84,-20,-4,16,24,4,0,-16,-52,-92,-124,-144,-104,-80,-208,-292,-348,-308,-240,-188,-136,-96,64,100
1,200,184,156,112,8,-80,-168,-232,-428,-468,-580,-556,-392,-308,-48,-12,-24,8,4,40,32,8,8,-12,-28,-56,-12,-88,-80,-20,-44,-112,-176,-236,-268,-256,-228,-196,-76
1,148,108,104,-4,-244,-304,-572,-628,-644,-568,-420,-312,24,44,4,-4,-12,-4,-24,-40,-8,-4,-12,-56,-12,-44,-28,-28,-12,-80,-164,-224,-232,-232,-236,-124,-56
1,172,164,156,132,96,64,-108,-228,-364,-480,-640,-656,-520,-516,-340,-152,-48,-80,-32,0,20,8,-24,-20,-24,-28,-96,-224,-196,-104,-76,-128,-132,-268,-308,-400,-416,-356,-308,-172,-56
1,156,152,164,156,152,140,124,100,28,-28,-156,-264,-644,-796,-932,-844,-524,-304,4,28,-32,-12,-4,-32,-84,-52,-28,-24,-12,-56,-68,-100,-92,-92,-84,-112,-228,-384,-356,-252,-192,-92,-36
2,-244,-256,-256,-308,-272,-268,-144,-44,-28,60,192,372,496,768,856,912,916,868,840,716,556,340,200,-72,-188,-176,-264,-328,-252,-300,-260,-180,-112,-124,-104
2,-104,-116,-92,-48,40,56,112,212,296,488,548,680,828,948,948,944,916,896,892,800,716,512,408,128,24,-176,-216,-248,-488,-452
2,-128,-172,-124,-100,-64,-20,100,144,208,280,364,496,716,788,932,944,884,852,760,772,684,508,392,256,68,8,-44,-156,-352,-328,-372,-408,-284
2,272,392,560,648,868,920,936,908,848,776,636,544,444,332,24,-64,-60,-128,-352,-228,-264,-272,-244,-208,-164
2,-148,-128,-144,-72,-20,80,108,268,312,452,572,736,816,896,948,912,864,796,708,600,496,176,132,96,-200,-280,-248,-460,-576,-456
2,336,456,588,732,768,896,936,892,896,872,716,632,524,464,244,128,-40,-44,-308,-404,-356,-408,-404,-316,-296,-232
2,-204,-224,-216,-168,-96,36,100,232,332,464,512,708,768,900,888,840,792,628,552,392,308,132,-36,-192,-204,-352,-484,-388,-260
2,-200,-128,-116,0,60,92,168,424,500,672,756,836,976,960,828,768,536,480,368,292,112,48,-72,-144,-224,-260,-296,-336,-192
2,-124,-92,-8,-8,112,308,404,604,688,832,952,924,888,736,628,412,308,160,132,-200,-296,-208,-288,-240,-152,-176,-164,-144,-140
2,324,428,696,740,880,932,872,832,688,604,520,440,316,208,120,56,-136,-148,-172,-276,-212,-236
3,-68,-60,-72,-108,-172,-132,-108,-4,84,248,316,532,652,808,824,764,728,624,464,364,236,-36,-40,-248,-356,-640,-892,-332,-348,-236,-64,-268
3,-96,-48,-60,100,168,344,512,656,812,768,728,708,652,564,356,236,68,8,-168,-204,-216,-344,-468,-488
3,-200,-224,-220,-156,-92,-20,4,92,140,344,464,684,760,812,764,636,584,448,284,84,12,-144,-252,-304,-380,-268,-324,-248,-136,-188,-184
3,136,260,364,436,512,576,736,788,704,712,736,712,572,500,348,288,92,4,-280,-264,-340,-212,-316,-140,-136,-184,-188,-216
3,112,236,340,400,468,620,716,808,744,744,760,728,672,432,396,276,148,-8,-80,-236,-356,-576,-484,-444,-316,-220,-292,-312
3,216,216,356,500,708,748,664,612,648,528,324,120,16,-204,-248,-368,-408,-456,-524,-460,-308,-264,-244,-292,-304
3,-52,-36,-148,-180,-108,-108,-128,-104,-4,12,292,460,736,820,776,736,628,476,416,204,72,-88,-208,-540,-512,-416,-428,-92,-128,-28,-92,-128
3,-140,-164,-204,-184,-208,-184,-88,-56,20,56,152,264,536,608,816,868,784,724,652,636,412,300,308,-8,-128,-124,-236,-80,-16,-376,-256,-108,-232,-148,-204,-204
3,-216,-128,-32,4,52,112,132,152,304,436,656,680,608,624,696,616,512,336,264,132,56,-136,-360,-312,-200,-296,-300,-128
3,-128,-152,-164,-140,-68,-32,72,252,296,360,404,652,680,636,664,620,576,476,316,112,112,4,-256,-176,-12,-828,-668,-152,-440
4,24,-80,-248,-276,-524,-656,-748,-732,-508,-384,-84,44,92,136,108,-16,-12,12,-12,8,-68,-156,-132,-68,-92,-280,-324,-256,-268,-196,-176,-152,-64,-44,-40,-136,-304,-396,-348,-452,-456,-388,-68,80,64,60,52,16,-28,-20,-12,-32,-68,-160,-164,-68,-48,-24,-96,-264,-276,-256,-244
4,180,164,108,16,-32,-248,-380,-640,-756,-876,-836,-560,-484,-160,-112,-84,-36,4,-4,-36,-20,36,-8,-104,-244,-308,-280,-332,-428,-408,-472,-532,-408,-372,-252,-196,-156,-92,-28,-24,-252,-324,-652,-652,-584,-440,-256,48,32,16,4,-80,-136,-184,-112,0,20,-112,-260,-352,-276,-60,-32,-268,-408,-380,-344,-296
4,236,180,164,96,52,28,-192,-296,-508,-544,-568,-476,-156,-52,16,12,64,44,36,36,108,144,88,0,-204,-240,-104,-68,-124,-252,-232,-156,-136,-80,-96,-60,-44,-60,-128,-252,-340,-360,-388,-284,-32,84,36,-4,20,28,0,20,12,8,4,-60,-92,-140,-156,-196,-40,-68,-224,-228,-216,-168,-124
4,232,236,192,76,32,-16,-220,-312,-656,-800,-968,-824,-288,-132,-144,-128,-52,16,4,4,-24,4,16,-16,-244,-344,-364,-364,-228,-284,-384,-352,-300,-232,-200,-96,-48,-12,4,-76,-204,-364,-564,-612,-652,-632,-164,-4,-64,-96,-20,-8,12,-8,-4,-4,-28,-88,-192,-180,-156,-136,-120,-188,-324,-328,-312,-272,-224
4,164,104,40,-12,-88,-172,-420,-576,-776,-644,-504,-400,-128,-128,-112,-80,-16,12,24,-36,-12,-64,-160,-456,-508,-428,-364,-252,-316,-444,-416,-264,-256,-184,-108,-24,0,12,0,-148,-324,-400,-504,-536,-452,-300,8,96,-24,-24,40,24,-36,-16,12,16,-44,-100,-68,0,-16,8,-28,-168,-184,-156,-144,-136,-88
4,-76,-412,-780,-896,-772,-668,-320,-156,-144,-148,-40,-4,56,64,108,124,44,-20,-300,-392,-396,-420,-332,-336,-364,-268,-248,-152,-144,-88,-56,-4,-16,-76,-112,-308,-404,-580,-584,-568,-332,-200,92,52,-32,-28,-16,-24,-20,16,-24,-36,-128,-172,-248,-256,-272,-160,-72,-140,-320,-280,-264,-228,-184,-44
4,240,160,132,-12,-96,-312,-448,-716,-720,-692,-644,-412,-284,-112,-104,-24,24,24,-80,-96,-92,-108,-244,-312,-408,-392,-364,-316,-324,-388,-376,-356,-312,-256,-204,-144,-112,-92,-116,-276,-372,-536,-628,-568,-476,-116,48,-48,-112,-136,-136,-96,-96,-56,-24,-48,-172,-240,-188,-100,-44,-8,-224,-268,-308,-276,-212
4,200,120,84,4,-32,-224,-436,-660,-724,-644,-544,-412,-184,-160,-144,-88,-16,-20,-136,-160,-20,0,-72,-264,-628,-608,-300,-156,-228,-392,-360,-324,-312,-224,-208,-132,-88,-48,-60,-220,-296,-508,-512,-388,-484,-352,-24,56,-12,28,88,36,-36,-28,-64,-60,-220,-288,-264,-180,-140,-140,-212,-272,-336,-292
4,212,204,220,232,228,224,148,84,-32,-84,-248,-360,-844,-940,-820,-560,-160,-32,-72,-108,-76,-40,-20,-8,20,-24,-108,-312,-396,-384,-396,-448,-400,-380,-332,-252,-280,-260,-240,-208,-124,-168,-120,-188,-264,-356,-508,-516,-484,-408,-104,8,-76,-84,-24,-8,-40,-40,-28,-40,-96,-284,-348,-200,-116,-140,-192,-360,-348,-308,-320,-208
4,232,220,164,144,112,68,-112,-380,-476,-640,-636,-620,-520,-380,-248,-68,-80,32,-8,-152,-148,-80,-44,-20,-52,-300,-492,-500,-380,-312,-360,-364,-364,-340,-296,-240,-188,-164,-56,-40,-48,-112,-288,-412,-444,-436,-308,-88,80,128,36,-8,-36,-92,-88,-24,0,32,-8,-156,-236,-156,-132,-12,-84,-184,-264,-268,-244,-220,-148,-96
5,-56,-68,-76,-44,-16,20,56,196,204,432,496,524,728,816,924,980,912,876,852,816,604,412,160,64,-344,-372,-448,-492,-540,-380,-332,-280,-252,-216,-212,-164,-36,108,144,356,480,768,1000,1088,976,884,780,512,388,224,-52,-124,-168,-176,-128,-236,-264,-128
5,-60,-48,-76,-76,-104,28,64,80,112,192,248,388,484,616,772,964,1000,932,848,736,468,296,132,48,-72,-144,-244,-360,-428,-480,-476,-404,-352,-276,-256,-208,-92,-16,180,424,508,820,1008,1128,1032,836,680,364,316,188,108,80,84,-140,-164,-144,-160
5,-64,-88,-84,-140,-164,4,16,12,60,116,284,336,380,592,1236,1164,848,800,356,140,-84,-128,-204,-288,-336,-468,-596,-564,-484,-452,-348,-296,-276,-144,-40,268,364,724,948,1188,1068,848,708,364,268,172,96,-56,-56,-24,-232,-188,-176,-116
5,-44,-136,-160,-168,-80,16,-8,68,264,316,520,740,884,1036,924,848,708,276,72,-52,-176,-188,-308,-388,-416,-592,-464,-480,-392,-308,-280,-220,-28,92,320,348,1116,1352,912,892,576,352,40,-8,-120,-188,-92,-200,-316
5,-116,-116,-140,-40,28,64,56,168,224,428,520,748,912,968,864,804,648,244,24,-160,-316,-400,-616,-704,-556,-364,-432,-420,-300,-328,-256,-216,-36,108,356,468,1100,1168,864,676,444,96,-44,-120,-184,-328,-304,-336
5,-100,-132,-220,-288,-344,-280,-224,-168,-120,-12,184,244,616,868,1060,1012,796,564,128,36,-180,-312,-392,-368,-416,-408,-300,-296,-312,-256,-220,-108,-16,168,312,540,600,1092,1072,1020,796,636,364,336,236,140,116,128
5,-120,-180,-124,-116,-16,-4,-48,120,176,292,560,764,1236,1012,760,712,292,124,-56,-220,-204,-276,-448,-504,-464,-436,-428,-388,-344,-304,-232,-24,64,208,308,564,596,1120,1208,1028,992,624,396,240,152,-40,-20,-8,-72,-324,-200
5,-104,-72,-96,-28,0,72,88,176,380,524,688,844,1148,1044,820,732,380,132,-36,-108,-444,-432,-508,-512,-492,-400,-280,-340,-256,-200,-112,100,208,456,500,784,988,1096,1060,864,756,516,324,252,128,-160,-160,-144,-388,-352,-248,-228
5,-100,-112,-104,-24,-28,28,56,76,232,304,548,640,944,1140,1004,852,704,464,-28,-32,-164,-288,-460,-508,-580,-480,-456,-376,-376,-320,-280,-204,-92,92,176,400,556,1212,1236,952,892,560,208,168,68,-4,-168,-132,-176,-316,-256,-320,-176
5,-108,-120,-180,-160,-92,-104,28,108,108,160,324,428,572,664,932,1024,1036,1000,816,684,340,100,36,-396,-508,-444,-528,-664,-640,-452,-404,-412,-344,-284,-184,-76,28,276,364,904,1332,1152,932,780,340,268,112,-32,-68,-24,-260,-308,-204,-220
6,-172,-172,-152,-132,-156,-48,-28,32,44,104,140,188,208,188,356,448,524,476,256,200,132,36,108,104,4,40,332,628,832,692,432,400,428,420,312,180,124,100,116,256,196,88,80,-368,-324,-240,-228,-100,-112,-76
6,-84,-68,-64,-152,-128,-28,0,80,124,148,264,228,240,344,548,480,312,228,140,140,80,76,100,56,88,208,580,568,596,504,428,348,260,296,268,188,216,268,232,144,148,44,-16,4,-56,-156
6,-112,-92,92,100,108,108,160,164,156,136,196,480,640,528,364,276,272,160,132,32,-32,-48,80,456,532,540,468,324,332,288,248,240,144,128,228,260,112,164,124,12,-304,-260,-260,-356,-260,-244
6,-64,-84,-84,-76,-56,-32,88,140,156,168,248,252,312,336,516,752,704,504,408,344,212,120,116,-48,-40,228,416,708,640,540,496,432,412,352,260,228,160,156,220,264,92,152,92,-192,-24,-60,-48
6,-108,-116,-124,-108,-104,-68,-68,-84,-60,36,52,56,156,168,180,200,252,308,576,664,472,432,212,256,108,104,36,0,196,464,820,740,664,488,496,428,388,280,268,240,260,288,308,156,0,0,-176,-240,-132,-148,-144,-172
6,-184,-212,-208,-172,-220,-200,-48,8,68,92,144,84,108,132,124,136,196,376,608,616,580,196,200,176,108,136,104,-16,36,312,568,664,616,648,576,484,440,316,288,252,300,300,224,200,96,140,16,-28,-60,-88,-104
6,-104,-132,-140,-132,-140,-140,-140,-124,-80,-72,-172,-92,76,84,136,152,160,132,112,88,96,512,820,644,564,280,336,252,116,-12,-56,-124,-12,340,720,628,460,512,400,380,376,328,260,256,244,224,200,176,24,0,-12,-56,-136,-112,-128
6,-112,-128,-140,-92,-76,-116,24,80,152,152,180,188,184,144,64,68,248,384,680,768,524,344,260,236,100,76,48,-48,0,648,796,716,604,380,384,364,324,316,260,320,288,252,232,204,192,80,-88,-236,-224,-252,-216
6,-172,-156,-140,-196,-196,-152,-160,-132,48,52,96,152,112,128,124,104,108,160,376,628,752,580,360,320,224,116,-36,-128,-144,520,812,884,944,640,544,544,480,320,308,308,316,252,232,248,224,172,172,-48,-44,-28,-304,-264,-68
6,-188,-180,-176,-164,-164,-172,-188,-196,-204,-136,-156,-84,48,36,140,132,88,96,92,124,96,132,404,780,544,472,344,208,204,108,72,-20,-64,104,480,632,552,580,516,468,416,424,416,328,312,280,328,320,248,264,272,176,36,80,24,-252,-36
1,-4,4,-4,16,20,-28,-68,-56,-120,-168,-156,-204,-420,-416,-416,-452,-408,-408,-400,-352,-384,-356,-336,-300,-256,-224,-176,-88,-44,52,80,160,172,152,152,116,48,-8,-76,-196,-244,-308,-476,-468,-512,-556,-600,-612,-660,-640,-548,-484,-452,-364,-272,-228,-200,-88,-40,96,96,192
1,120,128,136,120,108,100,84,44,28,-44,-68,-188,-224,-320,-348,-452,-516,-624,-604,-608,-616,-620,-620,-584,-580,-552,-452,-388,-316,-240,-104,-60,20,36,72,56,12,-52,-156,-236,-292,-360,-416,-484,-484,-560,-588,-560,-572,-536,-512,-460,-444,-332,-288,-196,-32,4,124,164,160,192,256,292,272
1,52,36,16,8,-4,24
1,132,128,132,140,136,124,112,140,132,52,40,48,0,-68,-92,-148,-168,-272,-340,-376,-468,-484,-564,-544,-584,-580,-524,-504,-440,-380,-312,-260,-180,-104,-48,-48,4,32,12,-52,-72,-132,-172,-232,-260,-356,-356,-444,-456,-532,-520,-520,-508,-448,-348,-284,-236,-188,-124,-68,-52,0,60,72,144,188,220,228,232,264,284,276,276,244,216
1,164,172,168,144,120,108,-8,-84,-124,-220,-288,-416,-444,-680,-732,-720,-700,-756,-752,-732,-728,-676,-644,-596,-552,-428,-352,-272,-128,-92,-20,40,40,28,24,-40,-128,-136,-272,-300,-412,-468,-500,-540,-556,-592,-564,-572,-556,-468,-408,-344,-292,-160,-148,-76,8,36,100,152,180,192,260,240,260,284,228,180
1,184,168,172,128,108,52,48,-52,-88,-116,-192,-360,-412,-404,-492,-524,-536,-580,-612,-552,-636,-596,-536,-504,-424,-304,-160,-100,44,80,116,148,160,160,108,20,-20,-84,-124,-240,-240,-348,-376,-388,-468,-484,-484,-496,-512,-484,-448,-444,-396,-264,-204,-160,-88,-52,0,40,108,168,192,220,224,240,240,224,240,232
1,136,128,140,120,100,104,60,0,-88,-128,-216,-288,-368,-484,-532,-488,-488,-536,-504,-492,-484,-416,-364,-312,-264,-132,-100,-24,8,32,56,24,0,-36,-108,-152,-244,-244,-360,-372,-448,-488,-472,-472,-500,-468,-420,-392,-312,-192,-152,-84,-24,44,52,92,136,172,184,212,216,220,232,208
1,128,196,212,200,196,124,40,0,-104,-204,-256,-336,-404,-408,-464,-480,-516,-540,-496,-516,-492,-440,-352,-228,-192,-120,-104,-40,-16,72,44,108,136,148,156,152,168,180,168
1,-160,-208,-256,-300,-480,-552,-644,-736,-768,-800,-804,-764,-732,-656,-616,-532,-500,-376,-256,-172,-124,-4,12,8,40,-4,-108,-108,-240,-244,-360,-388,-492,-528,-560,-588,-576,-572,-620,-568,-416,-252,-172,-28,-28,12,32,64,96,144,156,228,244
1,172,156,140,100,60,28,-68,-132,-212,-256,-512,-572,-628,-652,-724,-696,-712,-720,-668,-620,-596,-488,-456,-336,-272,-152,-96,-28,4,24,32,-16,-44,-164,-216,-304,-344,-436,-524,-508,-548,-548,-604,-572,-516,-460,-356,-284,-212,-180,-64,-52,32,96,120,140,124,188
2,92,84,80,84,84,76,76,80,72,76,68,64,48,48,56,76,32,88,116,128,104,212,228,436,500,752,880,1004,1056,1076,1068,1020,1024,1016,988,1012,984,932,956,960,740,716,544,448,384,344,48
2,136,136,132,104,108,52,24,88,88,112,156,228,224,340,416,484,576,788,928,992,1100,1080,1072,1088,1052,1036,1020,1008,992,968,912,916,776,676,552,448,336,228,116,72,56,-24,-88,-60,-68,-4
2,84,80,80,84,60,48,32,56,56,84,80,140,156,180,232,436,516,780,904,1040,1060,1084,1044,1040,1012,1044,1040,1004,980,976,880,816,760,688,516,464,284,244,132,-20,12,-52,-60,-24
2,16,36,100,112,160,204,260,252,284,352,420,520,676,956,1060,1204,1152,1128,1060,1016,1004,1032,964,1016,1056,956,888,828,600,496,364,188,60,80,-124,-72,-56
2,28,-12,-40,-8,-12,48,44,64,116,32,152,452,864,1032,1164,1208,1144,1116,1020,1024,1048,1000,912,952,812,684,592,512,356,200,84,24,-40,-124,-120,-108,-108,-76,-60
2,204,360,720,912,1116,1160,1180,1152,1116,1120,1132,1120,1008,924,912,660,592,496,356,192,168,4,-60
2,-64,-28,-28,4,96,72,68,140,280,528,916,1096,1176,1168,1180,1144,1144,1132,1052,920,884,740,604,488,396,304,288,80,28,88
2,20,8,-24,-36,-36,-12,-12,16,16,8,32,104,260,680,892,1176,1244,1148,1092,1088,1056,1052,940,912,764,676,472,408,288,212,12,-112,-68,-144,-232,-144
2,-36,-60,-60,-28,-4,12,48,100,156,148,124,168,440,632,1020,1184,1204,1148,1060,1020,928,988,980,936,924,840,620,608,464,364,260,76,56,-16,-24
2,92,80,60,76,72,96,80,60,76,72,76,108,176,172,212,252,260,276,280,308,480,676,864,1004,1172,1172,1116,1076,1048,1044,1028,1028,1012,1056,1100,1024,972,1056,1032,792,768,724,680,528,388,292,228,-96,-148,4,-28,-32,36,24,64,84,36,68
3,128,92,112,84,100,112,100,104,76,64,60,80,88,132,160,200,232,268,332,436,500,752,872,1104,1156,1152,1080,1060,992,960,964,952,844,924,936,952,920,936,828,732,644,528,208,72,-88,-144,-140,-180,-76,-144,-252,-232,-192,-256,-284,-244,-276,-304,-240,-264,-252,-236
3,168,164,176,172,160,160,132,160,144,172,168,136,228,376,468,856,1148,1228,1172,1132,1100,1020,1008,976,904,896,748,684,616,528,456,384,168,112,104,-224,-264,-364,-380,-300,-292,-200,-196,-240,-240,-220,-256,-244,-224,-260
3,188,136,152,132,100,80,60,160,204,196,260,556,816,976,1152,1132,1048,1028,988,960,904,856,804,764,616,524,380,500,56,36,24,-84,-52,92,132,152,112,28,-48,-116,-88,-52,-52,-24,-16,-40,-20,-20,-36,-40,-44,-36,-40,-40,-4,-24,-12,-28,-48
3,124,92,80,56,-4,-28,-28,-24,-60,64,108,284,612,804,1100,1140,1056,1076,1028,972,1016,996,1000,948,876,868,728,664,564,328,260,80,-136,-156,-156,-160,-216,-204,-164,-176,-164,-164,-136,-188,-180,-212,-192,-192,-192,-188,-176,-184,-184,-172
3,48,104,84,32,64,84,124,164,196,204,404,516,780,944,1076,1112,1032,1032,972,960,1004,1004,976,940,908,836,796,652,560,468,304,-148,-124,-188,-232,-272,-264,-280,-252,-228,-224,-220,-216,-204,-216,-192,-168,-160,-152,-140
3,124,128,80,48,56,-32,44,40,72,116,148,432,572,916,1064,1116,1072,1048,980,956,948,976,924,888,844,748,668,572,552,264,44,116,-220,-380,-320,-252,-192,-172,-100,-124,-104,-92,-108,-112,-100,-112,-120,-100
3,160,164,172,128,116,80,28,12,72,36,112,140,312,504,852,1020,1156,1136,1060,1036,984,952,992,1000,996,920,888,852,816,648,636,532,396,244,208,-68,-184,-172,-276,-172,-200,-184,-116,-144,-136,-148,-164,-168,-168,-160,-160,-164,-120,-108,-112,-120
3,152,164,160,164,148,148,160,140,140,136,64,16,0,-8,44,68,112,224,320,472,624,1024,1052,1028,1020,996,996,972,980,992,1044,1032,988,992,960,920,896,860,788,704,484,476,148,80,-36,12,-12,-132,-48,-116,-132,-152,-148,-112,-108,-44,-72,-72,-68,-72,-84,-80,-88,-92,-116,-80,-104,-112,-136
3,172,168,168,172,196,152,120,40,56,-60,-4,0,24,204,784,936,1100,1160,972,976,904,940,944,1004,1040,1004,956,948,920,844,864,760,604,508,460,120,-36,148,12,-288,-156
3,168,156,164,160,168,172,156,152,144,128,140,136,144,168,148,152,152,164,140,148,68,24,-12,-16,-8,8,144,228,576,796,1016,1060,1052,984,932,900,968,960,928,924,892,804,776,640,508,540,456,100,168,-60,-100,-64,-160,-76,-120,-116,-112,-124
4,488,344,328,124,56,-48,-112,-248,-424,-344,-132,-360,-356,-132,-148,-132,-100,-52,12,116,232,288,328,288,252,192,56,0,12,-64,-64,4,-212,-256,-284,-384,-320,-172,-128,-24,32,108,160,132,88,52,-4,-136,-140,-324,-288,-264,-296,-220,-192,-116,-152,-116,24,116,212,244,284,280,256,192,-12,-28,-108,-228,-156,-184,-304,-384,-592,-412,-308,-156,-92,56,104,184,252,320,372
4,452,412,400,332,260,0,-180,-400,-684,-812,-652,-584,-672,-636,-388,-368,-336,-320,-136,-28,92,184,256,292,208,184,84,-164,-184,-224,-288,-384,-424,-512,-512,-564,-468,-284,-148,-116,-16,68,116,100,100,116,-8,-128,-248,-288,-496,-536,-468,-496,-488,-404,-428,-396,-304,-236,-76,-16,116,176,220,164,76,-68,-116,-388,-472,-552,-708,-772,-776,-764,-708,-444,-320,-92,40,116,116,104,228,348,448
4,40,-80,-204,-328,-416,-520,-520,-960,-964,-912,-888,-680,-572,-344,-228,-84,-44,-8,-20,-100,-288,-428,-704,-736,-812,-756,-748,-732,-604,-636,-516,-420,-164,-72,104,188,192,200,64,-164,-288,-628,-788,-964,-984,-924,-876,-764,-648,-380,-260,-56,8,116,144,236,412,436,448,524
4,404,328,252,180,-20,-32,-420,-548,-904,-1176,-1172,-1120,-900,-780,-740,-644,-536,-328,-248,-32,92,256,252,220,164,-12,-128,-256,-464,-564,-884,-892,-760,-848,-768,-564,-320,-224,-72,-32,8,8,-88,-128,-204,-356,-624,-640,-600,-584,-628,-512,-456,-428,-280,-60,28,220,276,296,280,148,64,-132,-396,-648,-916,-896,-1040,-996,-772,-760,-528,-312,-60,24,172,188,248,296,264,284,404
4,404,288,88,-8,-248,-372,-580,-616,-916,-1152,-1196,-1044,-956,-836,-644,-328,-196,0,84,112,104,4,-64,-308,-460,-676,-996,-1156,-1112,-1228,-1032,-964,-692,-492,-148,-64,104,164,208,184,144,-12,-196,-288,-620,-604,-700,-716,-620,-612,-564,-400,-336,-192,-108,80,128,164,136,40,-40,-364,-540,-852,-976,-1048,-972,-1012,-904,-828,-484,-300,-64,36,248,280,268,312,336,308,364,392,336,352,364
4,184,176,16,-140,-532,-676,-956,-1224,-1600,-1560,-1336,-1280,-868,-668,-324,-220,-28,56,52,60,52,-80,-180,-456,-580,-880,-916,-1152,-1140,-1024,-1052,-852,-656,-252,-100,116,188,264,224,164,-24,-192,-408,-636,-684,-896,-796,-796,-916,-836,-688,-644,-392,-268,-32,96,208,244,232,64,-32,-336,-532,-836,-936,-1004,-1056,-976,-836,-612,-500,-252,-104,92,136,276,344,384,480,524,516,552
4,252,168,76,-36,-344,-504,-744,-796,-936,-876,-840,-664,-516,-224,-96,32,156,324,328,320,308,204,92,-160,-320,-528,-600,-880,-896,-812,-708,-556,-308,-180,-4,64,160,172,136,64,-140,-228,-448,-564,-500,-516,-608,-548,-520,-548,-456,-292,-124,84,164,276,292,220,208,16,-80,-480,-640,-852,-912,-824,-904,-828,-596,-492,-188,-12,164,208,308,292,216,228,360
4,300,264,104,52,-124,-288,-584,-668,-1048,-996,-916,-756,-612,-356,-220,-12,64,152,160,136,120,-44,-136,-440,-536,-976,-1192,-1180,-1140,-1032,-744,-516,-248,-148,-4,68,-8,-84,-300,-468,-828,-920,-904,-848,-888,-748,-656,-608,-488,-288,-176,52,112,196,220,192,104,-184,-404,-760,-964,-1104,-1012,-928,-892,-776,-648,-336,-100,-32,148,164,252,284
4,208,80,-24,-576,-760,-928,-1072,-1244,-1224,-940,-876,-684,-324,-160,-16,100,208,236,216,172,0,-140,-680,-888,-1224,-1376,-1176,-1204,-1208,-904,-692,-316,-136,96,172,152,124,-52,-196,-544,-656,-688,-756,-824,-780,-680,-808,-656,-312,-124,152,220,280,300,248,96,-204,-448,-832,-1004,-1280,-1104,-1004,-940,-744,-484,-184,24,104,200,248,416,464,512,548
4,64,-20,-384,-612,-848,-892,-960,-888,-688,-608,-508,-428,-152,104,188,248,240,204,168,-132,-320,-676,-876,-1400,-1428,-1252,-1160,-1412,-496,-424,-96,0,148,132,32,-28,-252,-480,-820,-916,-1024,-912,-848,-888,-572,-512,-236,-112,60,228,240,240,244,-20,-168,-472,-744,-1132,-1280,-1036,-1000,-936,-1160,-244,-248,0,92,216,268,280,340,424,472,420
5,188,192,164,112,80,-56,-108,-32,-88,-180,-184,-16,220,928,1176,1284,1232,1180,1176,1128,924,888,768,456,296,184,-188,-116,-244,-236,-160,-180,-52,-80,-92,-208,-188,-260,-244,-156,-132,-244,-188,-20,156,840,1264,1048,1340,1200,1216,1224,1032,780,376,140,-156,-348,-508,-384,-276,-324,-12,-20,28
5,-492,-484,-492,-432,-240,-400,-344,-252,-320,-328,-248,-224,-224,152,424,960,1216,1440,1484,1336,1300,1036,820,456,296,-136,-260,-352,-372,-252,-52,-40,16,56,-4
5,32,-24,-16,-52,-76,-112,-204,-256,-240,208,612,1288,1260,1304,1224,1124,1032,672,396,228,-336,-448,-680,-736,-364,-364,-416,-328,-408,-340,-332,-372,-332,-300,-224,-224,88,620,1040,1356,1312,1272,1224,1100,880,524,368,108,-72,-344,-416,-168,-156,-52,52
5,428,188,-452,-648,-688,-736,-692,-356,-372,-452,-476,-308,-400,-372,-344,-352,-316,-152,72,720,1236,1404,1272,1232,1188,960,528,372,-84,-364,-556,-660,-484,-360,-332,-176,68,40,56,112,108
5,-132,216,1468,1468,1456,1300,1156,1004,512,324,28,-208,-632,-488,-468,-284,-336,-176,-156,-276,-224,-356,-300,-368,-384,-364,-316,-72,216,1172,1336,1316,1368,1232,1228,880,684,304,28,-356,-476,-456,-304,-304,-156,-136,-68,-28,-4
5,-268,-304,-472,-496,-628,-772,-920,-744,272,924,1444,1464,1068,984,576,260,-216,-428,-756,-816,-1020,-444,-508,-516,-452,-400,-508,-648,-704,-700,-668,-500,-228,612,1168,1388,1212,1148,1060,912,424,160,-776,-1252,-976,-1008,-356,-352,-268,-156,68,-88,-56
5,8,-32,-344,-348,-380,-576,-640,-744,-724,-52,556,1452,1352,1172,1092,1024,624,-88,-492,-1588,-952,-1268,-964,-408,-584,-484,-340,-524,-720,-764,-768,-844,-668,-288,816,1496,1336,1388,1096,1064,652,372,-256,-1464,-1080,-1252,-1068,-312,-328,-156,-28,-8
5,-364,-492,-588,-824,-956,-756,600,1296,1488,1436,1132,1012,416,112,-596,-1376,-1016,-1168,-1048,-580,-376,-600,-432,-676,-796,-840,-816,-964,-728,92,576,1820,1488,1232,1156,732,516,-108,-428,-1160,-940,-444,-672,-584,-92
5,-292,-316,-572,-664,-872,-1000,-1024,-408,276,1284,1328,1312,1144,808,504,-160,-636,-1476,-1368,-1200,-1140,-668,-444,-700,-724,-804,-1144,-1200,-1020,-712,276,844,1660,1200,1216,1060,512,260,-532,-1920,-1304,-1076,-1192,-880,-452,-104,-124,-36
5,-584,-648,-804,-916,-840,-400,636,1436,1124,1364,1032,1000,688,392,-212,-1384,-1196,-992,-1064,-792,-476,-748,-608,-648,-796,-1004,-980,-844,-720,20,608,1656,1028,1308,1092,1016,456,88,-800,-1760,-928,-980,-1044,-516,-184,-188,-4,140,64,20
6,-52,-84,-68,-64,-64,-56,-32,-56,-24,-52,-60,4,128,208,276,356,328,300,264,216,248,288,312,328,356,368,352,392,360,372,400,520,564,592,552,484,236,156,68,-20,-280,-236,-316,-404,-436,-340,-136,80,56,196,208,260,164,164,104,104,112,132,132,148,124,72,116,84,72,4,-56,-196
6,-156,-168,-240,-240,-268,-332,-452,-436,-488,-484,-220,-132,-52,76,252,236,244,208,176,244,256,276,272,284,280,272,280,280,296,304,320,416,492,520,584,512,196,52,-256,-248,-336,-392,-300,-352,-340,-244,-416,-256,-44,-112,60,88,148,144,92,76,72,28,52,64,64,40,44,52,60,56,140,256,136,-48,-356
6,-128,-196,-232,-308,-352,-344,-268,-300,20,-40,60,60,220,308,408,400,496,440,400,384,352,336,416,504,512,492,472,520,472,340,192,68,16,-120,-188,-132,-168,-276,-224,-284,-384,-260,-264,-232,-32,12,52,48,144,112,60,4,-20,-28,0,12,52,92,100,116,108,36,-76,-296
6,-292,-340,-396,-432,-428,-464,-488,-380,-348,-272,-220,4,156,220,212,176,176,184,244,252,300,300,404,504,508,492,316,232,-48,-264,-336,-556,-680,-632,-672,-604,-272,-124,-88,-8,108,64,108,76,48,28,36,24,48,56,-40,-76,-124,-180,-344,-432,-660
6,72,60,212,176,192,196,240,232,228,216,236,236,252,288,316,448,528,616,512,456,384,216,52,-192,-160,-332,-344,-188,-276,-240,-176,16,-140,-100,188,252,96,112,216,164,68,56,72,60,80,56,40,56,-48,-216,-292,-524
6,-256,-280,-292,-344,-392,-496,-552,-492,-396,-284,-112,-36,60,84,136,148,148,120,212,236,208,216,208,208,224,260,320,444,520,424,316,100,0,-184,-316,-516,-348,-512,-568,-236,-172,116,172,140,120,132,52,12,4,16,0,8,56,72,28,-8,-248,-388,-916,-1104,-1088
6,-480,-636,-716,-820,-756,-724,-432,-328,-56,0,104,168,44,76,160,128,184,224,236,224,176,180,256,308,440,484,456,308,244,-20,-148,-312,-448,-424,-460,-500,-400,-120,-84,0,220,136,76,92,68,-8,-8,4,-24,12,148,120,80,80,-168,-328,-648
6,-444,-480,-592,-644,-768,-836,-712,-604,-272,-160,48,116,128,80,144,136,168,184,184,148,208,280,372,496,488,384,268,108,16,-252,-220,-244,-420,-484,-456,-376,-260,-48,4,76,108,76,68,56,32,28,72,80,88,-8,-316,-548,-976,-1132,-1284
6,-348,-436,-496,-576,-588,-528,-412,-364,-140,24,100,112,128,44,28,80,116,108,168,216,248,396,324,296,224,80,-68,-184,-260,-404,-420,-508,-476,-496,-292,-248,-184,-68,-24,16,16,40,-28,-28,-4,-32,-8,16,-4,-84,-136,-200,-540,-672,-876,-1012
6,-408,-448,-564,-676,-752,-712,-556,-472,-292,-56,-56,116,152,124,120,96,120,188,168,180,204,216,280,416,384,424,352,164,28,-88,-284,-280,-496,-532,-276,-368,-248,-116,-84,-24,192,212,208,204,104,108,20,16,40,100,104,72,-4,-148,-472