1,352,436,448,392,324,172,104,24,12,92,172,196,140,4,-4,-60,-240,-248,-164,-172,44,136,296,260,360,392,328,296,240,220,124,128,64,-8,-28,16,68,232,236,84,52,8,-56,-224,-288,-212,-232
1,80,100,52,0,-16,-16,52,96,256,256,352,336,500,500,476,472,388,336,328,300,276,200,200,336,328,312,324,400,412,112,-8,-244,-428,-516,-516,-324,-240,-156,-88,132,116,156
1,148,160,196,224,232,288,284,120,32,56,-84,-288,-292,-400,-248,-184,-204,-164,-44,40
1,120,52,64,16,-40,-32,-108,-12,156,112,204,272,336,448,660,684,644,528,340,316,280,236,192,168,244,16,-80,-312,-472,-196,-296,-384,-256,-84,-64
1,192,196,264,280,276,332,428,464,316,288,388,492,616,508,600,636,556,596,568,432,388,400,348,292,264,264,212,-20,-148,-320,-368,-368,-240,-192,-156,-32
1,324,288,284,204,312,16,-108,-112,-288,-360,-336,-252,-192,-172,-60,76,108,308,304,192,288,392,364,288
1,404,396,244,212,220,232,56,44,92,20,-116,-140,-256,-252,-188,-152,-64,-88,-84,16,48,104,136
1,284,224,136,36,-216,-160,-156,-152,-124,-88,-108,-104,52,108,148,224,316,324
1,488,568,476,476,464,468,472,452,496,480,500,488,420,364,344,352,384,400,360,336,348,264,240,-20,-108,-144,-100,-104,-116,-68,56,96,152,184,208
1,168,108,120,184,132,-100,-144,-52,-68,-112,-148,-76,16,168,156,284,336
2,196,76,32,48,152,244,200,220,324,264,180,208,-24,-116,-228,-308,-488,-480,-448,-416,-240,-140,56,156,184,220,240,28
2,36,196,160,148,152,196,188,176,156,208,192,164,164,140,72,24,188,168,248,180,292,320,368,380,352,344,228,108,-92,-176,-288,-452,-476,-468,-452,-260,-188,-128,-88,64,136,160,264,240,204,192,284,56,-144,108,276,284,12
2,168,180,188,216,228,244,240,244,232,200,112,172,204,236,360,364,320,296,308,440,368,156,84,-88,-192,-276,-348,-468,-468,-364,-196,-12,20,60,168,228,320,240
2,228,228,204,248,292,312,440,364,364,296,348,376,368,332,320,176,-32,-124,-308,-352,-532,-560,-512,-420,-176,-96,-28,20,240,340,148,208
2,100,148,148,120,112,104,136,100,104,164,196,204,244,240,236,156,80,-40,-100,-172,-236,-312,-276,-232,-220,-136,-76,-36,16,16,176,264,192,204
2,-264,-324,-468,-536,-536,-512,-360,-232,-180,-100,-88,-4,108,160,124,184,172,84,40,276
2,188,184,160,160,192,180,112,88,88,196,248,304,316,328,376,340,272,76,8,-164,-256,-356,-400,-476,-432,-340,-300,-108,-76,60,140,240,176,84,208
2,180,204,160,152,216,256,200,244,292,296,336,344,380,344,280,228,24,-144,-180,-440,-484,-580,-576,-428,-332,-252,-240,-92,-80,4,56,176,124,128,136,120
2,324,288,244,228,76,-100,-252,-464,-544,-560,-496,-464,-316,-292,-180,-188,-112,-68,64,128,112,192,364,288,336,312,168
2,280,244,264,152,64,-192,-248,-508,-576,-648,-584,-504,-416,-328,-300,-260,-220,-48,-44,0,100,40,324,288
3,32,52,44,-20,40,64,116,184,228,240,308,304,268,220,-40,-128,-340,-616,-752,-784,-756,-604,-556,-496,-460,-336,-292,-224,56
3,140,104,92,164,212,228,200,204,212,240,372,420,328,388,544,524,576,512,476,472,356,268,232,72,-212,-448,-656,-636,-628,-392,-272,-168,-176,-368,-504,-612,-576,-448,-296,-40,44,212,272,540,600,856,764,848,1336,1452,1432,1676,1608,1348,1520,1512,1208,1180,1040,880,904,848,844
3,-172,-236,-200,-204,-20,176,240,288,340,424,428,372,340,48,-288,-884,-1036,-876,-464,-300,-360,-476,-608,-456,-400,-308,92,240,248,304,720,860,980,892,924,1488,1192,1128,1824,1260,1372,1440,1336,1200,1152,1008,920,988,980,900
3,92,108,140,104,64,48,52,96,84,84,88,48,44,60,120,160,292,360,320,340,388,496,540,516,508,500,404,252,-200,-380,-760,-884,-804,-580,-188,-284,-384,-396,-360,-280,-208,28,192,500,552,740,808,1136,1192,1192,1040,856,1284
3,228,184,208,188,196,172,188,168,168,172,156,152,156,168,188,216,168,212,264,328,400,472,568,536,560,492,504,492,476,436,300,-204,-560,-1024,-1040,-744,-496,-236,-252,-320,-276,-164,-64,0,172,320,500,472,872,1176,1132,828,2040,1828,1056,1564
3,16,-20,-12,-4,8,32,48,-16,-56,0,-8,84,92,188,200,344,380,424,372,408,412,364,4,-196,-588,-764,-868,-740,-184,-64,-236,-260,-468,-512,-388,-340,-92,-20,88,188,384,476,684,960,1288,1520,1324,1748,1760,1436,1608,1268,1220,1256,1136,988,1024,940,948,976,976,1000,980,1008,992,1008,988,996,1020
3,-20,-12,0,-8,32,20,8,44,32,32,76,44,60,68,-28,16,80,244,248,332,396,428,420,440,360,72,-272,-864,-1248,-1172,-856,-72,-12,-468,-704,-756,-588,-472,-292,-76,176,208,288,336,816,976,888,748,1616,2036,960,1152,1604,1328,1272,1308,1260,1052,1072,944,936,916,900,964,944,896,968,960,956,984,928,956
3,-172,-200,-188,-204,-200,-212,-196,-132,-56,-48,-80,-128,-188,-208,-20,-12,96,156,312,276,428,484,344,24,-232,-576,-692,-812,-708,-420,-292,-544,-556,-468,-488,-388,-200,-8,80,232,360,588,588,984,1696,1744,1388,1544,1380,1332,1360,1348,1172,1088,1084,976,880,928,916,944
3,-132,-144,-164,-180,-176,-208,-84,52,92,156,168,272,304,396,424,332,168,-292,-596,-976,-1040,-860,-120,-60,-264,-472,-684,-640,-692,-648,-400,-260,-128,-8,272,340,484,528,1088,1368,1084,2040,1680,1492,1572,1404,1376,1296,1200,1020,968,896,912,900,924,944,1008,928,972
3,320,304,248,224,264,172,168,152,144,128,188,124,80,120,216,424,396,404,504,404,416,444,428,292,396,404,164,-24,-208,-288,-356,-360,-272,-148,-200,-240,-336,-328,-280,-232,-24,144,236,448,520,784,1004,960,844,1192,1484,1564,1792,1404,1132,1472,1436,1232,1168,1032,1144,1124,1116,936,872,844
4,452,384,292,176,188,224,208,316,336,268,352,344,492,532,620,648,488,404,360,316,224,236,180,204,132,140,336,380,604,528,460,736,812,492,404,156,-44,-292,-420,-332,-188,232,576,996,1212,1224,1152,1012,772,332,-36,-12,304,472,760,732,712,600,416,296,336,376,436,568,556,444,148,12,-84,-224,-348,-300,-236,80,344
4,212,168,148,256,324,436,512,508,376,348,556,608,604,576,476,480,524,512,528,604,756,780,940,944,1424,1172,412,-512,-916,-1144,-1048,-360,-72,724,1248,1444,1456,1400,1176,1312,1364,968,964,1444,1656,1284,892,260,-680,-720,-452
4,72,-128,-164,-196,-88,88,180,596,696,760,700,712,708,568,752,812,1076,1272,1252,1204,996,1352,400,-256,-1204,-1396,-1280,-964,-220,12,732,1072,1764,1832,1548,1272,1308,1128,1120,1176,1308,1464,1364,1208,892,-204,-596,-556,-520,-84,72,736,1028
4,348,176,100,4,52,184,272,412,516,736,1016,1136,972,708,564,436,416,500,672,884,1084,1304,1404,1428,1076,972,300,-224,-704,-752,-656,-484,-156,-24,516,728,1072,1204,1360,1400,1448,1292,1392,1504,1464,1268,1064,512,316,-240,-372,-272,-172,112,236
4,488,396,364,180,196,200,172,232,296,444,544,772,896,988,996,940,708,556,512,524,768,900,1172,1248,1184,1004,340,-32,-628,-888,-976,-812,-196,492,724,1168,1400,1232,1040,1036,948,1024,1108,1384,1424,872,360,-244,-552,-596,-520,-64,192
4,856,884,892,808,684,540,536,632,704,888,1120,1180,1196,1216,968,676,-16,-340,-820,-844,-732,-516,68,436,1204,1492,1576,1500,1236,1088,820,888,1044,1488,1520,1276,936,248,-116,-352,-380,-196,-108,120
4,160,172,432,536,816,876,868,1032,1552,1564,1180,1008,700,656,612,760,1140,1292,1528,1616,1420,524,4,-684,-808,-892,-784,-32,300,1136,1208,1540,1576,1348,1096,776,696,784,1020,1540,1672,1376,664,236,-472,-564,-332,-160
4,912,568,292,-12,-120,-16,76,356,540,1056,1612,1660,1632,1764,1468,1132,656,568,536,564,1004,1260,1432,1496,1488,1300,692,224,-552,-832,-888,-612,-328,252,752,1460,1540,1564,1392,992,856,872,1076,1532,1784,1772,1616,848,504,-172,-400,-424,-112
4,932,784,604,556,712,876,1344,1436,1400,1380,1044,776,-108,-452,-784,-772,-632,-344,-136,420,832,1444,1516,1540,1488,1040,816,520,412,760,1076,1584,1764,1508,1104,380,92,-448,-532,-440,-224
4,612,632,612,596,596,604,592,612,608,592,600,584,556,604,636,648,668,600,496,256,140,-8,124,320,388,568,544,608,736,1144,1128,1000,736,628,512,520,688,816,1200,1292,1248,1112,456,24,-696,-924,-988,-940,-564,-324,120,720,884,1192,1288,1132,1024,940,920,1156,1324,1652,1524,752,336,-96,-668,-772,-520,-380,172,360
5,184,188,192,168,176,212,204,208,204,236,172,184,280,336,432,512,484,436,220,128,-68,-192,-416,-412,-400,-300,-24,112,216,224,404,316,336,428,800,888,792,600,532,444,508,464,504,412,412,280,152,-28,-112,-328,-448,-352,-280,-28,128,288,396,472,-52,-72
5,168,204,156,112,148,432,456,412,364,472,428,296,208,-184,-392,-660,-704,-604,-296,-96,184,252,248,212,436,364,504,840,728,616,644,524,496,632,628,512,408,460,352,44,-144,-376,-472,-520,-468,-312,-136,252,288,320,472,-148
5,188,184,180,196,228,252,236,264,344,400,260,324,552,580,508,460,384,408,192,68,-496,-732,-660,-604,-428,-112,32,292,240,272,228,148,572,856,924,576,308,416,436,456,476,540,496,296,-140,-356,-712,-692,-508,-444,-72,180,436,580,700,452,396,308
5,-652,-648,-516,-384,60,164,268,260,232,192,572,656,1028,1060,856,704,556,584,588,576,548,552,556,240,24,-312,-452,-536,-524,-456,-364,-16,132,472,492,440,424,244,372
5,124,196,220,244,224,312,256,304,460,480,368,364,340,244,-68,-260,-532,-520,-452,-400,-112,32,176,180,132,152,-112,-52,316,708,732,524,300,284,316,548,524,424,364,276,244,88,-124,-516,-612,-524,-532,-288,156,364,504,616,0,-116,304,280,288,304
5,432,244,-108,-332,-620,-572,-576,-472,-188,76,316,216,212,40,256,284,404,844,568,300,444,508,492,444,456,316,300,180,-60,-388,-644,-580,-428,-352,-4,248,504,360,40,92,388,432,320
5,260,264,252,504,768,880,564,388,420,476,528,432,352,380,320,248,52,-64,-488,-504,-476,-412,-220,120,300,364,524,240,44,400,636,400,312,88
5,188,248,284,360,452,396,348,388,388,340,372,276,200,-172,-276,-500,-500,-416,-364,-20,-20,196,240,116,64,-84,-8,324,516,596,188,232,336,220,188,208,340,300,164,8,-520,-716,-528,-552,-384,-196,200,384,620,636,-96,48,96,320,352
5,-64,164,236,288,52,180,132,468,1000,792,356,424,348,376,580,568,464,472,360,280,36,-136,-500,-696,-584,-452,-332,68,212,376,392,-28,80,276,300,252,324,276
5,288,296,332,184,280,448,476,440,384,288,268,-8,-192,-576,-736,-580,-520,-396,-4,156,236,460,124,104,440,480,764,728,312,280,416,452,344,380,356,328,224,-292,-496,-704,-628,-596,-504,-148,48,484,556,344,268,508,612,532,488,360
6,360,364,336,364,356,360,368,388,416,468,500,512,488,488,448,416,324,304,324,396,280,216,120,128,184,148,164,208,236,296,264,280,352,384,400,164,0,-88,-256,-460,-424,-276,-228,-132,52,236,260,420,376,512,528,692,748,816,576,344,-36,-76,-68,16,148,312,292,256,240,100,152,252,256,108,192,236
6,288,276,304,356,408,408,392,392,408,348,340,324,184,116,84,56,40,116,152,184,124,148,140,108,116,172,232,316,324,352,280,-136,-196,-408,-440,-520,-488,-364,-228,28,380,472,380,532,796,840,1176,1096,804,624,-68,-300,-508,-444,112,304,504,564,324,248,168,0,-36,284,308,192
6,224,220,220,208,200,216,228,236,244,224,248,268,248,244,276,276,244,204,188,184,172,200,196,248,248,204,184,172,172,104,28,0,48,100,100,80,52,20,92,156,172,196,280,292,52,-144,-204,-236,-516,-420,-328,-328,-312,12,112,72,156,300,284,520,464,412,408,568,584,352,-124,-288,-480,-436,28,128,248,256,104,112,144,-80,-172,36,68,220,284,168,188
6,228,232,244,248,292,364,384,332,312,276,256,216,200,232,312,380,360,340,312,240,184,176,192,180,112,124,180,184,152,164,260,268,228,204,108,-124,-200,-328,-396,-384,-288,-164,-40,208,316,584,564,488,552,568,496,632,728,508,116,-124,-440,-428,-120,-84,276,396,428,456,356,268,240,232,264,268
6,304,332,356,384,388,436,460,420,396,388,364,336,328,272,196,192,128,120,148,172,212,200,188,216,260,248,256,244,160,120,-100,-264,-372,-368,-380,-248,-140,112,244,376,444,512,640,812,828,604,516,396,320,-40,-308,-336,-56,112,264,324,364,300,136,72,40,68,228,416
6,400,392,376,396,432,444,424,404,432,420,412,440,424,360,368,368,308,216,100,124,192,176,148,240,260,236,240,312,376,292,200,-124,-324,-448,-456,-472,-412,-240,-140,216,452,404,416,676,604,596,796,792,540,500,84,-88,-240,-256,72,260,436,496,228,140,136,116,240,352,364,376
6,428,464,476,452,444,484,428,412,352,328,292,280,220,212,68,72,92,236,252,240,244,372,416,320,136,-236,-376,-456,-324,-192,-52,220,364,680,576,756,896,908,788,788,644,628,252,76,-208,-228,192,376,560,572,120,-32,100,152,324,484
6,452,424,444,448,452,480,500,464,500,504,520,484,432,412,428,412,292,128,116,188,232,252,288,384,428,440,548,508,244,56,-172,-348,-484,-368,-140,60,312,468,548,564,756,864,780,832,716,464,96,-448,-340,92,248,528,596,576,504,180,124,124,32,200,320,472
6,344,164,140,84,44,72,184,280,252,188,348,408,480,424,344,-156,-420,-636,-440,-304,-64,180,720,612,812,956,904,868,888,856,300,24,-336,-288,116,344,572,676,268,92,-32,-84,128,500,468
6,476,472,524,552,500,476,460,492,512,468,364,332,236,160,228,220,240,260,384,396,472,596,520,128,-76,-336,-364,-448,-344,-68,-16,408,584,552,568,892,828,928,940,492,-12,-192,-352,-248,180,268,580,568,368,352,236,172,60,148,348
