1,-128,-176,-216,-240,-312,-388,-508,-592,-684,-688,-664,-672,-608,-540,-556,-516,-488,-436,-424,-384,-324,-316,-328,-248,-232,-276,-264,-280,-296,-276,-244,-224,-188,-48,-96,-84,-60,4,24,52,116,100,168,160,200
1,292,220,104,12,-52,-64,-108,-164,-224,-188,-228,-384,-380,-428,-368,-312,-296,-124,-132,-152,-188,-104,-140,-192,-172,-176,-188,-148,-120,-120,-64,8,124,148,308,376,332
1,-256,-312,-260,-236,-244,-212,-96,-104,-80,-40,-60,-64,-84,-104,-116,-88,-132,-144,-104,-100,-72,-4,56,148,140,308,484,548,592,452,552
1,-376,-332,-260,-248,-248,-252,-184,-136,-64,-68,-104,-124,-208,-224,-216,-264,-252,-276,-260,-260,-168,-80,-36,176,216,352,432,504,500,396
1,232,260,128,28,-68,-84,-128,-224,-436,-480,-508,-492,-452,-372,-304,-264,-180,-48,-20,28,8,-4,8,-28,-48,-112,-124,12,20,88,332,428,476,480,612,568,472,500,644,660,680,672
1,-492,-488,-500,-416,-300,-84,4,148,176,64,8,-44,-72,-156,-180,-324,-340,-404,-388,-224,-32,116,196,304,328,336,440,468,568,576,664,720,668,616,736,648
1,52,-8,-24,-208,-308,-412,-492,-484,-452,-292,-252,-128,-68,-72,12,48,20,-48,-112,-124,-136,-140,-176,-172,-180,-172,-100,-84,68,108,204,344,392,452,528,496,488,560,548,416,356
1,116,68,8,-12,-20,-56,-72,-116,-140,-172,-168,-64,-28,96,88,196,292,316,324,320,404,400,444,400,188,232,356
1,-240,-252,-260,-248,-236,-224,-240,-264,-236,-148,-124,-48,-108,-12,12,28,88,72,104,208,220,208,148
2,36,112,92,120,124,128,224,304,364,348,268,272,384,356,460,412,224,332,392,344,360,420,420,492,444,336,392,332,244,280,252,164,248,8,-92,-12
2,184,120,24,-164,-216,-92,-16,124,156,184,236,352,344,260,292,360,432,388,308,388,524,452,324,412,456,384,408,432,476,476,324,252,364,208,144,108,4,32,100
2,356,324,256,244,364,384,340,456,420,328,400,472,468,488,476,336,292,180,140,172,168,108,32,64
2,236,268,308,340,332,288,284,284,312,412,484,444,328,332,388,400,400,432,404,404,472,436,400,444,336,348,284,180,172,92,160,112,100,100
2,-8,108,120,220,268,244,240,248,248,292,312,304,284,304,356,372,416,396,360,372,316,276,304,336,408,460,408,368,376,296,264,376,232,208,168,-20
2,208,216,260,284,252,260,332,336,324,332,368,380,316,324,412,500,500,452,400,372,396,376,372,376,388,480,472,356,376,356,264,324,288,276,392,208,252,244,160,216
2,100,88,28,12,4,-52,-20,56,176,188,200,220,212,212,360,444,416,360,324,284,260,308,328,336,360,364,360,316,284,368,388,420,392,240,276,436,432,328,224
2,24,24,56,8,-68,72,164,216,220,232,248,232,300,316,316,312,388,476,532,488,432,436,348,312,400,460,480,472,436,252,224,264,248,108,84,108,168,104,88
2,144,136,276,328,344,332,320,340,396,424,468,468,436,472,472,460,344,332,444,396,380,500,476,260,188,296
2,48,160,152,116,176,204,228,272,276,348,352,292,268,296,288,364,396,352,364,356,284,280,312,336,360,364,388,392,356,372,288,236,304,192,216,132,20,-12,-48,-72,-44
3,80,100,60,-56,-108,-308,-224,84,88,108,164,240,288,248,252,224,148,184,156,44,-136,-116,-80,-136,-128,-108,-128,80,180,192,312,508,524,824,1032,988,904,1236,1284,1584,1660,1488,1376,1292,1432,1460,1248,1396,988
3,136,148,24,-28,-36,40,100,204,228,236,288,416,404,256,204,132,92,-4,-100,-264,-252,-160,-120,84,292,324,432,584,828,808,1264,1396,1204,1288
3,44,148,172,220,292,312,292,264,240,156,148,100,-44,-92,-140,-184,-160,-80,-76,-32,184,188,372,468,508,568,812
3,132,124,80,148,128,52,88,184,184,296,256,212,312,332,276,304,280,248,248,248,168,60,-120,-136,-220,-216,-72,-4,224,368,516,516,552,592,788,856,860,1132,1216,1408,1580,1744
3,116,112,104,64,64,92,36,60,184,164,196,204,204,256,300,284,320,352,256,228,240,212,128,84,8,-176,-208,-264,-268,-56,48,280,488,540,500,728,812,920,1300
3,196,156,196,280,212,236,252,344,360,328,348,332,312,304,304,244,176,132,92,-44,-96,-156,-172,-164,-12,116,376,548,704,676,872,888,956,1096,1060,1312,1364
3,444,448,452,424,276,264,224,172,88,108,40,-32,-132,-208,-360,-324,-120,4,228,356,632,636,808,908,988,1244,1292,1152,1164,1316,1304,1340,1348,1256,1224,1320
3,296,288,272,180,176,92,-92,-196,-240,-252,-320,-296,-48,72,408,648,688,592,784,760,816,1052,1048,880,1300,1352,1436,1680,1524
3,256,260,196,232,236,204,128,88,112,160,400,400,280,308,308,360,392,364,368,332,268,288,284,184,76,-48,-88,-164,-204,-296,-372,-408,-148,44,188,328,632,596,744,900,820,936,1468,1552,1596,1600,1508,1420,1516,1448,1472,1396
3,204,312,360,352,396,404,412,388,412,396,344,276,240,128,80,-40,-104,-192,-240,-244,-176,96,232,436,660,704,816,876,840,880,992,1108,1472,1336,1692,1624
4,128,-92,-132,-580,-868,-920,-1080,-880,-564,28,296,540,568,740,788,596,564,644,628,632,656,704,632,644,852,740,432,520,196,-20,-188,-252,-216,-136,-124,-80,-180,-144,-64,-80,-108,-160,-160,16,224,320,348,548,704,620,568,524,508,504,496,452,444,404,496,508,544,604,504,412,108,24,-368,-320,-432,-364
4,160,140,8,-60,44,48,0,-100,-356,-372,-340,-404,-356,-164,-60,112,204,328,356,300,276,268,248,240,248,208,180,288,356,364,480,448,600,676,568,612,492,320,208,88,16,36,8,44,28,-44,-68,-112,-104,-32,-24,120,156,160,232,384,472,556,564,512,540,516,524,456,432,372,280,340,388,392,460,416,248,172,124,152,84,-8,-44,24,204,236,236,328
4,-124,-248,-384,-360,-284,-428,-504,-440,-344,-8,132,296,388,488,524,576,576,560,544,552,544,572,592,512,468,560,456,244,-52,-168,-96,-172,-616,-648,-616,-500,-500,-552,-488,-464,-192,-16,376,536,884,876,884,848,860,888,804,752,752,784,740,612,488,32,-152,-544,-628,-356,-256,-268,-204
4,-276,-512,-740,-736,-664,-616,-332,-172,32,172,484,648,812,824,872,956,936,924,908,980,928,672,504,196,-84,-564,-600,-268,-188,-576,-688,-620,-620,-684,-812,-772,-660,-52,624,912,1276,1244,1104,1096,1052,996,880,864,856,848,768,724,492,380,-8,-312,-504,-280,-312,-204,-20,224,240
4,92,48,-32,-176,-188,-344,-388,-636,-728,-356,-116,152,276,496,660,808,804,756,700,672,592,580,700,768,740,756,564,452,148,-112,-296,-196,24,-32,-140,-148,-44,-176,-252,-272,-264,-236,-224,-296,-280,-132,16,316,488,848,988,1092,1024,920,920,676,524,552,600,604,584,552,416,340,256,-4,-368,-584,-280,-160,-100,-76,132,260,240
4,100,44,-56,-192,-240,-260,-384,-508,-432,-348,-176,400,472,600,748,936,1060,1012,928,716,668,504,464,544,528,692,696,576,388,372,-152,-268,-180,-144,-80,-88,52,112,-216,-356,-304,-272,-340,-420,-516,-328,-72,280,432,856,996,988,864,888,896,868,812,640,616,584,612,532,600,376,196,184,-24,-368,-452,-376,-304,-248,-20,64,276,236,20
4,-476,-496,-196,-32,92,172,492,668,844,808,720,704,608,508,484,608,716,768,768,596,508,36,-116,-268,-216,-152,-180,-76,12,-112,-276,-328,-348,-316,-436,-436,-400,-368,96,232,496,624,828,872,776,756,728,704,628,548,516,608,684,568,536,548,516,240,12,-480,-580,-252,-208,-312,-232,108,260,304,184
4,876,788,776,704,744,956,936,860,892,468,120,-440,-528,-168,16,-44,0,52,-44,-124,-124,-200,-256,-264,-380,-452,-512,-304,80,296,728,896,1048,1016,872,884,772,716,668,628,584,752,816,644,564,364,288,4,-140,-468,-512,-348,-240,-200,-108,216,224,148,140,260
4,980,888,876,604,160,-40,-84,-88,-288,-364,-200,-64,-4,-56,-64,-36,-100,-100,-360,-448,-412,-244,144,604,780,944,968,884,820,812,764,624,568,616,616,580,564,540,536,340,144,-280,-400,-292,-72,-152,-192,-12
4,244,180,-12,-260,-444,-700,-676,-584,-452,96,172,524,732,936,928,808,792,768,628,576,628,664,860,848,916,844,372,144,-324,-216,-132,-200,-304,-200,36,-108,-144,-252,-284,-280,-296,-348,-304,148,356,652,708,960,1056,964,836,756,676,588,492,520,648,704,804,836,848,780,300,80,-256,-264,-344,-376,-296,-88,248
5,188,112,4,-44,324,300,120,180,228,252,436,428,388,340,360,460,328,316,408,404,428,460,480,324,176,112,92,-28,-92,124,8,-56,0,-100,-48,108,132,252,276,420,508,428,492,480,412,420,344,344,376,408,436,448,396,392,276,256,4,-100,72,168,104,168
5,248,244,-132,36,80,124,168,220,272,340,368,388,392,360,460,380,244,288,336,252,300,308,400,472,324,276,428,320,100
5,668,616,416,352,360,348,352,272,280,360,508,500,440,348,292,224,192,-296,-260,16,-16,44,128,184,168,180,176,272,388,496,556,512,412,444,348,324,336,304,368,480,396,280,308,260,48,-64,-144,64
5,284,292,460,388,364,444,396,436,528,420,364,356,356,376,440,316,176,168,188,-68,-176,-240,-164,-188,-252,-132,60,20,24,84,216,304,436,476,476,484,532,484,420,396,380,364,392,416,380,360,344,288,296,96,16
5,280,396,432,424,440,472,440,448,440,312,288,344,384,336,204,-136,-16,336,156,220,72,-16,108,152,272,264,184,200,256,252,288,380,412,348,320,328,316,308,272,392,496,508,452,436,464,196,44,128,204
5,664,544,544,536,472,444,380,288,296,404,400,300,328,528,124,16,-200,-192,112,176,228,156,96,112,216,244,268,332,464,464,524,520,500,524,372,332,428,520,580,576,396,436,368,44,56,12,-100,-244,-128,16
5,240,240,272,288,276,372,596,608,612,508,476,488,476,472,524,612,644,348,264,200,52,-280,-296,-276,-288,-136,128,112,-20,24,220,272,364,452,564,580,688,644,596,660,432,348,464,524,580,492,432,264,204,124,112,-48,-60,120,144,100
5,292,324,224,232,308,464,484,556,576,452,376,408,404,312,320,464,560,648,652,548,456,76,-236,-412,-484,-348,-120,-12,88,48,132,256,428,468,532,524,480,536,532,512,484,328,340,464,512,652,656,444,328,116,40,164,100,-28,-76,48,72,84
5,400,428,472,620,608,636,484,400,424,496,524,560,516,432,368,276,172,-40,-112,-16,-100,-172,-60,4,8,96,160,296,380,496,500,584,580,584,632,596,548,468,428,444,520,588,516,476,356,308,-72,-156,112,164,48
5,436,356,364,544,568,584,536,444,352,340,564,760,716,532,516,404,96,60,148,248,132,68,244,280,236,256,272,356,424,528,524,508,492,504,516,452,360,240,232,404,492,556,372,408,404,252,160,220,300,156
6,272,280,308,360,420,412,68,172,456,540,404,-40,-248,-412,-160,-60,-104,-208,-184,-216,-280,-356,-200,32,72,176,184,224,372,644,768,636,456,340,96,-8,112,28,-36,4,68,120,276,284,228,220,268,288,168,252,244,236,212,232,268,228,256,224,256,232,152
6,132,64,60,64,120,308,388,316,152,-92,-164,-180,-64,-104,-204,-148,-132,-152,-208,-196,-80,-64,48,144,200,360,668,632,588,428,-80,-400,-436,-460,-432,-256,-212,-80,52,176,192,216,204,128,144,184,112,144,108,44,-20,224,200
6,212,208,164,260,336,312,204,200,96,68,-260,-392,-236,-276,-424,-364,-264,-280,-156,-36,4,108,144,276,380,572,512,444,276,-120,-268,-536,-640,-400,-240,-144,-24,192,268,228,180,108,256,236,188,236,88,132,84
6,236,80,-16,8,-28,-68,-24,0,-96,-140,-172,-520,-652,-576,-512,-240,-252,-172,-16,188,184,472,648,672,760,584,248,328,316,128,-16,-112,-308,-304,-92,16,64,96,224,220,212,280,252,268,304,236,264,204,236,252
6,296,352,308,324,408,232,32,-168,-192,-72,-232,-512,-424,-188,-180,-148,-132,-80,80,120,188,276,420,548,616,460,300,232,-196,-380,-480,-472,-220,-32,8,-32,176,128,152,344,248,180,316,508,384,460,440,424,396,328
6,240,328,276,336,388,308,220,196,160,-32,-4,64,12,-204,-284,-244,-272,-204,-204,-192,-160,-56,172,236,360,448,424,352,588,560,292,220,40,-36,-96,-100,-36,100,180,264,340,348,288,180,208,144,64,340,296,252,220,296,276,272,244,212,176
6,304,212,68,28,-8,-116,-280,-332,-276,-184,-92,-48,-84,-104,128,252,264,304,528,496,476,588,480,336,272,-72,-140,-104,-104,44,96,240,276,380,368,348,236,224,200,164,288,260,288,268,312,260,212,220,172,152
6,168,176,152,144,204,224,428,448,284,200,12,-24,-48,-116,-224,-256,-160,-104,-160,-44,-32,0,24,164,268,440,468,480,544,288,324,600,376,-108,-204,-244,-144,92,204,236,184,168,164,188,200,172,272,304,272,224,228,220,220,152,208,144
6,304,480,392,64,-56,-248,-244,-228,-320,-320,-164,-120,-172,-208,-36,92,128,172,408,348,276,368,212,204,312,-64,-92,-148,-252,-256,-180,-80,-28,80,132,240,192,152,236,320,240,232,220,180,272,300,244,136,196,52,116,92
6,208,208,392,488,476,328,92,12,-64,12,-40,-92,-112,-176,-180,-216,-212,-200,-120,-144,-72,128,128,288,368,352,424,460,264,-52,-92,-36,-64,-80,8,44,72,236,268,236,208,156,104,104,232,240,244,204,100,236
