1,-872,-896,-888,-928,-916,-928,-944,-980,-984,-976,-980,-960,-928,-936,-936,-940,-964,-960,-1012,-1028,-1076,-1104,-1136,-1156,-1124,-1112,-1084,-1056,-1016,-992,-984,-984,-948,-928,-912,-900,-868,-852,-848,-808,-808,-808,-820,-832,-844,-852,-864,-916,-932,-980,-996,-1028,-1092,-1124,-1172,-1204,-1264,-1292,-1256
1,-872,-884,-832,-824,-852,-864,-928,-968,-1040,-1064,-1084,-1096,-1100,-1092,-1092,-1088,-1072,-1088,-1092,-1088,-1088,-1084,-1064,-1036,-1016,-964,-944,-888,-880,-848,-836,-796,-796,-780,-776,-800,-828,-844,-888,-904,-924,-932,-952,-972,-1020,-1040,-1108,-1148,-1224,-1232,-1296,-1320,-1312,-1300,-1216,-1104
1,-892,-932,-964,-968,-968,-980,-1012,-1032,-1056,-1072,-1072,-1080,-1068,-1048,-1092,-1088,-1072,-1076,-1060,-1056,-996,-980,-960,-940,-896,-888,-872,-848,-808,-800,-788,-768,-768,-788,-804,-828,-848,-920,-944,-1028,-1056,-1116,-1168,-1212,-1224,-1240,-1232,-1220,-1200
1,-896,-880,-884,-864,-856,-864,-884,-888,-904,-924,-936,-984,-1008,-1036,-1048,-1068,-1060,-1060,-1060,-1064,-1068,-1080,-1056,-1064,-1052,-1028,-980,-932,-884,-884,-820,-808,-764,-736,-740,-744,-772,-780,-816,-844,-876,-900,-936,-996,-1028,-1092,-1148,-1208,-1240,-1272,-1272,-1260,-1264,-1200,-1148,-1108,-1048
1,-856,-844,-856,-860,-868,-884,-900,-956,-1032,-1088,-1144,-1148,-1156,-1152,-1128,-1124,-1108,-1120,-1060,-1032,-984,-944,-888,-844,-800,-760,-724,-696,-680,-656,-684,-704,-736,-792,-836,-916,-956,-1028,-1072,-1184,-1200,-1296,-1304,-1284,-1264,-1252,-1200,-1164,-1084,-1048,-952
1,-888,-904,-912,-908,-916,-952,-968,-1008,-1040,-1088,-1112,-1156,-1160,-1160,-1132,-1124,-1096,-1064,-1048,-996,-976,-904,-848,-844,-792,-784,-772,-764,-748,-728,-744,-764,-788,-792,-828,-864,-940,-960,-1036,-1064,-1132,-1204,-1204,-1244,-1256,-1272,-1256,-1204,-1156,-1068,-1044
1,-848,-836,-856,-852,-852,-844,-844,-880,-904,-944,-980,-1052,-1068,-1120,-1108,-1152,-1104,-1136,-1108,-1112,-1040,-1012,-992,-980,-924,-928,-888,-856,-836,-828,-808,-800,-752,-728,-732,-740,-748,-768,-768,-820,-856,-908,-952,-1092,-1144,-1216,-1280,-1280,-1284,-1292,-1268,-1232,-1204
1,-868,-876,-872,-864,-856,-860,-888,-856,-876,-944,-984,-1044,-1092,-1144,-1192,-1184,-1184,-1164,-1132,-1092,-1016,-1000,-948,-920,-860,-816,-760,-724,-704,-700,-688,-700,-732,-756,-800,-824,-824,-896,-916,-1004,-1048,-1128,-1152,-1208,-1224,-1236,-1240,-1240
1,-860,-848,-852,-832,-840,-820,-812,-828,-852,-892,-968,-1016,-1148,-1168,-1228,-1244,-1216,-1188,-1180,-1148,-1108,-1092,-992,-916,-828,-772,-720,-700,-664,-640,-652,-672,-676,-744,-768,-804,-828,-864,-912,-972,-1044,-1132,-1160,-1244,-1264,-1308,-1300,-1256,-1180,-1148,-1052,-1008
1,-844,-844,-852,-852,-836,-816,-824,-824,-844,-876,-908,-976,-1004,-1088,-1152,-1176,-1164,-1172,-1208,-1196,-1156,-1084,-1000,-972,-852,-800,-748,-708,-668,-660,-640,-640,-652,-664,-732,-760,-816,-888,-920,-968,-1000,-1076,-1100,-1192,-1236,-1292,-1284,-1268,-1236,-1172,-1124
2,-952,-976,-988,-1028,-1064,-1184,-1252,-1252,-1220,-1104,-1020,-888,-824,-652,-576,-480,-416,-244,-188,-124,-32,-32,-8,0,-32,-44,-48,-44,-40,-24,12,28,4,12,-12,-12,-4,-4,20,48,76,156,168,84,92,36,-60,-208,-176,-356,-552,-708,-612,-744
2,-964,-1008,-1012,-1044,-1056,-1084,-1084,-1072,-1052,-1004,-964,-884,-824,-716,-676,-592,-532,-484,-308,-228,-140,-108,28,80,60,28,52,44,16,52,88,80,112,96,64,52,52,76,84,108,140,156,136,88,84,-36,-152,-192,-224,-292,-440,-616,-648,-668,-852,-876
2,-940,-936,-948,-988,-988,-1036,-1116,-1124,-1116,-1112,-1072,-952,-908,-788,-748,-568,-516,-468,-412,-284,-216,-140,-140,-44,28,44,4,68,80,60,52,72,80,80,108,116,144,152,212,204,164,88,-60,-68,-60,-224,-380,-264,-460,-620,-736,-772,-756,-800
2,-1036,-996,-920,-784,-720,-608,-536,-476,-436,-324,-296,-116,-76,4,28,144,172,196,236,268,240,236,240,220,156,148,148,164,200,244,272,204,208,168,-76,-148,-236,-292,-380,-456,-520,-680
2,-992,-936,-900,-816,-748,-668,-628,-540,-500,-396,-336,-244,-92,-28,48,64,136,164,172,148,136,96,128,132,140,156,180,172,144,152,156,184,188,220,232,208,212,180,88,-104,-128,-124,-236,-512,-512,-380,-520,-784
2,-1016,-1104,-1128,-1056,-1012,-872,-780,-588,-564,-408,-328,-248,-160,-36,52,152,216,304,276,256,232,216,172,164,172,160,172,192,216,216,244,256,284,248,272,220,64,-72,-104,-264,-456,-456,-516,-780,-932,-852,-820
2,-1096,-1112,-1056,-1004,-960,-808,-748,-636,-564,-452,-408,-252,-192,-84,-56,68,104,84,144,176,152,172,184,192,208,192,164,160,164,156,212,240,236,272,136,124,28,-128,-208,-256,-348,-496,-516,-552,-684
2,-932,-964,-1004,-1052,-1104,-1152,-1140,-1116,-1052,-836,-768,-628,-584,-496,-352,-292,-188,-156,-20,28,148,180,208,216,168,184,160,136,136,140,140,136,168,180,204,236,268,248,200,104,52,-44,-192,-344,-324,-476,-540,-668
2,88,168,216,260,300,272,276,268,260,264,248,228,256,248,332,356,372,384,272,220,24,-88,-204,-192,-304,-356,-520,-488
2,-1088,-948,-800,-736,-616,-564,-460,-388,-256,-212,-96,0,64,116,244,312,296,320,328,300,252,232,208,228,256,300,292,336,364,320,352,248,128,144,100,-72,-100,-256,-312,-444,-408,-480,-776,-808,-960,-968,-1096
3,-1032,-1036,-1028,-1088,-1128,-1120,-1180,-1144,-1128,-1152,-1152,-1156,-1180,-1092,-1072,-1032,-972,-876,-800,-764,-592,-560,-524,-484,-364,-388,-300,-260,-168,-128,-176,-212,-196,-220,-192,-220,-244,-256,-260,-236,-208,-192,-184,-108,-144,-232,-248,-292,-268,-320,-384,-288,-268,-348,-448,-396,-412,-516,-556,-480
3,-1048,-1052,-1072,-1104,-1120,-1120,-1128,-1112,-1120,-1088,-1060,-1028,-952,-888,-788,-744,-664,-616,-552,-544,-468,-368,-356,-244,-196,-212,-220,-224,-236,-184,-184,-232,-232,-212,-192,-148,-164,-156,-148,-164,-184,-176,-180,-168,-108,-84,-216,-268,-276,-260,-276,-328,-276,-268,-536,-392
3,-968,-960,-968,-968,-972,-976,-992,-952,-976,-996,-964,-956,-992,-964,-960,-988,-1000,-1016,-1040,-1096,-1092,-1116,-1152,-1200,-1212,-1232,-1216,-1120,-1080,-1000,-988,-940,-880,-772,-584,-496,-228,-204,-208,-132,-140,-112,-100,-172,-252,-276,-260,-276,-316,-312,-260,-240,-180,-176,-172,-116,-120,-272,-312,-252,-236,-408,-480,-288,-456,-452,-488,-336,-380,-560
3,-1004,-1000,-1008,-1016,-1012,-1020,-1016,-996,-976,-988,-976,-984,-1008,-1012,-1024,-1004,-996,-1008,-1016,-1008,-1020,-1036,-1040,-1072,-1076,-1140,48,-1196,-1232,-1240,-1240,-1172,-1016,-988,-968,-940,-832,-768,-720,-684,-632,-572,-360,-288,-200,-328,-372,-304,-320,-344,-352,-364,-352,-332,-328,-328,-308,-272,-248,-244,-236,-240,-280,-284,-256,-384,-404,-316,-268,-344,-348,-376,-292,-188
3,-968,-972,-960,-972,-956,-952,-972,-1020,-1020,-1048,-1044,-1008,-972,-1000,-976,-1016,-992,-972,-964,-956,-968,-1000,-996,-996,-1008,-1020,-1012,-1016,-1028,-1020,-1024,-1020,-1028,-1028,-1064,-1112,-1048,-1076,-1212,-1160,-1180,-1200,-1172,-1180,-1100,-1088,-996,-956,-892,-776,-744,-696,-624,-552,-504,-368,-344,-276,-252,-208,-244,-220,-180,-208,-240,-232,-240,-232,-216,-220,-212,-200,-188,-204,-204,-184,-192,-220,-212,-248,-228,-212,-204,-252,-240,-160,-260,-332,-228,-216,-332,-296
3,-1016,-996,-1008,-972,-988,-996,-976,-996,-1000,-1020,-984,-984,-984,-988,-1008,-1016,-996,-988,-988,-1008,-996,-996,-996,-1008,-1088,-1112,-1068,-1100,-1128,-1128,-1172,-1192,-1208,-1100,-1108,-1028,-1004,-956,-888,-824,-756,-624,-596,-492,-460,-360,-296,-160,-80,-92,-160,-164,-196,-204,-212,-208,-224,-236,-208,-188,-168,-160,-124,-140,-184,-164,-232,-248,-308,-200
3,-1028,-1000,-1004,-1004,-1008,-1016,-1016,-1000,-996,-992,-1028,-1016,-1004,-1016,-1008,-996,-1008,-1028,-1032,-1020,-1008,-1020,-1032,-1080,-1104,-1048,-1184,-1268,-1252,-1292,-1332,-1268,-1184,-1024,-1016,-868,-812,-680,-532,-424,-136,-44,-40,-48,-248,-224,-212
3,-972,-932,-900,-780,-744,-624,-540,-488,-452,-308,-296,-280,-252,-224,-220,-284,-312,-300,-252,-260,-276,-244,-244,-240,-240,-232,-236,-216,-148,-244,-264,-304,-304,-276,-296,-536,-460,-444
3,-924,-928,-928,-956,-972,-972,-1008,-1020,-1080,-1156,-1288,-1288,-1320,-1340,-1228,-1072,-836,-784,-724,-680,-552,-456,-260,-212,-240,-188,-112,-128,-160,-184,-196,-224,-224,-204,-200,-148,-124,-100,-72,-112,-224,-308,-264,-344,-452,-408,-368
3,-1028,-1024,-1024,-1016,-1004,-960,-964,-984,-988,-988,-996,-1000,-1040,-1036,-1040,-1020,-1016,-1016,-1012,-1008,-1008,-1012,-1012,-1004,-1004,-1012,-1048,-1044,-1068,-1144,-1108,-1112,-1168,-1228,-1216,-1160,-1132,-1032,-972,-924,-888,-748,-684,-524,-372,-224,-320,-360,-380,-364,-384,-384,-408,-408,-360,-368,-368,-348,-340,-324,-336,-312,-320,-320,-304,-216,-132,-108,-92,-60,-152,-276,-344,-480,-524,-684,-864,-412,-684
4,-772,-760,-744,-648,-708,-728,-688,-652,-628,-700,-764,-1056,-1208,-1236,-1276,-1488,-1528,-1520,-1336,-1208,-940,-816,-616,-524,-440,-480,-500,-472,-396,-452,-712,-832,-1032,-1148,-1440,-1564,-1604,-1576,-1496,-1452,-1308,-912,-744,-412,-384,-484,-420,-412,-552,-804,-800,-936,-1260,-1660,-1680,-1744,-1704,-1384,-1272,-1200,-852,-648,-372,-320,-300,-300,-340,-336,-404,-472,-748,-924,-1304,-1460,-1736,-1768,-1520,-1272,-1248,-1024,-848,-872
4,-856,-828,-816,-808,-800,-840,-856,-876,-896,-936,-956,-992,-1016,-1068,-1072,-1116,-1140,-1144,-1124,-1096,-1052,-1032,-952,-896,-788,-756,-672,-648,-640,-632,-640,-656,-708,-740,-852,-984,-1056,-1184,-1252,-1340,-1352,-1328,-1292,-1208,-1172,-1028,-964,-884,-832,-760,-712,-668,-676,-712,-744,-852,-964,-1012,-1164,-1232,-1324,-1368,-1376,-1356,-1264,-1208,-1068,-988,-820,-748,-616,-564,-492,-452,-452,-476,-540,-688,-772,-948,-1076,-1408,-1364,-1420
4,-880,-900,-956,-968,-1068,-1112,-1192,-1236,-1252,-1260,-1228,-1232,-1152,-1084,-940,-784,-720,-628,-600,-576,-572,-592,-620,-704,-752,-896,-972,-1132,-1220,-1356,-1388,-1500,-1508,-1476,-1428,-1224,-996,-904,-748,-700,-636,-616,-616,-632,-708,-780,-900,-988,-1164,-1248,-1388,-1428,-1448,-1428,-1360,-1212,-1120,-916,-824,-680,-604,-504,-460,-436,-452,-512,-576,-756,-852,-1108,-1244,-1448,-1512,-1584,-1484,-1344
4,-832,-820,-844,-844,-876,-920,-936,-1052,-1100,-1184,-1220,-1276,-1308,-1324,-1308,-1272,-1220,-1064,-876,-772,-608,-556,-500,-508,-512,-532,-636,-712,-876,-960,-1152,-1212,-1344,-1408,-1508,-1552,-1532,-1420,-1320,-1096,-980,-804,-752,-644,-624,-612,-636,-716,-756,-832,-884,-1036,-1108,-1336,-1456,-1568,-1576,-1508,-1396,-1332,-1144,-1044,-816,-716,-556,-504,-436,-412,-388,-412,-520,-580,-776,-888,-1156,-1308,-1572,-1704,-1700,-1604,-1504,-1264,-1168,-908
4,-828,-808,-844,-852,-940,-992,-1204,-1240,-1300,-1324,-1344,-1336,-1328,-1280,-1228,-1076,-984,-788,-708,-560,-520,-492,-492,-508,-548,-684,-756,-992,-1092,-1316,-1380,-1500,-1568,-1600,-1552,-1472,-1244,-1120,-848,-768,-648,-596,-568,-572,-636,-692,-776,-808,-956,-1052,-1224,-1316,-1504,-1556,-1548,-1488,-1432,-1316,-1212,-1008,-884,-680,-592,-476,-436,-372,-400,-448,-520,-668,-752,-936,-1060,-1144,-1340,-1452,-1672,-1716,-1684,-1600,-1204,-1044
4,-844,-896,-912,-1000,-1072,-1220,-1272,-1308,-1292,-1280,-1280,-1204,-1052,-960,-752,-668,-572,-544,-520,-520,-556,-600,-708,-764,-944,-1036,-1232,-1308,-1440,-1496,-1568,-1576,-1472,-1388,-1172,-1040,-820,-728,-596,-568,-544,-552,-632,-676,-780,-900,-1008,-1188,-1304,-1512,-1544,-1520,-1488,-1364,-1272,-1120,-1016,-832,-736,-608,-544,-460,-448,-436,-496,-540,-664,-756,-964,-1080,-1320,-1416,-1592,-1672,-1708,-1636,-1424,-1296,-980
4,-808,-808,-812,-836,-896,-940,-1092,-1196,-1272,-1272,-1372,-1400,-1324,-1348,-1216,-1100,-912,-804,-628,-504,-472,-476,-480,-528,-572,-676,-744,-916,-992,-1200,-1300,-1488,-1548,-1612,-1592,-1444,-1344,-1060,-912,-724,-596,-552,-560,-576,-668,-708,-792,-840,-1008,-1088,-1264,-1380,-1484,-1520,-1488,-1440,-1272,-1180,-972,-748,-636,-484,-444,-356,-348,-372,-380,-500,-568,-816,-928,-1212,-1368,-1560,-1664,-1672,-1628,-1456,-1376,-936,-776
4,-812,-808,-808,-856,-884,-992,-1024,-1160,-1248,-1280,-1276,-1324,-1320,-1284,-1184,-1112,-920,-816,-648,-604,-484,-476,-460,-484,-544,-608,-760,-852,-1044,-1128,-1304,-1356,-1476,-1504,-1496,-1388,-1288,-1088,-956,-772,-700,-616,-588,-588,-580,-656,-708,-824,-904,-1072,-1192,-1356,-1440,-1440,-1376,-1332,-1204,-1120,-980,-892,-732,-660,-540,-476,-408,-400,-416,-444,-516,-584,-720,-800,-1012,-1304,-1472,-1680,-1640,-1636,-1468,-1136
4,-848,-912,-916,-996,-1040,-1084,-1112,-1232,-1252,-1256,-1248,-1268,-1208,-1060,-972,-808,-744,-612,-568,-520,-516,-540,-596,-600,-736,-816,-996,-1108,-1260,-1324,-1452,-1480,-1508,-1472,-1260,-1156,-940,-824,-672,-624,-580,-608,-632,-708,-728,-812,-884,-1036,-1096,-1236,-1328,-1372,-1416,-1344,-1320,-1208,-1132,-980,-892,-728,-596,-540,-464,-448,-420,-428,-512,-568,-708,-780,-1012,-1124,-1360,-1460,-1564,-1552,-1468,-1420,-1212,-1088,-912,-724
4,-904,-904,-936,-940,-1000,-1032,-1112,-1164,-1228,-1236,-1240,-1248,-1296,-1268,-1228,-1196,-1080,-944,-864,-744,-680,-588,-568,-572,-588,-660,-728,-852,-964,-1192,-1280,-1408,-1480,-1548,-1560,-1432,-1368,-1180,-964,-896,-780,-720,-656,-676,-704,-744,-820,-920,-1072,-1136,-1272,-1336,-1400,-1404,-1448,-1448,-1340,-1268,-1168,-992,-892,-696,-616,-472,-436,-416,-460,-504,-676,-764,-1040,-1220,-1508,-1568,-1636,-1620,-1476,-1416,-1168
5,-976,-964,-1004,-988,-980,-1012,-1036,-1056,-1080,-1148,-1152,-1120,-1052,-904,-796,-724,-720,-552,-492,-344,-256,-232,-248,148,124,-8,40,28,20,-116,-160,-92,-404,-464,-460,-516,-860,-992,-836,-788,-976,-1008,-1152,-1168,-1332,-1344,-1328,-1256,-1124,-1124,-920,-760,-540,-488,-444,-356,-216,-64,-20,-28,40,104,112,48,12,-80,-156,-396,-404,-332,-376,-800,-956,-872,-1028,-1144,-1232,-1172,-1060
5,-1044,-1068,-1084,-1144,-1196,-1220,-1180,-1184,-1172,-1092,-1040,-932,-876,-756,-696,-636,-552,-528,-308,-240,-144,-60,28,16,44,60,80,56,-12,-116,-216,-280,-364,-392,-428,-424,-420,-660,-708,-676,-760,-1120,-1164,-1224,-1344,-1536,-1484,-1376,-1376,-1332,-1272,-1132,-1056,-916,-752,-728,-644,-544,-320,-228,-68,36,176,192,224,252,288,268,184,164,-32,-140,-304,-404,-324,-232,-528,-1076,-940,-792,-1028
5,-1224,-1188,-1176,-1172,-1024,-968,-896,-816,-640,-572,-540,-472,-324,-252,-92,-60,28,84,148,132,132,92,100,84,48,-88,-136,-228,-284,-368,-312,-392,-412,-428,-448,-608,-752,-872,-1000,-1208,-1380,-1448,-1508,-1440,-1304,-1236,-1172,-1076,-916,-892,-740,-724,-624,-620,-440,-288,-24,44,184,256,276,352,384,400,324,220,168,16,-92,-352,-372,-120,-128,-560,-752,-548,-612
5,-1152,-1164,-1196,-1116,-1100,-1108,-1020,-960,-984,-808,-736,-680,-544,-292,-188,-4,44,208,264,328,320,328,332,296,116,32,-52,-132,-300,-364,-408,-288,-484,-604,-664,-632,-896,-1044,-1208,-1224,-1348,-1392,-1452,-1328,-1296,-1228,-1196,-1052,-1012,-884,-832,-652,-604,-544,-452,-296,-212,-8,60,176,212,248,264,356,260,160,32,-108,-300,-372,-560,-516,-452,-772,-892,-1112
5,-1036,-1076,-1108,-1168,-1148,-1180,-1184,-1132,-1072,-1012,-932,-924,-844,-816,-684,-628,-552,-464,-296,-208,-68,12,108,152,152,220,244,244,216,84,-8,-116,-224,-428,-484,-196,-196,-672,-732,-704,-864,-1060,-1248,-1352,-1408,-1512,-1428,-1384,-1280,-1200,-1032,-976,-880,-788,-676,-640,-536,-488,-332,-192,24,108,268,324,436,488,520,512,468,312,240,20,-120,-304,-316,-184,-428,-660,-840,-736,-740
5,-1228,-1196,-1152,-1040,-960,-872,-796,-712,-628,-536,-468,-248,-148,-36,32,188,216,272,276,304,332,312,256,156,-4,-76,-296,-380,-188,-28,-464,-596,-588,-592,-936,-1124,-1256,-1320,-1476,-1516,-1396,-1256,-1224,-1124,-1056,-912,-856,-744,-692,-604,-556,-408,-284,-40,40,200,264,348,384,420,408,444,352,288,112,12,-196,-264,-212,-344,-416,-484,-1048,-1056,-992
5,-1188,-1188,-1184,-1156,-1156,-1124,-988,-972,-876,-788,-600,-568,-280,-184,0,104,188,288,336,392,380,300,292,300,268,128,68,-48,-144,-340,-348,-316,-208,-320,-368,-424,-648,-892,-1128,-1348,-1472,-1572,-1560,-1464,-1364,-1316,-1156,-1096,-1012,-952,-692,-628,-568,-492,-296,-144,88,260,316,544,560,596,580,600,592,560,500,304,176,32,-96,-328,-276,-288,-500,-476,-1032,-1076,-1044
5,-1080,-1112,-1212,-1232,-1164,-1152,-1056,-1028,-868,-852,-800,-660,-536,-420,-108,0,108,184,388,520,492,468,472,444,412,256,196,60,-72,-216,-272,-324,-264,-300,-436,-600,-532,-976,-1328,-1388,-1532,-1656,-1592,-1504,-1280,-1200,-1056,-932,-820,-764,-660,-680,-444,-340,-144,48,224,288,424,552,612,652,644,576,508,368,272,124,4,-284,-340,-72,-200,-712,-976,-768,-852
5,-1032,-1064,-1088,-1160,-1180,-1120,-1108,-996,-852,-876,-744,-644,-536,-412,-456,-460,-224,-164,-112,-84,88,100,120,108,68,60,108,132,-20,-204,-176,-196,-292,-444,-440,-552,-628,-704,-796,-1016,-1136,-1420,-1480,-1472,-1436,-1360,-1312,-1136,-972,-844,-580,-492,-316,-240,-132,24,264,348,400,376,256,200,44,68,216,152,96,24,-68,-352,-372,-456,-480
5,-1076,-1052,-1044,-1012,-996,-952,-936,-800,-768,-668,-612,-424,-396,-244,-80,40,44,76,56,52,16,68,20,-48,-160,-180,-296,-360,-404,-400,-564,-704,-848,-924,-1156,-1356,-1552,-1532,-1504,-1372,-1332,-1164,-1032,-784,-676,-420,-272,-184,-132,172,176,368,428,384,308,272,192,108,276,304,252,252,84,-48,-252,-356,-432,-532,-664,-988
6,-1008,-1024,-1016,-1016,-1032,-1044,-1092,-1100,-1116,-1124,-1112,-1084,-1132,-1196,-1084,-1080,-828,-708,-712,-740,-688,-780,-760,-680,-648,-616,-632,-632,-596,-516,-504,-484,-516,-516,-508,-568,-584,-616,-656,-800,-796,-772,-1184,-1156,-1384,-1512,-1304,-1228,-1004,-908,-684,-640,-684,-576,-584,-668,-652,-644,-720,-728,-680,-772,-1084,-932,-864,-1056,-1204,-1220,-1248,-1352,-1296
6,-1044,-1052,-1120,-1144,-1228,-1260,-1244,-1220,-1104,-1028,-896,-848,-856,-868,-732,-672,-608,-572,-628,-684,-756,-784,-796,-776,-752,-676,-620,-500,-492,-568,-564,-512,-540,-660,-660,-684,-764,-844,-916,-1164,-1184,-1268,-1224,-1220,-1096,-1012,-936,-828,-700,-688,-620,-580,-600,-640,-712,-688,-724,-748,-620,-664,-868
6,-1000,-996,-996,-992,-996,-1024,-1044,-1212,-1188,-1172,-1116,-1180,-1112,-960,-948,-916,-840,-784,-672,-640,-628,-616,-680,-620,-660,-676,-708,-732,-788,-772,-756,-736,-668,-572,-540,-504,-520,-460,-440,-464,-548,-736,-756,-800,-848,-1048,-1160,-1236,-1324,-1380,-1380,-1276,-940,-916,-1020,-928,-680,-588,-632,-652,-668,-704,-812,-748,-584,-592,-712,-968,-1000,-928,-900,-940,-1064,-1084,-1068,-1308,-1328,-1216,-1160,-1144,-1128,-992,-956
6,-1060,-1064,-1092,-1136,-1144,-1136,-1164,-1168,-1112,-1096,-1148,-1120,-1068,-1048,-1000,-936,-848,-812,-700,-636,-580,-588,-628,-680,-740,-852,-896,-960,-924,-804,-760,-692,-644,-600,-580,-624,-644,-696,-768,-800,-844,-920,-924,-888,-1044,-1092,-1156,-1224,-1328,-1348,-1328,-1308,-1184,-1124,-964,-892,-792,-728,-636,-684,-732,-788,-756,-876,-952,-1016,-1064
6,-1020,-1044,-1040,-1040,-1060,-1072,-1060,-1040,-1024,-1020,-1000,-976,-1000,-988,-972,-976,-916,-980,-1044,-968,-980,-1012,-1016,-964,-968,-960,-932,-948,-904,-868,-860,-832,-792,-744,-728,-704,-680,-720,-756,-748,-788,-784,-792,-800,-808,-816,-816,-832,-836,-820,-836,-844,-856,-824,-740,-680,-740,-660,-540,-656,-708,-704,-680,-836,-848,-864,-888,-1028,-1108,-1132,-1132,-1192,-1180,-1196,-1208,-1168,-1136,-1016,-964,-924,-896,-876,-840,-788,-696,-696,-824,-872,-900
6,-1044,-1084,-1080,-1124,-1132,-1084,-1080,-1048,-1032,-992,-968,-980,-960,-984,-952,-892,-860,-872,-768,-732,-684,-700,-700,-696,-716,-736,-788,-788,-844,-844,-844,-836,-840,-832,-820,-828,-836,-816,-796,-768,-772,-760,-724,-768,-756,-712,-740,-860,-848,-780,-940,-936,-872,-908,-916,-916,-948,-992,-1064,-1112,-1196,-1216,-1192,-1152,-1076,-1052,-960,-908,-832,-772,-712,-704,-720,-704,-712,-844,-888
6,-1024,-1024,-1020,-1016,-1040,-1028,-1024,-1032,-1012,-1028,-1004,-1016,-996,-992,-976,-980,-1012,-1008,-1000,-984,-1012,-1012,-1032,-1036,-1036,-1036,-1028,-1016,-1004,-996,-992,-972,-960,-948,-952,-1016,-1060,-1200,-1268,-1328,-1320,-1260,-1200,-1184,-1148,-1092,-996,-1004,-940,-876,-752,-704,-632,-568,-568,-588,-596,-628,-724,-736,-708,-672,-652,-628,-588,-588,-644,-708,-800,-984,-1008,-1068,-1152,-1256,-1336,-1352,-1408,-1376,-1184,-1116,-1072,-988,-828,-760,-716,-588,-488,-540,-652
6,-1020,-1020,-1028,-1040,-1024,-1044,-1056,-1072,-1108,-1108,-1108,-1120,-1132,-1156,-1132,-1024,-1032,-1084,-1036,-892,-864,-816,-800,-728,-700,-692,-656,-656,-692,-696,-736,-744,-780,-816,-828,-828,-848,-804,-716,-660,-652,-700,-620,-620,-684,-804,-776,-752,-864,-896,-884,-940,-1024,-1108,-1124,-1172,-1244,-1340,-1348,-1212,-1160,-1084,-1040,-928,-804,-696,-620,-560,-472
6,-1152,-1200,-1172,-1160,-1124,-1072,-1048,-1004,-956,-896,-892,-824,-796,-776,-704,-676,-668,-696,-688,-664,-684,-708,-740,-776,-856,-880,-920,-908,-936,-892,-776,-724,-668,-668,-656,-644,-664,-776,-820,-768,-764,-872,-912,-1008,-1076,-1240,-1260,-1228,-1200,-1112,-1064,-992,-884,-888,-848,-808,-764,-764,-676,-660,-652,-644,-728,-696,-700
6,-1032,-1028,-1056,-1068,-1104,-1116,-1028,-988,-968,-880,-792,-792,-724,-552,-500,-532,-532,-596,-656,-736,-776,-788,-768,-620,-568,-548,-560,-464,-644,-652,-696,-700,-760,-760,-816,-808,-836,-832,-972,-1028,-1056,-1096,-1120,-1128,-1048,-980,-892,-796,-756,-668,-640,-652,-604,-600,-612,-632,-652,-684
