1,260,292,300,316,324,336,352,392,384,360,356,328,284,264,260,264,252,256,264,320,304,316,332,368,424,420,468,452,420,376,376,388,264,244,232,212,200,156,172,148,152,164,168,188,196,220,216,268,288,308,368,404,464,444,452,440,464,468,352
1,256,280,260,264,280,272,312,336,348,356,368,348,356,372,380,376,392,412,436,428,424,396,384,360,344,300,264,236,224,208,188,164,156,168,164,176,196,192,224,216,264,284,328,348,400,416,476,472,448,432,424,404,340,332,288,216
1,328,376,380,348,332,304,332,356,364,388,420,456,400,424,448,508,396,400,472,496,384,368,388,376,256,240,208,204,176,164,156,144,160,180,204,232,248,340,388,420,456,432,476,512,496,452,464,452,428
1,396,400,412,412,400,412,400,364,352,348,344,372,408,400,424,476,468,484,476,424,460,440,404,400,396,392,336,316,284,264,256,240,228,200,188,192,204,216,244,260,284,328,368,440,452,496,492,508,520,528,520,504,444,396,364,336,324
1,436,396,384,348,364,352,352,356,408,464,516,540,532,552,552,548,556,584,492,504,436,404,408,356,288,272,204,204,192,184,216,244,260,284,356,432,460,552,548,620,616,588,544,468,456,468,400,348,352,352,344
1,388,368,376,344,364,388,408,432,436,448,448,484,484,496,508,508,488,488,492,392,400,352,352,324,252,220,220,192,200,212,196,236,264,272,320,352,424,452,520,568,608,632,600,580,544,484,468,472,416,388,360
1,444,420,420,428,400,364,336,360,384,424,404,468,480,452,464,536,500,496,552,592,516,500,524,516,464,444,356,296,240,248,232,208,168,156,160,188,208,244,244,316,332,436,472,604,624,668,656,584,556,520,504,432,444
1,440,456,444,452,416,364,408,356,356,392,468,436,472,504,516,512,528,564,624,592,520,516,524,488,384,348,268,232,208,188,148,160,168,176,216,220,268,364,388,484,512,588,612,584,568,544,528,476
1,492,488,504,476,472,444,428,396,380,348,364,384,476,468,500,520,556,584,588,620,636,688,580,500,468,400,316,304,252,216,196,248,216,252,268,316,368,460,476,520,620,692,672,676,608,664,604,516,448,420,388,384
1,504,516,520,496,496,444,436,460,392,356,392,420,456,488,520,512,504,528,620,692,660,632,620,648,504,460,412,356,288,280,248,220,216,248,268,272,288,416,468,508,552,652,680,720,692,676,636,552,552,520,512
2,360,336,332,320,324,332,424,408,408,392,396,372,388,396,400,444,472,416,384,388,352,316,328,276,232,240,244,220,224,232,244,248,300,284,296,300,268,276,252,272,260,276,284,348,300,336,344,356,312,272,344,296,40,128
2,364,348,332,348,352,328,344,368,384,364,352,392,420,420,412,496,508,508,408,380,432,452,372,304,312,368,320,296,364,340,344,348,360,364,404,400,356,348,352,368,352,360,384,372,328,344,376,264,228,344,364,352,300,288,392,136
2,400,392,408,404,352,344,440,424,464,472,476,480,528,504,476,396,412,444,464,468,416,392,416,492,404,376,432,384,348,392,440,424,412,416,432,424,412,404,388,420,500,476,372,392,280,364,448,372,344,360,332,384,312,248
2,500,540,560,532,564,500,488,532,520,560,588,504,524,476,464,468,416,392,356,348,336,332,336,368,372,380,360,376,368,368,404,416,304,392,404,392,312,300,436,324,324,424
2,516,536,532,500,456,440,452,508,516,460,468,528,472,452,468,476,408,368,320,332,284,316,312,316,356,348,348,360,364,380,344,332,316,348,380,412,384,304,388,388,368,312,316,440,420,316,356,408
2,464,520,516,484,500,552,544,540,608,588,532,632,536,572,540,528,528,408,376,376,344,336,408,412,408,444,476,452,444,432,420,428,476,516,432,420,520,460,388,508,512,392,348,432,464,212,248
2,444,496,464,460,512,516,504,528,504,512,532,516,496,536,536,428,404,436,424,384,376,388,356,380,376,380,404,416,396,396,388,388,444,420,508,464,340,352,340,308,328,408,412,256,316
2,452,452,452,424,456,476,452,524,528,456,448,512,548,528,464,452,452,504,516,452,392,372,384,352,352,340,300,356,384,404,436,432,404,400,388,420,428,436,452,400,376,360,404,376,308,364,388,256
2,492,432,408,360,340,296,324,332,372,396,440,448,400,400,388,388,484,480,488,476,404,404,364,332,340,324,424,432
2,528,472,512,512,508,532,516,472,400,412,512,464,436,476,428,404,360,348,292,268,316,284,324,384,396,396,384,368,380,428,396,340,352,304,284,420,448,392,392,364,364,392,532,472,352,316,316
3,116,88,88,56,44,-128,-60,-24,28,68,48,132,160,124,148,160,144,112,148,180,140,144,144,160,100,92,156,60,-164,-204,-140,-16,-64,-56,-100,-132,-84,-72,-72,-128,-172,-232,-224,-336,-336,-108,-32,44,112,396,488,488,472,636,936,820,796,1052,984,780
3,308,332,336,332,352,336,320,332,388,368,344,324,280,264,272,244,244,216,228,212,228,136,120,0,-44,8,48,8,-16,-88,-100,4,-32,-80,-60,-60,-76,-56,-40,-76,-100,-136,-208,-224,-208,-252,-4,124,92,96,336,464,404,460,820,632
3,348,336,340,340,344,336,328,308,336,352,304,304,324,304,288,316,300,292,276,292,264,124,140,256,304,340,336,236,236,216,260,228,212,176,168,160,-104,-164,8,92,8,-16,-120,-136,-72,-72,-120,-112,-108,-116,-176,-200,-256,-260,-272,-336,-252,104,180,164,260,808,840,524,800,1040,944,828,1188,1300
3,156,180,176,176,180,164,180,144,136,144,132,140,152,144,168,168,152,164,164,172,160,156,144,104,28,-56,20,56,140,172,244,204,76,120,204,220,112,76,84,104,128,116,-88,-264,-236,32,68,-76,-92,-136,-160,-116,-140,-144,-148,-168,-176,-268,-304,-292,-268,-212,-92,-20,-20,260,428,392,536,720,908,940,908,836
3,404,392,388,356,344,340,284,328,316,320,296,224,188,188,160,148,112,96,36,56,56,68,80,72,80,92,96,100,128,108,112,108,112,96,84,64,-128,-112,68,100,164,188,160,156,108,156,164,156,156,80,60,108,104,56,28,-136,-140,-112,-56,-28,-32,-60,-116,-80,-100,-88,-140,-76,-116,-100,-124,-140,-244,-268,-248,-248,-200,-144,72,132,240,304,500,560,848,900,808,1024,984,844,984,1216
3,284,248,244,228,240,216,208,220,216,240,228,236,236,244,256,260,236,248,256,264,260,248,252,244,248,208,112,96,4,20,244,276,300,216,212,180,200,204,204,196,208,212,244,212,168,100,-44,-152,-144,-92,-32,-84,-116,-108,-144,-140,-136,-160,-244,-348,-396,-420,-516,-408,-148,-56,324,504,576,632
3,-72,-68,-68,-44,-52,-56,-64,-64,-56,-52,-48,-36,-52,-36,-40,-52,-20,-12,-20,0,-8,-20,-16,-32,-52,-180,-248,-108,-64,-96,20,84,44,36,52,76,52,28,84,92,-132,-344,-184,-120,-44,-96,-224
3,476,524,544,512,504,468,456,456,412,260,276,196,4,-72,-24,56,60,44,-28,-28,-32,-8,4,24,-72,-116,-192,-180,-244,-84,40,76,104,208,340,532,540,504
3,416,396,372,416,428,440,452,444,420,444,368,208,36,312,488,392,264,236,196,152,80,4,-140,-52,88,36,-48,-108,-104,-136,-184,-152,-156,-184,-152,-260,-324,-448,-492,-364,-152,48,32,192,408,368,416
3,-112,-96,-116,-156,-156,-180,-152,-108,-104,-132,-96,-100,-68,-44,-40,-48,-28,-28,-48,-36,-32,-32,-24,-32,-24,-28,-28,-52,-52,-96,-204,-132,0,44,76,36,52,52,32,52,64,-36,-60,-76,-136,-252,-168,24,40,-68,-88,-124,-76,-76,-96,-132,-124,-108,-88,-92,-100,-116,-116,-116,-140,-212,-292,-372,-356,-376,-340,-228,-48,232,284,508,676,600,632
4,256,248,232,156,168,120,96,132,88,72,128,216,248,284,356,464,500,528,672,620,476,444,372,292,252,252,220,200,172,228,400,472,544,568,576,568,428,344,272,68,-12,-20,-44,-188,-92,112,28,-44,0,-44,-100,-88,-8,176,340,572,440,400,528,612,592,540,364,332,260,224,204,204,248,328,476,524,604,624,496,308,-136,-192,-8,-112,-200,260
4,404,392,392,384,376,416,420,396,404,420,408,404,404,388,384,416,436,436,456,468,464,484,468,452,416,404,348,312,276,276,280,292,368,400,468,548,560,580,636,608,560,420,328,304,284,120,100,208,244,268,268,288,320,340,360,360,344,316,312,340,352,392,500,564,616,608,596,560,520,484,416,360,292,272,240,236,260,420,500,552,608,708,508,340
4,288,264,264,264,264,260,256,264,284,332,416,440,476,496,468,432,404,316,308,236,240,244,272,332,360,436,460,532,564,576,568,496,404,312,292,192,124,108,92,116,176,188,216,228,260,264,220,204,192,196,260,312,480,556,668,696,656,596,548,468,412,348,348,268,272,312,368,504,568,652,708,692,596,336,84,-56
4,176,156,172,148,140,144,176,168,148,168,168,232,272,384,416,472,500,476,440,400,308,268,220,228,188,220,312,348,412,460,552,564,572,560,476,400,216,116,116,40,-24,56,88,128,136,228,252,288,300,268,236,200,176,184,244,396,584,600,652,656,620,576,536,492,372,316,268,252,172,172,284,360,504,560,692,760,784,524,312,108,144,124,76,32
4,252,228,192,184,184,188,256,280,276,336,440,532,552,548,548,512,476,340,308,276,244,252,252,248,284,368,400,516,596,680,692,636,544,484,288,160,68,28,-12,76,176,128,188,240,264,308,316,284,260,280,264,268,364,452,544,652,636,680,712,648,612,492,448,380,364,320,312,316,348,396,412,520,576,588,676,736,620,508,352,312,48,40
4,288,296,260,204,220,196,216,284,336,436,504,552,588,568,476,428,336,288,252,252,276,300,368,396,500,556,616,636,632,612,536,468,240,248,228,120,124,144,160,172,220,252,292,340,316,276,304,332,376,448,484,680,756,788,780,712,688,632,572,436,396,316,300,248,276,324,424,480,592,668,752,732,660,632,464,344,304,364,152
4,256,248,188,188,224,220,256,300,304,292,476,600,680,732,708,684,660,608,492,388,364,356,320,336,368,452,508,664,736,816,840,808,748,520,396,276,248,128,76,156,156,120,236,276,356,364,300,284,332,332,376,440,508,624,828,900,864,832,764,680,612,528,512,464,428,440,432,516,528,692,768,900,960,848,716,464,404,468,536,180,240
4,360,344,324,300,320,304,316,356,444,432,452,584,648,712,696,676,648,572,476,448,416,396,372,376,432,488,528,608,720,760,788,796,744,696,428,260,272,276,168,140,172,240,256,300,312,336,340,356,344,380,408,500,540,584,760,796,808,768,764,740,652,612,492,424,356,348,296,316,380,448,556,628,816,884,1000,832,684,552,444,240
4,368,376,372,340,344,328,356,460,504,592,600,728,764,724,680,648,592,484,440,392,384,360,396,428,524,596,732,772,788,776,736,668,532,488,344,316,248,200,168,196,248,304,360,404,400,376,360,416,424,476,504,556,628,732,784,784,764,724,696,616,512,448,388,396,328,308,380,440,532,588,728,804,884,852,760,704,540,564,496,408,296,328
4,160,164,196,168,172,176,128,144,140,140,164,244,368,368,364,400,396,368,348,300,284,184,176,216,212,276,336,376,420,540,544,468,460,388,344,112,68,20,-68,12,112,96,108,176,228,256,240,240,240,212,172,220,244,264,424,516,472,516,500,444,428,376,356,284,244,260,304,340,436,484,556,668,724,656,388,272,136,152,76
5,164,184,220,228,200,212,220,200,236,252,304,288,356,420,404,412,436,432,516,252,200,604,684,228,380,620,536,444,428,468,460,144,408,444,140,0,216,308,-300,-464,-344,-260,-100,-176,-384,-424,-436,-396,-112,16,220,204,308,308,328,444,416,420,440,504,504,556,580,512,500,520,444,240,280,316,192,124,-84,-328,-252,-132,-240,-280,-236
5,24,32,4,-32,16,52,8,72,124,132,128,160,192,248,292,284,424,456,392,376,420,384,372,364,352,336,356,396,488,524,468,372,284,308,368,252,248,420,404,232,208,180,84,-212,-176,76,40,-16,72,124,100,188,212,296,324,320,308,324,260,356,452,396,332,356,444,444,476,508,648,664,652,584,500,476,208,280,352,384,204,84,-108
5,176,208,192,192,248,320,336,316,252,280,460,452,408,412,344,388,448,384,348,388,412,448,420,420,456,536,512,420,380,376,356,308,376,348,256,484,536,212,220,172,96,136,296,300,212,208,396,456,424,420,472,464,356,428,432,368,372,352,348,376,400,408,416,472,536,600,596,616,596,548,484,332,300,384,400,196,264
5,200,204,208,216,228,324,320,324,380,368,404,532,496,412,428,420,464,428,384,380,392,424,392,448,552,576,452,448,460,428,252,256,412,384,244,256,444,288,224,196,32,0,240,152,132,200,252,304,320,412,416,356,332,340,308,380,400,348,320,348,392,492,540,528,648,680,640,632,552,496,372,268,540,456,-152,-104
5,236,216,212,232,204,292,324,276,348,344,412,432,412,444,428,448,456,476,448,436,420,424,388,364,364,336,332,400,484,564,556,512,488,456,412,256,452,540,416,432,628,368,196,56,88,248,292,276,228,272,420,484,480,444,500,464,452,436,504,496,408,400,380,388,452,476,488,532,564,608,568,572,580,504,420,432,476,276,332,420,428
5,280,376,364,420,444,448,436,432,396,468,476,464,436,476,456,444,428,388,408,384,404,452,524,560,556,532,496,436,224,368,604,504,416,520,508,364,364,336,300,396,456,436,428,468,492,492,520,556,548,544,500,444,388,400,428,344,364,440,448,516,552,556,612,628,644,640,608,560,396,504,156,136,624,544,272
5,184,192,208,200,260,252,276,312,380,408,412,472,456,464,460,456,468,480,440,412,464,556,580,572,620,668,612,560,592,564,492,268,272,596,464,464,312,248,400,324,0,88,276,276,268,276,344,448,516,568,588,592,492,488,500,516,456,468,484,540,528,580,656,660,668,744,780,772,760,652,616,508,368,476,588,248,508,500,188
5,264,268,356,384,424,428,448,484,420,448,504,480,536,560,508,512,596,624,540,496,536,608,592,628,652,700,704,664,628,528,464,364,412,644,532,416,384,196,248,220,-40,-8,276,244,164,276,552,608,592,588,596,552,444,460,536,464,408,432,512,600,616,692,716,736,756,752,708,672,688,584,440,332,484,416,448,448,476
5,156,132,140,184,200,164,188,232,244,328,380,372,316,280,532,628,508,492,600,608,484,520,512,508,520,540,580,584,588,532,408,352,272,384,416,404,280,152,368,184,-32,84,220,140,80,212,256,252,376,404,416,376,412,408,456,500,476,500,460,468,504,516,584,596,536,572,516,412,436,496,516,264,-64
5,156,104,140,232,248,308,284,336,392,436,472,524,576,596,596,508,596,588,568,540,560,564,584,612,520,448,464,452,392,412,372,384,404,432,92,36,332,272,240,264,384,436,424,504,520,456,468,548,476,448,616,460,396,432,460,492,520,548,568,556,536,476,484,496,444,360,396,340,268,16
6,188,176,144,160,148,152,188,196,176,168,188,228,148,168,136,168,88,60,100,104,40,44,20,-140,-240,-252,-256,-132,-80,-124,-156,-124,-52,84,112,200,256,280,316,452,444,260,348,228,188,28,-260,-312,-244,-168,-288,-236,-76,-172,-24,120,-16,-16,36,-32,-12,148,168,-72,16,212,204,44,124,188,36
6,92,140,136,148,204,212,172,184,120,100,80,44,72,112,-32,-48,60,-8,-8,-44,-92,-92,-104,-224,-256,-144,-156,-252,-140,112,112,80,180,356,316,320,416,372,408,380,268,200,-80,-140,-200,-280,-236,-244,-208,-140,-76,-68,28,92,92,12,16,116,140,124,112
6,192,176,176,148,156,140,96,256,240,196,176,260,204,104,120,136,84,104,20,36,44,48,48,-56,-36,-68,-164,-176,-200,-180,-184,-144,-72,-136,-160,-84,60,160,132,112,224,368,336,240,244,404,368,240,124,120,-100,-192,-196,-132,-72,-180,-268,-204,-20,-56,-72,-4,100,116,-44,-92,12,232,160,-12,48,220,316,108,144,464,452,232,256,328,344,244,228
6,160,164,176,192,196,176,228,220,152,152,232,204,160,228,204,132,104,100,-8,-28,-48,-96,-52,-24,-20,-56,-68,-36,-64,-200,-220,-92,-76,-20,-4,120,164,212,332,372,296,408,452,380,508,568,440,444,516,428,324,308,220,228,224,244,304,288,276,368,408,464,380,344,388,320,312
6,268,276,272,264,292,312,280,300,276,288,268,256,284,296,248,216,156,232,380,208,208,228,252,152,164,264,256,260,276,248,208,200,188,132,92,64,28,36,68,52,88,76,76,104,76,28,32,72,80,20,36,16,-100,-152,-220,-280,72,132,-80,208,272,268,208,392,424,420,440,572,692,600,536,620,580,524,524,428,396,284,268,336,408,456,532,516,424,364,476,532,456
6,352,348,356,372,384,348,348,368,408,396,360,376,352,396,272,268,256,296,340,280,172,176,228,192,44,60,72,100,196,156,192,128,120,92,92,92,104,68,32,-20,-28,32,40,76,64,44,100,320,372,304,520,560,476,504,544,568,584,584,588,612,608,572,496,464,360,368,400,376,440,416,412,468,508,500,436,568,612
6,64,48,48,36,76,68,68,88,68,76,60,60,44,40,40,32,72,72,28,32,72,72,56,76,56,48,48,60,68,64,64,72,80,88,104,132,140,140,140,124,104,56,4,28,76,52,-48,8,88,-4,-64,12,0,24,4,-32,-124,-128,-108,-124,-196,-248,-280,-288,-196,-72,80,308,448,780,800,552,588,592,476,440,460,368,12,-4,176,152,136,176,292,248,60,168,480
6,96,88,100,112,104,104,148,156,152,160,168,148,132,200,164,44,44,136,88,-44,-96,-64,-24,12,-24,-32,-76,-56,-20,-64,-48,-36,-84,-64,-108,-144,-156,-196,-300,-324,-240,-84,-92,-188,-64,164,136,112,252,428,424,512,576,688,720,640,700,724,660,404,296,192,152,148,192,176,224,268,336
6,476,512,472,456,444,380,372,264,228,160,144,156,216,204,144,128,144,220,240,164,116,168,128,116,136,132,104,68,56,44,-60,-104,-44,60,56,176,236,384,500,528,476,552,676,772,780,940,904,700,632,528,500,400,308,320,340,300,308,368,368,400,444,484,676,704,648
6,648,652,708,696,680,688,576,552,560,408,392,516,480,316,208,232,240,148,132,4,-44,28,48,-24,-16,172,264,260,556,608,616,588,540,572,676,700,760,716,900,1016,924,960,888,856,724,644,520,472,452,460,492,648,652,652,656,644,660,696
