1,-1016,-1052,-1064,-1016,-968,-844,-784,-708,-688,-744,-812,-936,-984,-1072,-1196,-1332,-1448,-1552,-1676,-1660,-1576,-1476,-1168,-984,-684,-560,-364,-280,-228,-236,-316,-420,-592,-688,-872,-948,-1164,-1348,-1472,-1608,-1704,-1932,-1956,-1772,-1576,-1144,-900
1,-760,-784,-796,-792,-920,-1112,-1384,-1536,-1816,-1900,-1892,-1800,-1608,-1416,-1060,-864,-492,-356,-180,-112,-84,-132,-244,-560,-712,-944,-1152,-1552,-1668,-1952,-2028,-2024,-1920,-1464,-1204,-812,-592,-308,-284,-376,-576,-748
1,-84,-256,-408,-608,-788,-1148,-1212,-1564,-1640,-1924,-1912,-1924,-1652,-1436,-1068,-892,-608,-488,-404,-388
1,-836,-940,-1004,-1184,-1412,-1516,-1708,-1824,-1944,-1824,-1640,-1448,-1004,-772,-428,-292,-84,-16,-28,-92,-356,-508,-792,-1252,-1448,-1756,-1920,-2000,-2012,-1976,-1776,-1304,-1140,-756,-604
1,-816,-932,-1108,-1168,-1308,-1420,-1656,-1732,-1804,-1748,-1648,-1520,-1120,-864,-532,-360,-96,0,-20,-104,-236,-544,-736,-1052,-1220,-1656,-1736,-1932,-1956,-1788,-1584,-1148,-996,-620,-512,-444
1,-604,-756,-1092,-1456,-1588,-1744,-1836,-1848,-1644,-1288,-1068,-716,-532,-256,-228,-336,-456,-800,-852,-948,-1020,-1060,-1068,-1040
1,-172,-164,-236,-336,-596,-780,-1084,-1268,-1592,-1692,-1792,-1736,-1488,-1348,-1036,-924,-716,-468,-396,-408,-496,-692,-780
1,-1468,-1652,-1900,-1896,-1724,-1604,-1272,-1108,-792,-644,-320,-256,-340,-368,-548,-668,-844,-896
1,-1680,-1716,-1636,-1584,-1372,-1252,-920,-740,-460,-348,-240,-204,-200,-256,-432,-556,-860,-1044,-1352,-1496,-1732,-1852,-1916,-1776,-1576,-1192,-820,-652,-364,-304,-344,-372,-648,-780,-868
1,-1464,-1572,-1680,-1748,-1656,-1300,-1152,-864,-728,-428,-328,-296,-396,-532,-636,-916,-916
2,-1472,-1452,-1484,-1508,-1448,-1240,-988,-832,-532,-380,-164,-68,192,336,484,496,524,536,444,420,228,184,-108,-368,-436,-604,-868,-996
2,-924,-972,-976,-968,-944,-968,-956,-912,-888,-952,-980,-1044,-1304,-1432,-1512,-1560,-1544,-1544,-1328,-1200,-1004,-880,-708,-576,-424,-340,-148,-4,324,436,620,640,588,520,468,376,288,184,156,-64,-168,-336,-412,-804,-808,-1108,-1464,-1600,-1472,-1428,-1360,-1296,-1156
2,-944,-932,-932,-924,-904,-912,-932,-976,-1116,-1244,-1488,-1692,-1748,-1712,-1520,-1364,-988,-624,-456,-380,-220,80,232,592,748,844,812,768,672,616,372,48,-12,-104,-332,-468,-512,-672
2,-1036,-1012,-1040,-1300,-1416,-1572,-1628,-1476,-1364,-1076,-988,-712,-576,-356,-260,76,380,548,756,804,700,604,448,376,88,-16,-44,-224,-472,-508,-624,-828
2,-1024,-1076,-1252,-1372,-1480,-1468,-1464,-1428,-1216,-1072,-988,-736,-632,-440,-344,-72,60,312,464,600,620,564,448,268,228,104,48,-44,-88,-184,-264,-404,-648,-600
2,672,724,720,704,440,320,196,156,156,76,128,28,-144,-344,-356,-656,-808,-836,-964,-1208
2,-884,-888,-928,-960,-1104,-1212,-1576,-1676,-1712,-1656,-1496,-1352,-1100,-968,-744,-568,-240,40,176,532,756,888,856,612,448,280,272,72,96,-80,-248,-392,-488,-648,-820
2,-992,-1048,-1148,-1228,-1576,-1644,-1636,-1600,-1408,-1296,-1016,-896,-644,-544,-320,-232,32,240,308,512,532,516,416,164,36,56,4,24,16,-64,-156,-420,-444,-604,-740,-924
2,-876,-520,-412,-208,-24,296,444,712,732,580,372,220,184,224,64,52,44,-80,-276,-388,-532,-564,-972,-964,-1340,-1404,-1312
2,-584,-412,-348,-204,-48,204,300,528,528,468,344,204,116,76,80,124,64,-128,-216,-332,-536,-520,-772,-856
3,-1204,-1268,-1396,-1404,-1484,-1476,-1348,-1236,-1040,-948,-652,-544,-352,-252,48,196,504,696,700,472,324,132,56,-4,-64,-156,-68,-304,-320
3,-948,-864,-832,-820,-864,-984,-1016,-1228,-1416,-1452,-1508,-1544,-1364,-1300,-1244,-1148,-980,-876,-640,-584,-372,-296,-196,-80,208,420,512,504,396,92,-44,-144,-204,-212,-160,-112,-68,-76,-68,-144,-152,-140,36,-76,-56,28,188,304,252,336,640,564,500,576,332,300,320,236,252,288,228,268,240
3,-1240,-1344,-1412,-1444,-1492,-1416,-1288,-1008,-904,-668,-496,-196,-68,384,596,724,716,492,108,-72,-184,-144,-100,-200,-136,-104,-284,-280,-60,-16,-36,-44,-16,212,356,108,648,560,248,376,268,224,224,236,184,208,184,176,200,180
3,-880,-880,-936,-944,-952,-1000,-1000,-1024,-1024,-1056,-1048,-1112,-1136,-1280,-1356,-1356,-1396,-1396,-1268,-1184,-964,-908,-744,-584,-424,-356,-120,28,280,296,252,300,188,48,-224,-228,-220,-196,-200,-180,-152,-140,-140,-196,-160,36,96,104,156,96,332,252,320
3,-908,-936,-988,-1016,-1000,-1020,-1044,-1024,-1012,-1028,-1028,-1040,-1052,-1068,-1204,-1268,-1296,-1300,-1292,-1264,-1196,-1212,-1136,-980,-888,-648,-576,-368,-280,-100,36,228,312,368,304,124,-8,-168,-196,-168,-200,-192,-240,-120,-120,-176,56,160,28,48,496,596,212,612,472,292
3,-984,-932,-920,-968,-984,-1108,-1156,-1264,-1296,-1384,-1412,-1412,-1384,-1264,-1216,-1020,-960,-732,-592,-392,-212,-20,320,468,492,472,344,256,-124,-180,-172,-180,-96,-96,-140,-124,-104,-84,-148,-160,-264,0,216,188,4,140,340,248,308,352,228,204,180,76,108,120,96,148,132,144,152,140,140,132,120,120,136,124,120
3,-1020,-1044,-1032,-1032,-1020,-1024,-984,-964,-992,-996,-1060,-1096,-1304,-1380,-1516,-1460,-1424,-1344,-1200,-912,-804,-448,-312,-120,16,332,468,544,528,392,224,-180,-260,-132,-116,-112,-112,-148,-116,-196,-256,-188,-28,120,-28,-156,420,608,144,320,712,580,480,512,452,336,340,320,288,328,288,292,328,272,288,308,276,268,264,260,260,280
3,-996,-936,-904,-844,-832,-860,-992,-1044,-1060,-1080,-1120,-1192,-1228,-1372,-1636,-1628,-1420,-1312,-1032,-812,-508,-440,-136,260,432,708,688,604,420,-28,-152,-96,-112,-264,-204,-144,-152,-184,-208,-124,-144,-124,196,372,444,484,648,460,424,468,360,340,360,324,244,288,256,224,256,272
3,-1040,-1088,-1156,-1328,-1356,-1360,-1420,-1416,-1356,-1196,-1096,-868,-704,-520,-404,-68,136,504,672,692,524,368,-212,-296,-216,-92,-40,-72,-8,-12,-108,-168,-144,-136,-204,-172,4,152,88,156,528,360,408,328,272,220,188,188,212,212,236,220,208,176,184,176,216,184,204
3,-988,-972,-944,-952,-956,-952,-948,-1032,-1052,-1144,-1248,-1372,-1388,-1420,-1412,-1328,-1244,-1084,-1032,-856,-812,-688,-600,-328,-304,-212,132,308,476,480,404,328,72,-68,-112,-88,-64,-92,-96,-68,-124,-172,-192,-264,-168,-196,-276,-124,60,52,128,280,172,180,240,16,0,52,88,124,80,40,44,40,-24,-76
4,-716,-680,-620,-632,-668,-832,-928,-1192,-1388,-1696,-1952,-1908,-1652,-1436,-980,-824,-476,-340,-232,-208,-232,-276,-452,-596,-800,-912,-1008,-1128,-1432,-1600,-1732,-1852,-1836,-1576,-1356,-948,-736,-336,-220,-64,-136,-348,-664,-1084,-1348,-1476,-1308,-1256,-1228,-1240,-1180,-1264,-1248,-1136,-744,-536,-352,-284,-284,-384,-572,-660,-972,-1176,-1648,-1916,-2040,-2040,-1808,-1568,-900,-448,-308,-332,-440
4,-712,-744,-756,-992,-1132,-1532,-1888,-1924,-1864,-1704,-1356,-1116,-712,-504,-160,-108,-28,-76,-244,-360,-752,-1040,-1608,-1952,-2040,-2040,-1876,-1204,-808,-372,-296,-484,-720,-1608,-1976,-2040,-2040,-1164,-568,68,320,408,188,-488,-1012,-2040,-2040,-2040,-1628,-1020,-284
4,-720,-700,-720,-792,-976,-1452,-1672,-2024,-1924,-1380,-1104,-540,-316,16,44,-44,-452,-760,-1316,-1780,-2040,-2040,-2040,-1772,-604,-212,304,320,-208,-652,-1788,-2040,-2040,-2040,-1400,-208,232,736,604,124,-196,-1200,-1792,-2040,-2040,-2040,-1644,-760,-324,76,144,-236,-520
4,-712,-740,-788,-944,-1112,-1516,-1732,-1916,-1968,-1656,-1500,-868,-500,-8,164,292,248,-4,-208,-608,-1028,-1284,-1720,-1972,-2040,-2024,-1516,-1176,-528,-284,-40,-76,-548,-840,-1704,-2016,-2040,-2040,-996,-264,548,528,216,-496,-972,-1900,-2040,-2040,-2040,-1380,-1024,-396,-244,-196,-312
4,-984,-924,-860,-716,-692,-716,-700,-836,-984,-1364,-1540,-1756,-1476,-1304,-820,-584,-296,-112,16,-24,-220,-368,-772,-1132,-1732,-2008,-2012,-1760,-1004,-652,-392,-420,-1068,-2000,-2040,-1848,-1396,-368,0,324,376,80,-168,-832,-1356,-2040,-2040,-2040,-1732,-912,-588,-308,-268
4,-1484,-1284,-1076,-572,-336,88,216,184,24,-308,-848,-1160,-1636,-2040,-2040,-2024,-1504,-1124,-352,-244,-228,-464,-1312,-1756,-2040,-2040,-1580,-1096,-84,348,840,492,140,-556,-1032,-1980,-2040,-2040,-2032,-1296,-948,-532,-380,-340
4,-616,-732,-1092,-1308,-1840,-2024,-1920,-1752,-1212,-780,8,284,536,500,284,68,-372,-700,-1468,-2040,-2040,-2040,-1656,-712,-328,-100,-64,-720,-1172,-2040,-2040,-1968,-1516,-384,136,772,844,492,148,-700,-1904,-2040,-2040,-2040,-1464,-1028,-432,-252
4,-856,-660,-536,-312,-272,-352,-476,-828,-1076,-1636,-2032,-2032,-1620,-1340,-552,-108,528,708,732,588,48,-276,-920,-1356,-2040,-2040,-2040,-1816,-924,-500,-92,-164,-500,-1468,-2004,-2040,-2008,-1028,-492,476,736,804,552,-44,-448,-1624,-2040,-2040,-2040,-1704,-1240,-464,-52
4,-216,108,508,564,344,100,-492,-868,-1592,-2040,-2040,-2040,-1792,-1348,-380,-136,120,-92,-492,-1508,-1960,-2040,-2040,-1392,-968,-124,200,560,608,272,44,-588,-988,-2040,-2040,-2040,-1872,-1436,-588,-360,-12
4,-812,-828,-840,-836,-836,-856,-844,-864,-872,-852,-872,-832,-824,-840,-872,-848,-876,-852,-800,-704,-668,-640,-764,-1060,-1228,-1652,-1752,-1692,-1488,-1092,-564,-356,-64,36,56,-36,-252,-396,-796,-1096,-1676,-1984,-2040,-1980,-1240,-816,-192,-52,-152,-468,-1452,-2040,-2040,-1940,-1440,-332,128,720,724,372,32,-916,-1440,-2040,-2040,-2040,-1288,-860,-300,-156,-252,-388
5,-952,-968,-972,-980,-992,-1036,-1060,-1164,-1276,-1576,-1660,-1704,-1640,-1356,-1180,-904,-560,-392,-32,208,752,968,1232,1260,1112,888,272,-24,-472,-548,-772,-752,-1024,-1168,-1616,-1760,-1952,-1924,-1740,-1376,-1216,-780,-608,-328,-268,-52,72,288,372,656,764,728,700,360,184,-376,-768,-808,-1060,-1252
5,-1064,-1288,-1396,-1596,-1636,-1664,-1592,-1144,-932,-580,-384,4,184,532,744,908,868,776,484,224,-200,-308,-512,-468,-772,-900,-1072,-1492,-1856,-1976,-2040,-1972,-1592,-1452,-1052,-752,-412,-300,-52,296,364,740,820,820,748,560,312,-232,-484,-740,-736,-1224
5,-948,-948,-900,-892,-912,-936,-1000,-1076,-1392,-1616,-1772,-1788,-1620,-1424,-1028,-752,-444,-316,36,220,756,972,928,820,708,316,24,-336,-464,-512,-692,-956,-1468,-1968,-2040,-2040,-1920,-1688,-1524,-1112,-932,-552,-436,-68,484,756,1204,1100,696,604,200,-84,-484,-712,-956,-1016,-1348,-1432
5,668,596,596,492,32,-120,-360,-508,-588,-664,-980,-1220,-1580,-1688,-1852,-1860,-1740,-1504,-1316,-956,-764,-504,-380,-56,132,532,684,752,704,656,564,252,-4,-484,-640,-904,-1016,-1160,-1412
5,-928,-964,-980,-1048,-1120,-1440,-1596,-1604,-1552,-1440,-1120,-908,-636,-396,84,328,728,760,680,580,328,76,-272,-412,-596,-672,-632,-724,-1064,-1576,-1628,-1912,-1876,-1708,-1592,-1416,-1304,-984,-772,-432,-296,4,296,704,768,716,632,440,-72,-304,-728,-968,-1044,-1244,-1408,-1352,-1248,-1216
5,-444,-212,288,508,748,732,696,620,320,28,-412,-616,-648,-668,-804,-1384,-1700,-1932,-1964,-1784,-1720,-1448,-1316,-1044,-848,-452,-316,-20,212,528,684,540,368,272,-200,-468,-820,-980,-1012,-1248,-1528,-1440,-1348
5,-560,-800,-952,-1232,-1640,-1832,-1828,-1828,-1676,-1580,-1368,-1212,-848,-688,-388,-256,-28,172,444,464,384,344,184,-212,-368,-632,-728,-864,-1140,-1364,-1368,-1520,-1452,-1208
5,-960,-1004,-1064,-1300,-1516,-1756,-1772,-1664,-1500,-1020,-800,-404,-132,440,632,944,964,796,732,204,204,-372,-548,-828,-852,-1092,-1180,-1568,-1828,-1812,-1684,-1664,-1584,-1488,-1176,-980,-580,-420,-120,176,784,956,896,808,596,388,-224,-436,-892,-1028,-1184,-1380,-1544,-1432,-1256
5,208,-256,-456,-692,-768,-848,-1036,-1268,-1640,-1608,-1776,-2020,-1520,-1572,-1448,-1280,-1000,-812,-496,-312,48,240,644,664,508,300,140,-288,-496,-892,-1020,-840,-1104,-1536,-1420,-1312,-1328,-1200
5,-1044,-1252,-1380,-1508,-1592,-1600,-1564,-1284,-1080,-640,-416,84,340,816,916,700,608,452,-56,-272,-500,-736,-808,-960,-1436,-1632,-1984,-2028,-1924,-1832,-1628,-1488,-1080,-896,-580,-424,-224,344,492,720,692,624,532,116,-140,-676,-788,-940,-1176,-1336,-1480,-1496,-1372,-1308
6,-920,-900,-888,-864,-868,-868,-888,-940,-972,-1012,-1060,-1104,-1168,-1208,-1228,-1244,-1184,-1124,-1060,-1020,-796,-692,-528,-532,-640,-668,-832,-896,-1024,-1100,-1144,-1160,-1228,-1300,-1396,-1476,-1468,-1456,-1236,-852,-712,-484,-336,-172,-196,-232,-228,-460,-520,-788,-876,-1188,-1352,-1740,-1940,-1856,-1488,-1252,-924,-824,-732,-768,-608,-572,-600,-520,-584,-772,-844,-868,-912,-1032
6,-912,-896,-896,-944,-1052,-1096,-1180,-1272,-1336,-1308,-1284,-1232,-1056,-936,-724,-568,-420,-500,-580,-800,-864,-1004,-1020,-1016,-1020,-1060,-1128,-1196,-1252,-1440,-1556,-1564,-1612,-1296,-1092,-652,-464,-128,-48,92,-152,-216,-280,-504,-896,-1084,-1740,-1928,-2040,-2040,-1700,-1396,-764,-532,-464,-512,-780,-984,-1032,-988,-876,-676,-624,-760,-760,-768
6,-972,-984,-988,-988,-948,-948,-968,-968,-972,-988,-1000,-1032,-1020,-1016,-1040,-1044,-1040,-1028,-1044,-1040,-1020,-1036,-1036,-1116,-1160,-1200,-1208,-1228,-1228,-1136,-944,-800,-648,-608,-616,-644,-768,-808,-976,-1064,-1180,-1224,-1380,-1448,-1536,-1556,-1540,-1440,-892,-616,-456,-108,-32,-148,-172,-256,-388,-632,-708,-1040,-1136,-1316,-1456,-1772,-1936,-2000,-1716,-1456,-704,-508,-576,-584,-932,-1116,-1208,-1204,-1076,-640,-472,-392,-360,-528,-616,-848,-928
6,-944,-936,-920,-896,-912,-972,-1008,-1032,-1056,-1028,-1020,-972,-956,-972,-1072,-1120,-1180,-1248,-1284,-1236,-1136,-1100,-948,-852,-644,-612,-644,-692,-804,-916,-1088,-1152,-1260,-1336,-1332,-1324,-1312,-1076,-940,-700,-628,-448,-416,-364,-344,-568,-624,-792,-940,-1144,-1184,-1576,-1764,-1896,-1772,-1468,-820,-636,-348,-224,-320,-424,-716,-872,-1032,-1148,-1148,-1004,-964,-956
6,-908,-928,-932,-968,-988,-1052,-1104,-1124,-1144,-1168,-1180,-1160,-1128,-1068,-940,-888,-724,-644,-620,-656,-792,-868,-1016,-1092,-1188,-1232,-1320,-1372,-1408,-1456,-1316,-1148,-876,-672,-512,-364,-312,-248,-252,-336,-412,-684,-860,-1228,-1432,-1692,-1800,-1928,-1880,-1460,-1160,-584,-508,-420,-752,-968,-1244,-1264,-1064,-948,-736,-668,-648,-732
6,-920,-928,-916,-924,-952,-968,-984,-992,-1036,-1040,-1104,-1196,-1236,-1192,-1176,-1140,-1060,-948,-700,-620,-564,-552,-668,-936,-1028,-1152,-1216,-1340,-1408,-1500,-1528,-1492,-1380,-1080,-868,-524,-380,-112,8,-44,-220,-320,-468,-944,-1004,-1120,-1424,-1584,-1948,-2040,-1932,-1660,-976,-620,-404,-448,-768,-1012,-992,-860,-668,-544,-396,-536,-680,-908
6,-940,-964,-1020,-1044,-1084,-1160,-1160,-1164,-1160,-1136,-1088,-1056,-920,-864,-616,-540,-476,-700,-824,-1016,-1104,-1308,-1400,-1496,-1504,-1240,-1076,-708,-548,-260,-180,-164,-176,-412,-416,-800,-1164,-1320,-1636,-1832,-1952,-1976,-1684,-1448,-720,-352,-232,-356,-864,-1104,-1076,-920,-712,-612,-508,-596
6,-924,-908,-932,-940,-936,-996,-1028,-1024,-1052,-1084,-1136,-1148,-1116,-1092,-1072,-952,-832,-576,-544,-560,-600,-752,-840,-1076,-1284,-1352,-1600,-1652,-1552,-1448,-1116,-856,-440,-324,-80,-16,-96,-180,-404,-576,-980,-1224,-1488,-1680,-1836,-1864,-1648,-1080,-828,-524,-472,-596,-784,-1188,-1292,-1192,-1052,-816,-644,-528,-500,-624
6,-1108,-932,-820,-552,-392,-316,-412,-664,-776,-1008,-1220,-1432,-1572,-1716,-1764,-1428,-1140,-632,-236,-72,164,124,-180,-220,-680,-960,-1340,-1616,-2040,-2040,-2016,-1748,-996,-608,-388,-472,-984,-1204,-1104,-804,-612,-336,-400,-540,-572
6,-888,-900,-1004,-1076,-1156,-1216,-1232,-1248,-1192,-1116,-900,-780,-548,-444,-444,-484,-680,-820,-1144,-1344,-1488,-1716,-1728,-1628,-1464,-1012,-740,-320,-168,60,128,-36,-216,-432,-644,-1248,-1360,-1828,-2008,-1980,-1664,-1388,-716,-548,-456,-456,-780,-916,-1000,-1028,-976,-900,-712,-732,-904
