1,-116,-84,-100,-124,-160,-152,-116,-128,-184,-276,-328,-364,-428,-512,-500,-592,-652,-728,-692,-728,-648,-604,-464,-376,-224,-124,4,64,60,28,12,-44,-132,-188,-352,-408,-512,-596,-668,-716,-836,-932,-1056,-1128,-1128,-960,-864
1,-192,-280,-436,-520,-660,-772,-800,-836,-960,-976,-812,-700,-544,-452,-300,-220,-44,40,96,132,128,28,-12,-180,-300,-448,-548,-744,-820,-1088,-1096,-1288,-1336,-1264,-1172,-880,-752,-476,-372,-140,8,108
1,56,-48,-124,-320,-468,-712,-772,-1016,-1040,-1156,-1220,-1284,-1400,-1320,-1068,-940,-624,-516,-248,-136
1,-284,-504,-564,-660,-760,-876,-1008,-1024,-1120,-1052,-920,-732,-496,-344,-88,28,180,188,72,20,-208,-312,-592,-788,-888,-1188,-1248,-1440,-1508,-1556,-1520,-1292,-1048,-716,-564
1,-436,-384,-632,-788,-940,-1020,-1104,-1192,-1128,-1152,-928,-876,-652,-508,-260,-96,72,48,40,-128,-188,-436,-552,-792,-896,-1196,-1312,-1588,-1632,-1660,-1612,-1304,-1120,-760,-596,-360
1,-552,-680,-928,-1080,-1236,-1464,-1532,-1692,-1680,-1432,-1308,-996,-820,-512,-396,-168,-60,52,32,104,84,84,108,52
1,-40,-56,-228,-276,-496,-620,-920,-960,-1168,-1296,-1424,-1452,-1400,-1328,-1160,-1028,-776,-496,-404,-232,-108,28,84
1,-1064,-1116,-1388,-1468,-1492,-1440,-1264,-1112,-824,-660,-376,-252,-20,76,132,116,268,276
1,-1132,-1120,-1020,-940,-844,-764,-488,-376,-160,-48,-16,-4,-104,-164,-284,-360,-620,-752,-916,-1004,-1272,-1344,-1436,-1516,-1464,-1276,-984,-828,-504,-392,-220,-108,88,124,176
1,-1144,-1252,-1348,-1504,-1508,-1456,-1340,-1076,-960,-608,-464,-316,-176,8,32,96,136
2,-276,-404,-464,-484,-436,-364,-240,-160,20,120,320,420,672,796,972,1020,1116,1180,1156,1156,1024,956,748,600,540,364,240,80
2,-276,-320,-296,-292,-296,-312,-304,-300,-304,-316,-336,-364,-452,-500,-532,-516,-484,-444,-344,-268,-180,-88,36,112,252,296,432,488,696,804,956,1068,1088,1116,1088,1060,1040,960,868,652,544,264,120,-88,-220,-468,-600,-520,-412,-300,-232,-240,-184
2,-288,-292,-292,-288,-288,-292,-312,-332,-420,-468,-596,-636,-680,-636,-484,-408,-340,-200,-104,4,104,312,444,740,856,1024,1120,1204,1216,1184,1080,976,892,628,508,324,244,-8
2,-388,-392,-388,-452,-492,-600,-620,-532,-488,-388,-316,-196,-68,108,200,376,652,792,1000,1064,1140,1128,1092,1052,896,848,728,592,384,352,80,-20
2,-160,-184,-248,-284,-268,-260,-204,-156,-76,-36,0,164,220,368,420,540,660,812,924,1048,1100,1112,1092,1072,1072,1040,1024,976,872,816,652,580,448,412
2,864,912,1004,1012,1020,1028,1044,1036,1012,952,904,712,616,496,416,204,136,24,-112,-188
2,-196,-220,-244,-252,-316,-344,-488,-504,-496,-464,-332,-304,-244,-196,-44,56,164,316,420,680,828,1052,1080,1068,1048,1040,1008,924,876,740,624,576,492,340,272
2,-232,-252,-288,-320,-424,-468,-448,-408,-296,-256,-156,-96,72,156,300,356,552,716,788,944,1004,1028,1024,1000,1000,1028,1004,960,900,776,732,508,512,300,196,160
2,92,168,232,316,392,560,684,928,1000,1024,1020,1028,1024,1024,924,876,764,676,512,444,296,184,-52,-64,-344,-316,-256
2,312,412,484,500,568,704,792,984,1008,1028,1028,1012,1008,1008,996,964,908,756,704,624,516,476,232,224
3,-324,-348,-404,-404,-408,-352,-228,-188,0,64,176,268,348,420,524,604,760,896,944,928,928,928,936,924,888,824,820,736,636
3,-132,-132,-136,-164,-160,-248,-284,-372,-376,-376,-388,-356,-272,-220,-112,-64,48,108,240,284,388,408,500,540,684,792,932,960,992,984,980,1000,996,976,988,892,912,832,800,732,724,544,472,384,344,-24,-108,-284,-676,-572,-512,-336,-208,-256,-268,-296,-288,-300,-332,-324,-304,-324,-288
3,-228,-256,-260,-212,-200,-96,-36,80,156,248,308,372,464,628,752,888,924,904,876,920,944,964,892,912,824,780,684,648,516,416,172,180,-128,-284,-392,-536,-452,-384,-260,-272,-280,-320,-304,-320,-292,-320,-276,-280,-292,-260
3,-176,-200,-228,-260,-280,-280,-300,-308,-284,-308,-320,-328,-356,-372,-316,-324,-264,-264,-160,-80,56,104,216,256,396,468,532,632,760,788,840,896,908,916,952,992,972,912,864,792,748,692,592,512,480,236,136,200,140,104,16,-104,-348
3,-44,-48,-24,-32,-36,-48,-68,-64,-124,-120,-120,-112,-120,-124,-176,-184,-128,-108,-84,-60,12,48,100,204,240,348,392,472,504,628,664,764,812,896,884,884,904,952,944,920,884,812,792,696,548,440,256,168,-72,-236,-412,-344,-548,-340,-172,-344
3,-104,-108,-136,-144,-176,-248,-288,-284,-296,-328,-308,-248,-224,-140,-44,96,140,272,360,412,460,552,768,856,980,1024,1032,976,964,988,1000,988,1008,960,892,872,804,772,628,576,416,36,-204,-232,-372,-484,-428,-504,-404,-224,-280,-244,-264,-276,-260,-276,-268,-268,-264,-260,-244,-256,-248,-256,-248,-244,-252,-256,-256
3,-220,-216,-200,-188,-196,-188,-184,-200,-188,-208,-220,-248,-292,-296,-280,-220,-176,-80,-20,120,176,292,356,500,548,692,792,848,860,856,840,900,912,956,924,904,864,812,740,688,652,632,412,280,180,84,-300,-324,-608,-516,-404,-364,-296,-296,-348,-348,-356,-320,-332,-344,-348,-304,-312,-300,-288,-280,-304,-292,-280,-288,-276,-280
3,12,20,32,20,-16,-64,-108,-128,-164,-156,-152,-176,-256,-308,-284,-224,-160,-96,12,84,260,320,428,624,728,956,1004,976,944,912,944,960,916,896,872,772,732,612,548,388,252,16,-200,-688,-864,-704,-388,-296,-268,-276,-316,-332,-324,-300,-316,-320,-324,-332,-324,-324
3,-160,-192,-208,-292,-280,-232,-232,-104,-80,0,72,160,240,352,372,456,540,732,848,920,900,856,912,952,980,980,924,904,872,808,720,704,620,560,404,304,48,-104,-628,-756,-996,-668,-480,-360,-376,-420,-408,-412,-408,-372,-384,-380,-380,-352,-348,-340,-340,-328,-324
3,-112,-96,-120,-144,-180,-220,-232,-260,-264,-308,-316,-340,-336,-292,-244,-184,-144,16,16,164,216,276,340,512,596,640,736,836,916,956,1004,1024,1008,988,1028,1036,996,968,880,824,692,656,544,420,256,-8,-132,-320,-400,-816,-912,-616,-544,-396,-408,-508,-496,-448,-480,-448,-492,-460,-456,-400,-360,-336
4,-196,-256,-276,-280,-280,-432,-548,-676,-704,-700,-796,-888,-760,-652,-548,-476,-320,-244,-156,-148,-120,-136,-152,-160,-280,-336,-460,-484,-612,-744,-752,-916,-1012,-940,-924,-788,-688,-444,-304,-176,-144,-124,-212,-492,-388,-344,-384,-372,-384,-300,-332,-444,-500,-492,-304,-128,-60,-48,-84,-120,-228,-280,-404,-512,-672,-744,-904,-920,-1000,-980,-740,-412,-248,-60,-16
4,-204,-296,-320,-456,-512,-516,-440,-548,-676,-624,-500,-440,-312,-252,-100,-108,-148,-180,-256,-284,-520,-536,-644,-764,-1072,-1156,-1128,-948,-816,-524,-480,-600,-692,-1012,-736,-952,-856,-212,-244,-220,-112,-196,-188,-432,-640,-1020,-1132,-1340,-1028,-720,-256
4,-176,-212,-284,-448,-500,-596,-636,-732,-748,-488,-400,-264,-236,-204,-256,-336,-432,-508,-732,-976,-1404,-1688,-1672,-1544,-1032,-704,-356,-348,-704,-896,-1104,-1164,-1108,-1048,-592,-344,-136,-176,-252,-312,-332,-608,-840,-1220,-1312,-1336,-1184,-584,-356,-140,-44,132,232
4,-108,-120,-124,-224,-236,-336,-288,-116,-160,-288,-268,-224,-128,-16,-4,-24,-32,-88,-128,-204,-288,-344,-500,-636,-872,-928,-1188,-1132,-860,-688,-416,-448,-616,-712,-536,-636,-568,-488,-416,-136,56,24,-52,-104,-252,-536,-696,-928,-1060,-996,-768,-348,-176,80,100
4,-120,-116,-148,-152,-156,-164,-176,-296,-312,-296,-328,-332,-360,-276,-228,-200,-116,-68,-76,-108,-180,-240,-252,-308,-516,-636,-816,-756,-732,-668,-544,-520,-588,-520,-544,-444,-256,-96,-40,-44,-108,-128,-220,-328,-472,-788,-864,-920,-828,-644,-492,-220,-84
4,-308,-316,-260,-172,-132,-84,-64,-96,-136,-272,-256,-328,-460,-532,-712,-748,-808,-768,-680,-608,-548,-572,-624,-596,-764,-616,-408,-292,-132,-108,-60,-156,-256,-272,-376,-592,-736,-860,-880,-744,-652,-416,-228,-40
4,-268,-352,-540,-612,-428,-368,-552,-556,-448,-352,-116,-72,-72,-104,-136,-196,-372,-356,-528,-780,-940,-1032,-988,-852,-776,-620,-532,-600,-608,-512,-548,-276,-220,-48,-4,-40,-12,-128,-172,-268,-468,-600,-740,-904,-792,-688,-372,-252
4,-60,-188,-192,-260,-244,-264,-356,-656,-676,-796,-540,-564,-588,-488,-364,-292,-176,-208,-88,-132,-196,-232,-340,-400,-684,-784,-992,-960,-836,-760,-584,-596,-616,-672,-536,-696,-576,-104,-88,76,80,-48,-120,-244,-256,-652,-744,-948,-1024,-1000,-852,-500,-168
4,-104,-104,-44,-68,-92,-192,-240,-292,-444,-564,-868,-1020,-1048,-932,-812,-648,-448,-388,-484,-528,-616,-468,-244,-124,-160,-84,-44,-4,-12,-176,-236,-332,-448,-692,-880,-1100,-1184,-964,-628,-432,-80
4,-32,-24,-20,-12,-8,-12,-24,-20,-36,-28,-44,-36,-52,-92,-76,-64,-76,-116,-144,-204,-240,-260,-316,-444,-484,-372,-380,-344,-336,-324,-252,-224,-160,-200,-216,-248,-252,-308,-412,-468,-680,-876,-1104,-1052,-1016,-912,-640,-560,-572,-620,-784,-628,-780,-520,-440,-216,-180,-100,-124,-208,-252,-400,-528,-808,-896,-1048,-912,-768,-380,-200,-112,-52
5,-16,-56,-68,-104,-136,-184,-196,-252,-300,-404,-428,-404,-396,-272,-212,-92,-32,-24,132,244,584,776,1132,1196,1144,1036,692,468,16,-252,-660,-736,-836,-832,-896,-908,-808,-696,-648,-616,-584,-392,-340,-88,16,264,372,700,832,1120,1204,1212,1144,936,796,532,264,200,-136,-132
5,-200,-276,-348,-420,-420,-376,-260,-172,-140,-48,20,172,268,616,788,1088,1156,1076,844,716,408,264,-100,-256,-736,-708,-904,-1028,-972,-1000,-872,-756,-648,-656,-640,-560,-304,-212,20,392,508,988,1144,1260,1180,964,824,520,388,124,-32,-320
5,-132,-124,-128,-128,-144,-164,-192,-228,-340,-480,-476,-468,-424,-356,-328,-268,-88,-32,144,256,740,960,1168,1060,972,676,476,92,-80,-580,-856,-1132,-1308,-1120,-1028,-772,-592,-628,-636,-640,-580,-404,-304,-152,260,580,1192,1280,1068,932,672,548,328,220,52,16,-308,-276
5,1104,1100,996,908,592,432,160,-12,-316,-512,-860,-836,-820,-832,-776,-700,-656,-644,-636,-480,-388,-212,-136,76,244,708,964,1204,1192,1012,908,620,464,216,144,-100,-204,-416,-540
5,-72,-108,-116,-200,-236,-356,-368,-336,-284,-252,-160,-132,-4,48,288,500,848,1068,1124,1096,960,856,604,484,220,96,-212,-600,-792,-812,-876,-836,-756,-600,-572,-548,-480,-440,-360,-180,-92,172,384,1008,1204,1224,1124,876,576,440,260,140,-8,-68,-140,-128,-92,-44
5,24,88,384,592,1020,1112,1128,1040,744,552,296,48,-108,-504,-728,-924,-852,-1136,-968,-604,-620,-588,-516,-384,-356,-184,-60,180,368,884,1180,1164,1004,836,480,304,100,-12,-268,-420,-464,-424,-300
5,32,-252,-520,-648,-672,-740,-704,-648,-516,-516,-508,-440,-328,-252,-36,100,352,508,992,1128,1160,1088,804,452,296,124,-48,-416,-376,-644,-732,-496,-464,-464
5,-76,-124,-132,-216,-308,-344,-316,-292,-268,-260,-220,-92,20,400,648,1104,1200,1120,1020,716,716,352,184,-84,-236,-532,-564,-564,-564,-556,-368,-388,-452,-440,-320,-332,-168,-92,56,248,832,1076,1240,1176,892,740,404,264,124,-4,-204,-428,-368,-184,-152
5,736,424,88,-56,-268,-484,-708,-688,-792,-744,-732,-620,-644,-672,-644,-596,-444,-408,-236,-108,204,396,860,1176,1180,1008,848,536,416,272,196,36,-172,-144,-104,-148,-120,-40
5,-196,-280,-352,-384,-424,-372,-324,-280,-256,-152,-64,192,388,880,1052,1096,940,768,360,192,-160,-304,-440,-660,-864,-820,-872,-840,-628,-588,-576,-576,-508,-484,-300,-240,-60,416,696,1116,1196,1060,904,512,352,128,72,-188,-232,-428,-452,-388,-424,-408
6,-160,-168,-156,-172,-172,-208,-204,-232,-252,-268,-276,-272,-268,-260,-264,-260,-248,-216,-148,-124,-84,-32,8,44,16,16,-12,-28,-40,-60,-48,-60,-76,-80,-88,-32,12,36,88,148,152,140,124,76,44,-44,-80,-140,-140,-220,-252,-304,-388,-488,-400,-364,-248,-196,-108,-108,-116,-112,-36,-44,-20,-52,-108,-96,-148,-224,-220,-252
6,-312,-324,-340,-352,-400,-404,-420,-432,-420,-428,-380,-340,-236,-196,-96,-56,12,8,28,-32,-40,-40,-52,-48,-52,-76,-84,-44,-48,-96,-36,-20,8,16,20,88,104,104,68,-16,-116,-168,-192,-240,-420,-492,-628,-640,-540,-500,-348,-308,-152,-52,-12,-44,-120,-156,-84,-32,16,-28,-24,-132,-124,-156
6,-120,-120,-136,-136,-132,-140,-136,-144,-156,-152,-168,-180,-184,-180,-204,-208,-192,-188,-180,-188,-192,-176,-176,-196,-204,-176,-212,-192,-200,-172,-108,-76,-12,24,32,24,-8,-32,-16,-52,-76,-64,-76,-64,-96,-16,4,-4,140,200,248,240,196,68,28,-112,-196,-116,-136,-260,-296,-384,-284,-472,-544,-560,-464,-388,-108,8,24,-4,-80,-84,-68,-24,64,120,132,80,48,-72,-52,-160,-192
6,-108,-112,-104,-100,-108,-136,-160,-172,-160,-160,-152,-148,-160,-176,-164,-184,-172,-184,-208,-212,-188,-152,-100,-88,-36,-32,-8,4,-32,-20,-52,-52,-52,-72,-52,-48,-32,28,56,124,112,60,20,-8,-60,-100,-128,-148,-220,-300,-264,-384,-448,-392,-280,-260,-140,-52,28,60,-16,-32,-60,-76,-88,-180,-176,-172,-164,-164
6,-200,-200,-208,-220,-224,-228,-228,-240,-216,-220,-204,-188,-164,-148,-120,-96,-36,-16,4,24,-28,-24,-68,-64,-84,-68,-64,-68,0,44,52,96,136,172,140,36,36,-20,-56,-152,-200,-244,-268,-308,-352,-360,-416,-416,-380,-332,-264,-76,60,44,-56,-124,-68,-12,48,52,28,8,-68,-76
6,-180,-184,-196,-200,-208,-216,-216,-212,-220,-228,-224,-212,-232,-208,-188,-152,-120,-112,-60,-32,20,20,8,-24,-48,-56,-68,-52,-72,-44,-36,-20,44,92,92,112,124,64,44,-24,-68,-52,-44,-60,-108,0,-228,-284,-224,-336,-232,-204,-136,-96,68,76,92,48,120,152,152,128,8,12,-32,-144
6,-184,-176,-196,-188,-188,-188,-184,-160,-140,-128,-72,-28,-12,16,64,96,104,92,64,80,68,80,128,112,136,120,96,100,96,76,28,-32,-100,-96,-112,-148,-304,-332,-384,-396,-408,-440,-332,-260,-148,-12,144,120,16,-20,36,76,120,116,-12,-44
6,-212,-212,-220,-216,-216,-232,-240,-224,-212,-204,-188,-188,-164,-136,-132,-96,-64,-12,12,56,44,12,-8,-64,-64,-48,-56,-32,20,68,88,100,124,116,68,4,-16,-100,-100,-132,-152,-216,-224,-264,-292,-280,-252,-208,-144,-24,0,-24,-36,-36,-20,52,80,76,80,8,-8,-16
6,-140,-88,-80,16,56,72,84,8,-12,-36,-48,-32,-16,4,72,36,28,28,68,44,-88,-180,-172,-204,-268,-276,-352,-328,-372,-408,-364,-320,-260,-208,-16,0,28,16,120,140,148,80,20,-68,-88
6,-280,-284,-308,-336,-332,-336,-312,-292,-260,-248,-176,-140,-44,4,8,-8,-76,-100,-164,-192,-192,-148,-136,-36,-8,8,16,84,96,52,0,-76,-140,-152,-156,-248,-296,-280,-284,-284,-260,-228,-128,-48,12,12,-8,-12,-20,4,56,40,-16,-36,-104
