1,248,236,224,168,168,152,92,100,228,292,464,544,596,592,516,484,344,296,184,196,232,484,680,808,788,480,316,140,136,156,160,180,216,212,188,228,240,276,336,224
1,244,276,264,240,136,148,172,156,176,220,280,540,736,916,844,560,496,344,280,172,124,112,160,468,544,744,768,764,740,576,392,324,240,232,176,192,224,236,264
1,352,288,260,228,172,260,72,8,312,292,372,600,684,740,756,692,504,460,300,240,116,116,180,244,456,604,652,844,916,756,568,248,124,0,88,280,320
1,360,332,320,280,256,244,144,144,160,184,324,504,620,792,780,744,600,416,320,168,128,80,140,316,424,708,884,920,856,712,432,252,-32,-64,176,212,300,328
1,292,300,356,328,252,232,128,52,124,204,148,520,632,596,728,644,588,492,432,312,260,180,116,160,212,456,716,832,900,828,592,452,208,132,80,124,216,248,272,312,372,352
1,276,252,196,176,244,252,212,292,344,416,668,664,748,720,608,544,352,276,176,104,128,260,348,628,744,928,940,808,652,348,156,-12,36,200,244,308,304,312,304
1,292,316,248,232,336,284,152,148,192,152,368,424,476,580,728,776,760,608,512,328,280,172,128,152,176,504,616,808,884,888,720,452,352,264,232,200,272,260,244
1,352,292,248,204,252,132,132,284,392,500,652,616,792,812,712,632,476,400,280,220,116,136,228,372,644,948,1040,772,620,516,496,260,216,152,192,256,264
1,396,368,404,388,336,284,176,140,244,444,308,320,696,680,684,848,892,796,700,596,380,284,136,48,24,136,312,832,1004,1168,1044,676,548,384,388,188,144,152,176,284,320
1,328,324,344,344,340,356,372,336,204,168,104,12,280,280,340,516,632,744,1028,1028,780,708,496,364,176,88,108,156,260,588,712,904,936,880,712,468,380,180,132,152,192,300,340
2,332,308,256,260,132,216,356,424,580,524,308,244,328,352,212,108,168,204,176,236,320,380,352,172,408,480,148,308,480,236,140,380,348,284,232
2,300,308,268,280,460,496,364,328,268,132,140,420,464,280,204,344,416,340,360,312,360,404,412,344,304,564,532,212,-240,172
2,276,300,424,404,464,528,432,372,488,416,172,244,500,468,200,164,272,324,344,312,536,300,212,296,356,264,232,72,140,472,284,264,428
2,448,316,180,284,496,352,84,152,336,332,336,420,428,352,224,304,312,128,124,352,464,468,288,316,384
2,284,256,312,264,232,240,364,364,252,156,240,328,348,460,332,76,188,400,364,220,196,472,600,212,220,340,132,-172,108,236
2,352,324,304,228,320,288,212,276,368,344,288,348,484,376,244,284,340,168,-52,164,248,44,240,256,312,328
2,188,204,264,264,368,488,452,408,316,320,428,336,284,300,292,240,260,324,368,352,352,104,140,476,304,-16,224,464,288
2,328,468,440,376,376,296,260,360,452,460,376,440,312,172,264,308,332,324,428,400,316,400,160,24,408,376,-52,228,460
2,180,296,364,384,372,320,200,268,392,332,232,132,204,348,312,308,360,404,352,8,100,304,212,360,368,280,232,232,256
2,344,276,308,500,464,232,124,252,364,376,376,424,408,396,264,152,100,176,32,60,172,256
3,324,296,272,300,212,400,512,452,348,276,208,200,132,-156,-272,-200,-108,-180,-56,-16,76,656,740,816,1204,1260,2040,2040,1584,1820,1400,1160
3,476,484,516,576,564,308,140,-12,-520,-580,-328,-280,-244,-148,-116,4,616,964,1268,1116,1516,1752,1304,2024
3,264,264,328,300,396,496,500,532,480,220,144,-220,-404,-536,-400,-160,-48,-140,-104,492,812,1092,1388,1352,1988,1764,1696,1768,1576,1492,1260
3,716,660,580,520,224,-80,-492,-536,-452,-336,-268,-232,-72,-24,312,484,672,956,1156,1340,2040,1444,1388,1884,1496,1456,1396,1096
3,684,852,792,580,480,40,-460,-740,-456,-328,-272,-52,-80,-88,108,400,504,880,976,1052,1184,1992,1504,1796,1684,1584,1436,1344
3,652,556,200,-212,-892,-652,-456,-360,28,-124,-168,360,648,1100,1080,1240,1592,1312,1500,1908,1760,1572,1460,1356,1160
3,260,268,260,304,396,368,472,500,412,348,192,-92,-472,-576,-420,-356,-244,-52,-148,164,476,732,924,1660,1908,1960,2040,1592,1556,1416,1240,1108
3,260,216,212,280,300,380,464,468,556,544,400,360,92,-228,-564,-388,-272,-312,52,160,-20,232,748,568,964,1464,1128,2040,2012,1340,1680,1328,1168,1240,1188,1084
3,252,368,856,920,960,956,652,492,96,-152,-776,-572,-336,-136,44,128,28,476,668,752,856,1120,1380,1768,1660,1624,1720,1496
3,284,296,412,480,648,728,800,536,456,268,-108,-780,-672,-212,-200,-252,-36,-28,-52,656,924,588,972,1908,1132,1892,2040,1348,1668
4,300,288,36,-128,-8,100,312,688,692,692,1176,920,796,548,392,132,24,52,156,544,824,1292,1404,1236,956,436,224,152,136,120,268,264,220,272,248,216,80,112,44,276,772,916,952,992,916,808,636,504,296,196,132,292,468,840,904,980,972,756,624,352,264,196,136
4,316,304,232,256,228,64,32,128,132,380,640,648,760,1108,1124,824,716,476,364,168,128,120,264,512,876,1084,1296,1204,684,592,356,280,196,192,292,284,288,252,212,168,88,-4,96,460,628,796,864,924,932,884,800,524,400,200,148,132,140,476,896,1324,1308,976,672,416,116,84,172,200
4,416,384,380,348,252,248,264,132,272,364,528,664,796,976,1100,972,700,604,360,248,80,112,332,572,1264,1460,1244,644,464,184,176,236,248,308,332,240,240,264,284,76,124,220,444,976,908,852,840,748,644,536,344,252,184,216,316,512,832,1024,1240,1116,772,704,412,260,216,296,336
4,392,400,388,380,332,196,64,20,292,368,580,680,708,844,1108,1060,924,804,456,296,204,160,164,252,664,952,1524,1304,896,316,80,76,232,316,356,344,332,248,224,176,232,124,180,180,388,852,852,788,904,892,812,708,416,284,84,120,228,308,780,988,1160,1104,844,572,272,28,28,344,396
4,404,396,296,196,196,264,224,192,752,644,564,828,1024,1056,1044,960,672,552,292,132,76,84,244,1000,1408,1436,1212,744,632,392,352,320,328,288,256,308,268,224,256,288,220,248,216,268,916,1108,1060,1096,832,712,588,488,264,164,132,220,452,700,1092,1220,1160,784,600,380,284,216,264,380,356
4,280,124,224,208,720,848,804,964,1004,924,672,548,312,216,112,100,192,320,856,1108,1200,936,584,256,200,356,352,364,348,260,268,220,196,204,168,224,224,148,236,596,776,888,928,900,700,632,496,404,216,144,212,224,432,544,848,904,888,784,752,608,320,228,252,312,340,368
4,360,360,272,244,360,284,112,352,404,244,448,812,868,1056,992,788,560,428,156,68,128,152,396,540,1108,1340,1432,1224,732,660,396,376,240,228,228,196,228,256,216,264,244,304,372,484,636,1124,1096,960,972,728,628,452,332,156,120,192,500,744,1116,1160,984,868,424,356,204,144,260
4,380,328,328,320,308,312,384,108,400,428,572,696,968,1036,984,912,688,584,312,152,0,4,108,488,1448,1476,1224,612,476,248,240,384,344,308,328,288,216,180,176,228,176,172,248,336,500,944,1068,1040,776,708,552,448,232,160,136,168,496,704,1040,1140,1136,900,460,356,260,260
4,412,412,428,404,416,420,388,356,296,216,44,-40,-60,352,1468,1408,736,1044,980,676,596,424,324,116,72,180,320,724,1052,1252,1124,724,504,368,464,596,424,340,224,196,140,244,240,268,260,172,136,280,672,744,884,932,896,772,628,576,352,168,148,220,360,800,1048,1232,1080,684,512,192,144,196,264,268
4,352,360,392,380,284,280,264,428,348,280,-4,412,712,820,936,1084,992,804,652,304,212,104,76,156,244,736,1256,1376,1168,832,512,464,216,328,372,312,328,360,196,192,192,180,120,200,236,380,636,800,828,872,852,808,724,440,324,164,132,144,236,724,932,1088,1140,908,652,388,220,216,180,244,324,296
5,316,264,188,216,276,84,200,352,312,244,396,424,296,296,504,468,164,220,368,276,264,400,336,196,280,428,528,380,260,388,236,352,332,200,168,224,252,336,328,204,216,476,388,8,44,164,116,184,272,204,352,540,660,548,180,-104,256,352
5,272,228,232,256,248,264,292,348,304,264,304,188,124,288,456,360,132,44,168,144,200,284,364,380,412,492,336,328,400,324,108,48,232,248,268,228,264,288,336,312,272,220,192,168,100,124,184,340,348,268,376,656,548,280,240,272,188
5,192,184,212,284,412,464,348,456,488,280,232,284,260,364,16,-84,136,48,64,212,476,504,252,256,280,152,368,236,-200,72,236,212,280,392,476,288,384,392,-60,-120,132,88,120,328,360,272,276,512,664,472,292,212,296,236
5,200,320,164,32,536,516,296,336,248,128,28,432,352,-160,16,252,156,144,236,336,432,200,220,352,240,308,224,84,88,296,220,208,288,260,12,328,272,-216,112,220,28,68,300,396,444,472,404,200,-352
5,136,152,224,256,260,220,304,352,224,200,236,360,224,72,124,68,40,72,248,416,364,440,-340,-388,892,776,40,280,292,220,244,252,212,132,116,444,-104,-464,0,12,40,276,444,468,388,612,600,-160
5,280,256,160,124,216,216,268,312,232,192,188,356,164,-84,148,220,92,196,392,396,460,268,368,368,200,268,236,200,256,300,280,312,356,388,276,296,500,-44,-188,184,108,160,304,304,360,372,500,420
5,156,168,68,276,520,492,464,388,284,4,276,540,160,-96,-12,64,180,232,324,544,456,336,-48,-36,268,196,120,164,68,244,288,248,324,356,268,144,332,180,-116,196,232,200,308,392,372,272,400,540,276,-196,280
5,164,176,140,240,280,328,412,340,208,184,428,532,-304,-304,232,164,76,220,388,364,452,472,396,92,108,244,56,252,316,228,200,332,360,248,404,224,-8,224,352,36,80,328,436,280,188,316,732,644,140,-4,140,224
5,200,164,220,208,260,348,428,420,352,336,332,308,344,288,-92,-40,-52,-48,320,412,516,460,364,164,124,248,180,120,208,504,472,152,276,400,264,152,308,-40,-236,24,8,64,304,352,388,312,452,420,208,96,84,264,324
5,216,192,208,260,144,172,496,448,396,412,364,272,252,296,332,116,-68,96,164,128,224,312,272,388,508,480,152,232,456,96,200,400,332,264,244,292,288,168,304,304,-240,-24,76,-16,264,356,208,160,348,388,364,424,120,-64
6,208,244,268,268,188,156,184,92,72,200,304,152,32,220,436,152,-240,-232,-680,-760,-480,-244,-348,-328,264,544,1032,904,596,280,-420,-420,-304,-276,-176,56,260,324,264,196,448,520,196,224,556,272,176,292,256,260
6,288,332,364,280,336,224,200,200,152,168,212,204,376,500,100,-232,-420,-540,-412,-368,-432,-296,-180,-84,620,928,768,588,480,-104,-104,76,0,-24,88,364,388,228,216,300,320,180,232,384,360,300
6,328,324,232,160,116,244,340,244,56,236,264,148,32,-240,-460,-696,-540,-192,-244,-388,-88,696,852,916,916,604,276,-268,-92,-84,-72,-44,224,400,396,272,288,404,324,-24,192,564,340,240,360,276
6,288,292,400,420,344,388,416,340,276,328,92,-32,-40,108,420,304,168,-320,-500,-636,-324,-248,-512,96,524,828,896,964,792,40,-136,-72,-136,-256,-116,-16,292,420,340,140,504,556,12,284,512,324,244
6,300,312,336,340,340,408,420,416,496,504,364,136,304,272,92,172,312,372,628,372,-88,-196,-660,-812,-20,-156,-380,84,820,864,596,600,304,-236,-220,32,12,-176,-72,464,532,496,424,88,184,492,424,476,532,376,320,232
6,328,328,468,500,424,424,496,500,328,452,564,352,8,64,192,192,324,564,612,432,400,-364,-464,-508,-440,-460,-480,276,496,844,764,652,652,180,48,84,128,32,44,272,492,412,196,268,556,620,380,308,452,504,380
6,332,336,348,352,348,356,400,420,384,360,444,504,428,372,208,148,192,200,124,124,264,648,452,216,104,-656,-720,-300,-280,-392,-276,184,372,804,792,608,476,264,128,72,120,252,404,360,244,276,448,356,112,188,384,396,312,324,388
6,356,388,372,380,444,472,460,476,304,200,196,260,192,72,-52,36,292,344,420,552,-20,-456,-516,-632,-200,-228,-628,124,724,624,584,688,308,-364,-208,-92,-104,128,292,292,8,144,392,340,280,376,252,184,344,468,360
6,324,328,340,352,380,400,356,420,508,508,308,216,292,312,56,-36,140,256,268,308,184,-152,-616,-744,-452,-260,-452,-340,656,1036,848,788,592,-268,-476,-72,-68,-196,-96,248,356,208,84,208,280,348,252,136,840,832,264,424,376
6,312,324,316,336,324,320,392,404,380,348,388,380,356,368,292,236,128,124,164,104,44,132,688,680,180,-28,-392,-476,-344,-276,-384,-256,12,996,1108,348,400,380,88,-140,12,200,148,248,324,364,300,272,380,456,400,288,620,812,268,116,616
