1,24,12,-148,-188,-264,-300,-444,-464,-492,-436,-240,-124,20,28,16,12,-20,-48,-92,-72,-60,-60,-36,-28,-20,-28,-64,-204,-240,-304,-304,-280,-232,-124,-60,80,84,212,212,252
1,168,136,140,104,-56,-124,-212,-280,-384,-408,-300,-220,-40,172,172,20,-8,-8,-4,40,60,48,32,4,4,-12,-32,-156,-132,-44,-128,-196,-260,-240,-216,-176,-116,-64,116
1,164,116,92,76,8,-200,-320,-392,-496,-552,-520,-448,-144,-56,32,60,96,84,32,-8,-16,4,-4,-16,-32,16,28,-80,-80,-92,-104,-244,-268,-260,-240,-184,-164
1,172,140,124,64,-68,-140,-296,-412,-604,-620,-520,-440,-248,-8,-4,8,-4,-8,4,-40,-24,28,0,-16,-28,-188,-228,-336,-256,-24,-232,-296,-368,-320,-264,-252,-152,-72
1,164,144,160,128,92,56,-76,-144,-272,-700,-824,-776,-744,-312,-104,44,-32,-8,0,56,52,44,56,8,4,-20,20,32,-16,16,48,-12,-136,-144,-216,-192,-184,-144,-40,-4,92,124
1,116,76,-72,-152,-336,-448,-596,-644,-628,-560,-300,-172,-92,-88,-100,-84,-20,-4,16,24,4,0,-16,-52,-92,-124,-144,-104,-80,-208,-292,-348,-308,-240,-188,-136,-96,64,100
1,200,184,156,112,8,-80,-168,-232,-428,-468,-580,-556,-392,-308,-48,-12,-24,8,4,40,32,8,8,-12,-28,-56,-12,-88,-80,-20,-44,-112,-176,-236,-268,-256,-228,-196,-76
1,148,108,104,-4,-244,-304,-572,-628,-644,-568,-420,-312,24,44,4,-4,-12,-4,-24,-40,-8,-4,-12,-56,-12,-44,-28,-28,-12,-80,-164,-224,-232,-232,-236,-124,-56
1,172,164,156,132,96,64,-108,-228,-364,-480,-640,-656,-520,-516,-340,-152,-48,-80,-32,0,20,8,-24,-20,-24,-28,-96,-224,-196,-104,-76,-128,-132,-268,-308,-400,-416,-356,-308,-172,-56
1,156,152,164,156,152,140,124,100,28,-28,-156,-264,-644,-796,-932,-844,-524,-304,4,28,-32,-12,-4,-32,-84,-52,-28,-24,-12,-56,-68,-100,-92,-92,-84,-112,-228,-384,-356,-252,-192,-92,-36
2,-244,-256,-256,-308,-272,-268,-144,-44,-28,60,192,372,496,768,856,912,916,868,840,716,556,340,200,-72,-188,-176,-264,-328,-252,-300,-260,-180,-112,-124,-104
2,-104,-116,-92,-48,40,56,112,212,296,488,548,680,828,948,948,944,916,896,892,800,716,512,408,128,24,-176,-216,-248,-488,-452
2,-128,-172,-124,-100,-64,-20,100,144,208,280,364,496,716,788,932,944,884,852,760,772,684,508,392,256,68,8,-44,-156,-352,-328,-372,-408,-284
2,272,392,560,648,868,920,936,908,848,776,636,544,444,332,24,-64,-60,-128,-352,-228,-264,-272,-244,-208,-164
2,-148,-128,-144,-72,-20,80,108,268,312,452,572,736,816,896,948,912,864,796,708,600,496,176,132,96,-200,-280,-248,-460,-576,-456
2,336,456,588,732,768,896,936,892,896,872,716,632,524,464,244,128,-40,-44,-308,-404,-356,-408,-404,-316,-296,-232
2,-204,-224,-216,-168,-96,36,100,232,332,464,512,708,768,900,888,840,792,628,552,392,308,132,-36,-192,-204,-352,-484,-388,-260
2,-200,-128,-116,0,60,92,168,424,500,672,756,836,976,960,828,768,536,480,368,292,112,48,-72,-144,-224,-260,-296,-336,-192
2,-124,-92,-8,-8,112,308,404,604,688,832,952,924,888,736,628,412,308,160,132,-200,-296,-208,-288,-240,-152,-176,-164,-144,-140
2,324,428,696,740,880,932,872,832,688,604,520,440,316,208,120,56,-136,-148,-172,-276,-212,-236
3,-68,-60,-72,-108,-172,-132,-108,-4,84,248,316,532,652,808,824,764,728,624,464,364,236,-36,-40,-248,-356,-640,-892,-332,-348,-236,-64,-268
3,-96,-48,-60,100,168,344,512,656,812,768,728,708,652,564,356,236,68,8,-168,-204,-216,-344,-468,-488
3,-200,-224,-220,-156,-92,-20,4,92,140,344,464,684,760,812,764,636,584,448,284,84,12,-144,-252,-304,-380,-268,-324,-248,-136,-188,-184
3,136,260,364,436,512,576,736,788,704,712,736,712,572,500,348,288,92,4,-280,-264,-340,-212,-316,-140,-136,-184,-188,-216
3,112,236,340,400,468,620,716,808,744,744,760,728,672,432,396,276,148,-8,-80,-236,-356,-576,-484,-444,-316,-220,-292,-312
3,216,216,356,500,708,748,664,612,648,528,324,120,16,-204,-248,-368,-408,-456,-524,-460,-308,-264,-244,-292,-304
3,-52,-36,-148,-180,-108,-108,-128,-104,-4,12,292,460,736,820,776,736,628,476,416,204,72,-88,-208,-540,-512,-416,-428,-92,-128,-28,-92,-128
3,-140,-164,-204,-184,-208,-184,-88,-56,20,56,152,264,536,608,816,868,784,724,652,636,412,300,308,-8,-128,-124,-236,-80,-16,-376,-256,-108,-232,-148,-204,-204
3,-216,-128,-32,4,52,112,132,152,304,436,656,680,608,624,696,616,512,336,264,132,56,-136,-360,-312,-200,-296,-300,-128
3,-128,-152,-164,-140,-68,-32,72,252,296,360,404,652,680,636,664,620,576,476,316,112,112,4,-256,-176,-12,-828,-668,-152,-440
4,24,-80,-248,-276,-524,-656,-748,-732,-508,-384,-84,44,92,136,108,-16,-12,12,-12,8,-68,-156,-132,-68,-92,-280,-324,-256,-268,-196,-176,-152,-64,-44,-40,-136,-304,-396,-348,-452,-456,-388,-68,80,64,60,52,16,-28,-20,-12,-32,-68,-160,-164,-68,-48,-24,-96,-264,-276,-256,-244
4,180,164,108,16,-32,-248,-380,-640,-756,-876,-836,-560,-484,-160,-112,-84,-36,4,-4,-36,-20,36,-8,-104,-244,-308,-280,-332,-428,-408,-472,-532,-408,-372,-252,-196,-156,-92,-28,-24,-252,-324,-652,-652,-584,-440,-256,48,32,16,4,-80,-136,-184,-112,0,20,-112,-260,-352,-276,-60,-32,-268,-408,-380,-344,-296
4,236,180,164,96,52,28,-192,-296,-508,-544,-568,-476,-156,-52,16,12,64,44,36,36,108,144,88,0,-204,-240,-104,-68,-124,-252,-232,-156,-136,-80,-96,-60,-44,-60,-128,-252,-340,-360,-388,-284,-32,84,36,-4,20,28,0,20,12,8,4,-60,-92,-140,-156,-196,-40,-68,-224,-228,-216,-168,-124
4,232,236,192,76,32,-16,-220,-312,-656,-800,-968,-824,-288,-132,-144,-128,-52,16,4,4,-24,4,16,-16,-244,-344,-364,-364,-228,-284,-384,-352,-300,-232,-200,-96,-48,-12,4,-76,-204,-364,-564,-612,-652,-632,-164,-4,-64,-96,-20,-8,12,-8,-4,-4,-28,-88,-192,-180,-156,-136,-120,-188,-324,-328,-312,-272,-224
4,164,104,40,-12,-88,-172,-420,-576,-776,-644,-504,-400,-128,-128,-112,-80,-16,12,24,-36,-12,-64,-160,-456,-508,-428,-364,-252,-316,-444,-416,-264,-256,-184,-108,-24,0,12,0,-148,-324,-400,-504,-536,-452,-300,8,96,-24,-24,40,24,-36,-16,12,16,-44,-100,-68,0,-16,8,-28,-168,-184,-156,-144,-136,-88
4,-76,-412,-780,-896,-772,-668,-320,-156,-144,-148,-40,-4,56,64,108,124,44,-20,-300,-392,-396,-420,-332,-336,-364,-268,-248,-152,-144,-88,-56,-4,-16,-76,-112,-308,-404,-580,-584,-568,-332,-200,92,52,-32,-28,-16,-24,-20,16,-24,-36,-128,-172,-248,-256,-272,-160,-72,-140,-320,-280,-264,-228,-184,-44
4,240,160,132,-12,-96,-312,-448,-716,-720,-692,-644,-412,-284,-112,-104,-24,24,24,-80,-96,-92,-108,-244,-312,-408,-392,-364,-316,-324,-388,-376,-356,-312,-256,-204,-144,-112,-92,-116,-276,-372,-536,-628,-568,-476,-116,48,-48,-112,-136,-136,-96,-96,-56,-24,-48,-172,-240,-188,-100,-44,-8,-224,-268,-308,-276,-212
4,200,120,84,4,-32,-224,-436,-660,-724,-644,-544,-412,-184,-160,-144,-88,-16,-20,-136,-160,-20,0,-72,-264,-628,-608,-300,-156,-228,-392,-360,-324,-312,-224,-208,-132,-88,-48,-60,-220,-296,-508,-512,-388,-484,-352,-24,56,-12,28,88,36,-36,-28,-64,-60,-220,-288,-264,-180,-140,-140,-212,-272,-336,-292
4,212,204,220,232,228,224,148,84,-32,-84,-248,-360,-844,-940,-820,-560,-160,-32,-72,-108,-76,-40,-20,-8,20,-24,-108,-312,-396,-384,-396,-448,-400,-380,-332,-252,-280,-260,-240,-208,-124,-168,-120,-188,-264,-356,-508,-516,-484,-408,-104,8,-76,-84,-24,-8,-40,-40,-28,-40,-96,-284,-348,-200,-116,-140,-192,-360,-348,-308,-320,-208
4,232,220,164,144,112,68,-112,-380,-476,-640,-636,-620,-520,-380,-248,-68,-80,32,-8,-152,-148,-80,-44,-20,-52,-300,-492,-500,-380,-312,-360,-364,-364,-340,-296,-240,-188,-164,-56,-40,-48,-112,-288,-412,-444,-436,-308,-88,80,128,36,-8,-36,-92,-88,-24,0,32,-8,-156,-236,-156,-132,-12,-84,-184,-264,-268,-244,-220,-148,-96
5,-56,-68,-76,-44,-16,20,56,196,204,432,496,524,728,816,924,980,912,876,852,816,604,412,160,64,-344,-372,-448,-492,-540,-380,-332,-280,-252,-216,-212,-164,-36,108,144,356,480,768,1000,1088,976,884,780,512,388,224,-52,-124,-168,-176,-128,-236,-264,-128
5,-60,-48,-76,-76,-104,28,64,80,112,192,248,388,484,616,772,964,1000,932,848,736,468,296,132,48,-72,-144,-244,-360,-428,-480,-476,-404,-352,-276,-256,-208,-92,-16,180,424,508,820,1008,1128,1032,836,680,364,316,188,108,80,84,-140,-164,-144,-160
5,-64,-88,-84,-140,-164,4,16,12,60,116,284,336,380,592,1236,1164,848,800,356,140,-84,-128,-204,-288,-336,-468,-596,-564,-484,-452,-348,-296,-276,-144,-40,268,364,724,948,1188,1068,848,708,364,268,172,96,-56,-56,-24,-232,-188,-176,-116
5,-44,-136,-160,-168,-80,16,-8,68,264,316,520,740,884,1036,924,848,708,276,72,-52,-176,-188,-308,-388,-416,-592,-464,-480,-392,-308,-280,-220,-28,92,320,348,1116,1352,912,892,576,352,40,-8,-120,-188,-92,-200,-316
5,-116,-116,-140,-40,28,64,56,168,224,428,520,748,912,968,864,804,648,244,24,-160,-316,-400,-616,-704,-556,-364,-432,-420,-300,-328,-256,-216,-36,108,356,468,1100,1168,864,676,444,96,-44,-120,-184,-328,-304,-336
5,-100,-132,-220,-288,-344,-280,-224,-168,-120,-12,184,244,616,868,1060,1012,796,564,128,36,-180,-312,-392,-368,-416,-408,-300,-296,-312,-256,-220,-108,-16,168,312,540,600,1092,1072,1020,796,636,364,336,236,140,116,128
5,-120,-180,-124,-116,-16,-4,-48,120,176,292,560,764,1236,1012,760,712,292,124,-56,-220,-204,-276,-448,-504,-464,-436,-428,-388,-344,-304,-232,-24,64,208,308,564,596,1120,1208,1028,992,624,396,240,152,-40,-20,-8,-72,-324,-200
5,-104,-72,-96,-28,0,72,88,176,380,524,688,844,1148,1044,820,732,380,132,-36,-108,-444,-432,-508,-512,-492,-400,-280,-340,-256,-200,-112,100,208,456,500,784,988,1096,1060,864,756,516,324,252,128,-160,-160,-144,-388,-352,-248,-228
5,-100,-112,-104,-24,-28,28,56,76,232,304,548,640,944,1140,1004,852,704,464,-28,-32,-164,-288,-460,-508,-580,-480,-456,-376,-376,-320,-280,-204,-92,92,176,400,556,1212,1236,952,892,560,208,168,68,-4,-168,-132,-176,-316,-256,-320,-176
5,-108,-120,-180,-160,-92,-104,28,108,108,160,324,428,572,664,932,1024,1036,1000,816,684,340,100,36,-396,-508,-444,-528,-664,-640,-452,-404,-412,-344,-284,-184,-76,28,276,364,904,1332,1152,932,780,340,268,112,-32,-68,-24,-260,-308,-204,-220
6,-172,-172,-152,-132,-156,-48,-28,32,44,104,140,188,208,188,356,448,524,476,256,200,132,36,108,104,4,40,332,628,832,692,432,400,428,420,312,180,124,100,116,256,196,88,80,-368,-324,-240,-228,-100,-112,-76
6,-84,-68,-64,-152,-128,-28,0,80,124,148,264,228,240,344,548,480,312,228,140,140,80,76,100,56,88,208,580,568,596,504,428,348,260,296,268,188,216,268,232,144,148,44,-16,4,-56,-156
6,-112,-92,92,100,108,108,160,164,156,136,196,480,640,528,364,276,272,160,132,32,-32,-48,80,456,532,540,468,324,332,288,248,240,144,128,228,260,112,164,124,12,-304,-260,-260,-356,-260,-244
6,-64,-84,-84,-76,-56,-32,88,140,156,168,248,252,312,336,516,752,704,504,408,344,212,120,116,-48,-40,228,416,708,640,540,496,432,412,352,260,228,160,156,220,264,92,152,92,-192,-24,-60,-48
6,-108,-116,-124,-108,-104,-68,-68,-84,-60,36,52,56,156,168,180,200,252,308,576,664,472,432,212,256,108,104,36,0,196,464,820,740,664,488,496,428,388,280,268,240,260,288,308,156,0,0,-176,-240,-132,-148,-144,-172
6,-184,-212,-208,-172,-220,-200,-48,8,68,92,144,84,108,132,124,136,196,376,608,616,580,196,200,176,108,136,104,-16,36,312,568,664,616,648,576,484,440,316,288,252,300,300,224,200,96,140,16,-28,-60,-88,-104
6,-104,-132,-140,-132,-140,-140,-140,-124,-80,-72,-172,-92,76,84,136,152,160,132,112,88,96,512,820,644,564,280,336,252,116,-12,-56,-124,-12,340,720,628,460,512,400,380,376,328,260,256,244,224,200,176,24,0,-12,-56,-136,-112,-128
6,-112,-128,-140,-92,-76,-116,24,80,152,152,180,188,184,144,64,68,248,384,680,768,524,344,260,236,100,76,48,-48,0,648,796,716,604,380,384,364,324,316,260,320,288,252,232,204,192,80,-88,-236,-224,-252,-216
6,-172,-156,-140,-196,-196,-152,-160,-132,48,52,96,152,112,128,124,104,108,160,376,628,752,580,360,320,224,116,-36,-128,-144,520,812,884,944,640,544,544,480,320,308,308,316,252,232,248,224,172,172,-48,-44,-28,-304,-264,-68
6,-188,-180,-176,-164,-164,-172,-188,-196,-204,-136,-156,-84,48,36,140,132,88,96,92,124,96,132,404,780,544,472,344,208,204,108,72,-20,-64,104,480,632,552,580,516,468,416,424,416,328,312,280,328,320,248,264,272,176,36,80,24,-252,-36
