1,-128,-176,-216,-240,-312,-388,-508,-592,-684,-688,-664,-672,-608,-540,-556,-516,-488,-436,-424,-384,-324,-316,-328,-248,-232,-276,-264,-280,-296,-276,-244,-224,-188,-48,-96,-84,-60,4,24,52,116,100,168,160,200
1,292,220,104,12,-52,-64,-108,-164,-224,-188,-228,-384,-380,-428,-368,-312,-296,-124,-132,-152,-188,-104,-140,-192,-172,-176,-188,-148,-120,-120,-64,8,124,148,308,376,332
1,-256,-312,-260,-236,-244,-212,-96,-104,-80,-40,-60,-64,-84,-104,-116,-88,-132,-144,-104,-100,-72,-4,56,148,140,308,484,548,592,452,552
1,-376,-332,-260,-248,-248,-252,-184,-136,-64,-68,-104,-124,-208,-224,-216,-264,-252,-276,-260,-260,-168,-80,-36,176,216,352,432,504,500,396
1,232,260,128,28,-68,-84,-128,-224,-436,-480,-508,-492,-452,-372,-304,-264,-180,-48,-20,28,8,-4,8,-28,-48,-112,-124,12,20,88,332,428,476,480,612,568,472,500,644,660,680,672
1,-492,-488,-500,-416,-300,-84,4,148,176,64,8,-44,-72,-156,-180,-324,-340,-404,-388,-224,-32,116,196,304,328,336,440,468,568,576,664,720,668,616,736,648
1,52,-8,-24,-208,-308,-412,-492,-484,-452,-292,-252,-128,-68,-72,12,48,20,-48,-112,-124,-136,-140,-176,-172,-180,-172,-100,-84,68,108,204,344,392,452,528,496,488,560,548,416,356
1,116,68,8,-12,-20,-56,-72,-116,-140,-172,-168,-64,-28,96,88,196,292,316,324,320,404,400,444,400,188,232,356
1,-240,-252,-260,-248,-236,-224,-240,-264,-236,-148,-124,-48,-108,-12,12,28,88,72,104,208,220,208,148
2,36,112,92,120,124,128,224,304,364,348,268,272,384,356,460,412,224,332,392,344,360,420,420,492,444,336,392,332,244,280,252,164,248,8,-92,-12
2,184,120,24,-164,-216,-92,-16,124,156,184,236,352,344,260,292,360,432,388,308,388,524,452,324,412,456,384,408,432,476,476,324,252,364,208,144,108,4,32,100
2,356,324,256,244,364,384,340,456,420,328,400,472,468,488,476,336,292,180,140,172,168,108,32,64
2,236,268,308,340,332,288,284,284,312,412,484,444,328,332,388,400,400,432,404,404,472,436,400,444,336,348,284,180,172,92,160,112,100,100
2,-8,108,120,220,268,244,240,248,248,292,312,304,284,304,356,372,416,396,360,372,316,276,304,336,408,460,408,368,376,296,264,376,232,208,168,-20
2,208,216,260,284,252,260,332,336,324,332,368,380,316,324,412,500,500,452,400,372,396,376,372,376,388,480,472,356,376,356,264,324,288,276,392,208,252,244,160,216
2,100,88,28,12,4,-52,-20,56,176,188,200,220,212,212,360,444,416,360,324,284,260,308,328,336,360,364,360,316,284,368,388,420,392,240,276,436,432,328,224
2,24,24,56,8,-68,72,164,216,220,232,248,232,300,316,316,312,388,476,532,488,432,436,348,312,400,460,480,472,436,252,224,264,248,108,84,108,168,104,88
2,144,136,276,328,344,332,320,340,396,424,468,468,436,472,472,460,344,332,444,396,380,500,476,260,188,296
2,48,160,152,116,176,204,228,272,276,348,352,292,268,296,288,364,396,352,364,356,284,280,312,336,360,364,388,392,356,372,288,236,304,192,216,132,20,-12,-48,-72,-44
3,80,100,60,-56,-108,-308,-224,84,88,108,164,240,288,248,252,224,148,184,156,44,-136,-116,-80,-136,-128,-108,-128,80,180,192,312,508,524,824,1032,988,904,1236,1284,1584,1660,1488,1376,1292,1432,1460,1248,1396,988
3,136,148,24,-28,-36,40,100,204,228,236,288,416,404,256,204,132,92,-4,-100,-264,-252,-160,-120,84,292,324,432,584,828,808,1264,1396,1204,1288
3,44,148,172,220,292,312,292,264,240,156,148,100,-44,-92,-140,-184,-160,-80,-76,-32,184,188,372,468,508,568,812
3,132,124,80,148,128,52,88,184,184,296,256,212,312,332,276,304,280,248,248,248,168,60,-120,-136,-220,-216,-72,-4,224,368,516,516,552,592,788,856,860,1132,1216,1408,1580,1744
3,116,112,104,64,64,92,36,60,184,164,196,204,204,256,300,284,320,352,256,228,240,212,128,84,8,-176,-208,-264,-268,-56,48,280,488,540,500,728,812,920,1300
3,196,156,196,280,212,236,252,344,360,328,348,332,312,304,304,244,176,132,92,-44,-96,-156,-172,-164,-12,116,376,548,704,676,872,888,956,1096,1060,1312,1364
3,444,448,452,424,276,264,224,172,88,108,40,-32,-132,-208,-360,-324,-120,4,228,356,632,636,808,908,988,1244,1292,1152,1164,1316,1304,1340,1348,1256,1224,1320
3,296,288,272,180,176,92,-92,-196,-240,-252,-320,-296,-48,72,408,648,688,592,784,760,816,1052,1048,880,1300,1352,1436,1680,1524
3,256,260,196,232,236,204,128,88,112,160,400,400,280,308,308,360,392,364,368,332,268,288,284,184,76,-48,-88,-164,-204,-296,-372,-408,-148,44,188,328,632,596,744,900,820,936,1468,1552,1596,1600,1508,1420,1516,1448,1472,1396
3,204,312,360,352,396,404,412,388,412,396,344,276,240,128,80,-40,-104,-192,-240,-244,-176,96,232,436,660,704,816,876,840,880,992,1108,1472,1336,1692,1624
4,128,-92,-132,-580,-868,-920,-1080,-880,-564,28,296,540,568,740,788,596,564,644,628,632,656,704,632,644,852,740,432,520,196,-20,-188,-252,-216,-136,-124,-80,-180,-144,-64,-80,-108,-160,-160,16,224,320,348,548,704,620,568,524,508,504,496,452,444,404,496,508,544,604,504,412,108,24,-368,-320,-432,-364
4,160,140,8,-60,44,48,0,-100,-356,-372,-340,-404,-356,-164,-60,112,204,328,356,300,276,268,248,240,248,208,180,288,356,364,480,448,600,676,568,612,492,320,208,88,16,36,8,44,28,-44,-68,-112,-104,-32,-24,120,156,160,232,384,472,556,564,512,540,516,524,456,432,372,280,340,388,392,460,416,248,172,124,152,84,-8,-44,24,204,236,236,328
4,-124,-248,-384,-360,-284,-428,-504,-440,-344,-8,132,296,388,488,524,576,576,560,544,552,544,572,592,512,468,560,456,244,-52,-168,-96,-172,-616,-648,-616,-500,-500,-552,-488,-464,-192,-16,376,536,884,876,884,848,860,888,804,752,752,784,740,612,488,32,-152,-544,-628,-356,-256,-268,-204
4,-276,-512,-740,-736,-664,-616,-332,-172,32,172,484,648,812,824,872,956,936,924,908,980,928,672,504,196,-84,-564,-600,-268,-188,-576,-688,-620,-620,-684,-812,-772,-660,-52,624,912,1276,1244,1104,1096,1052,996,880,864,856,848,768,724,492,380,-8,-312,-504,-280,-312,-204,-20,224,240
4,92,48,-32,-176,-188,-344,-388,-636,-728,-356,-116,152,276,496,660,808,804,756,700,672,592,580,700,768,740,756,564,452,148,-112,-296,-196,24,-32,-140,-148,-44,-176,-252,-272,-264,-236,-224,-296,-280,-132,16,316,488,848,988,1092,1024,920,920,676,524,552,600,604,584,552,416,340,256,-4,-368,-584,-280,-160,-100,-76,132,260,240
4,100,44,-56,-192,-240,-260,-384,-508,-432,-348,-176,400,472,600,748,936,1060,1012,928,716,668,504,464,544,528,692,696,576,388,372,-152,-268,-180,-144,-80,-88,52,112,-216,-356,-304,-272,-340,-420,-516,-328,-72,280,432,856,996,988,864,888,896,868,812,640,616,584,612,532,600,376,196,184,-24,-368,-452,-376,-304,-248,-20,64,276,236,20
4,-476,-496,-196,-32,92,172,492,668,844,808,720,704,608,508,484,608,716,768,768,596,508,36,-116,-268,-216,-152,-180,-76,12,-112,-276,-328,-348,-316,-436,-436,-400,-368,96,232,496,624,828,872,776,756,728,704,628,548,516,608,684,568,536,548,516,240,12,-480,-580,-252,-208,-312,-232,108,260,304,184
4,876,788,776,704,744,956,936,860,892,468,120,-440,-528,-168,16,-44,0,52,-44,-124,-124,-200,-256,-264,-380,-452,-512,-304,80,296,728,896,1048,1016,872,884,772,716,668,628,584,752,816,644,564,364,288,4,-140,-468,-512,-348,-240,-200,-108,216,224,148,140,260
4,980,888,876,604,160,-40,-84,-88,-288,-364,-200,-64,-4,-56,-64,-36,-100,-100,-360,-448,-412,-244,144,604,780,944,968,884,820,812,764,624,568,616,616,580,564,540,536,340,144,-280,-400,-292,-72,-152,-192,-12
4,244,180,-12,-260,-444,-700,-676,-584,-452,96,172,524,732,936,928,808,792,768,628,576,628,664,860,848,916,844,372,144,-324,-216,-132,-200,-304,-200,36,-108,-144,-252,-284,-280,-296,-348,-304,148,356,652,708,960,1056,964,836,756,676,588,492,520,648,704,804,836,848,780,300,80,-256,-264,-344,-376,-296,-88,248
5,188,112,4,-44,324,300,120,180,228,252,436,428,388,340,360,460,328,316,408,404,428,460,480,324,176,112,92,-28,-92,124,8,-56,0,-100,-48,108,132,252,276,420,508,428,492,480,412,420,344,344,376,408,436,448,396,392,276,256,4,-100,72,168,104,168
5,248,244,-132,36,80,124,168,220,272,340,368,388,392,360,460,380,244,288,336,252,300,308,400,472,324,276,428,320,100
5,668,616,416,352,360,348,352,272,280,360,508,500,440,348,292,224,192,-296,-260,16,-16,44,128,184,168,180,176,272,388,496,556,512,412,444,348,324,336,304,368,480,396,280,308,260,48,-64,-144,64
5,284,292,460,388,364,444,396,436,528,420,364,356,356,376,440,316,176,168,188,-68,-176,-240,-164,-188,-252,-132,60,20,24,84,216,304,436,476,476,484,532,484,420,396,380,364,392,416,380,360,344,288,296,96,16
5,280,396,432,424,440,472,440,448,440,312,288,344,384,336,204,-136,-16,336,156,220,72,-16,108,152,272,264,184,200,256,252,288,380,412,348,320,328,316,308,272,392,496,508,452,436,464,196,44,128,204
5,664,544,544,536,472,444,380,288,296,404,400,300,328,528,124,16,-200,-192,112,176,228,156,96,112,216,244,268,332,464,464,524,520,500,524,372,332,428,520,580,576,396,436,368,44,56,12,-100,-244,-128,16
5,240,240,272,288,276,372,596,608,612,508,476,488,476,472,524,612,644,348,264,200,52,-280,-296,-276,-288,-136,128,112,-20,24,220,272,364,452,564,580,688,644,596,660,432,348,464,524,580,492,432,264,204,124,112,-48,-60,120,144,100
5,292,324,224,232,308,464,484,556,576,452,376,408,404,312,320,464,560,648,652,548,456,76,-236,-412,-484,-348,-120,-12,88,48,132,256,428,468,532,524,480,536,532,512,484,328,340,464,512,652,656,444,328,116,40,164,100,-28,-76,48,72,84
5,400,428,472,620,608,636,484,400,424,496,524,560,516,432,368,276,172,-40,-112,-16,-100,-172,-60,4,8,96,160,296,380,496,500,584,580,584,632,596,548,468,428,444,520,588,516,476,356,308,-72,-156,112,164,48
5,436,356,364,544,568,584,536,444,352,340,564,760,716,532,516,404,96,60,148,248,132,68,244,280,236,256,272,356,424,528,524,508,492,504,516,452,360,240,232,404,492,556,372,408,404,252,160,220,300,156
6,272,280,308,360,420,412,68,172,456,540,404,-40,-248,-412,-160,-60,-104,-208,-184,-216,-280,-356,-200,32,72,176,184,224,372,644,768,636,456,340,96,-8,112,28,-36,4,68,120,276,284,228,220,268,288,168,252,244,236,212,232,268,228,256,224,256,232,152
6,132,64,60,64,120,308,388,316,152,-92,-164,-180,-64,-104,-204,-148,-132,-152,-208,-196,-80,-64,48,144,200,360,668,632,588,428,-80,-400,-436,-460,-432,-256,-212,-80,52,176,192,216,204,128,144,184,112,144,108,44,-20,224,200
6,212,208,164,260,336,312,204,200,96,68,-260,-392,-236,-276,-424,-364,-264,-280,-156,-36,4,108,144,276,380,572,512,444,276,-120,-268,-536,-640,-400,-240,-144,-24,192,268,228,180,108,256,236,188,236,88,132,84
6,236,80,-16,8,-28,-68,-24,0,-96,-140,-172,-520,-652,-576,-512,-240,-252,-172,-16,188,184,472,648,672,760,584,248,328,316,128,-16,-112,-308,-304,-92,16,64,96,224,220,212,280,252,268,304,236,264,204,236,252
6,296,352,308,324,408,232,32,-168,-192,-72,-232,-512,-424,-188,-180,-148,-132,-80,80,120,188,276,420,548,616,460,300,232,-196,-380,-480,-472,-220,-32,8,-32,176,128,152,344,248,180,316,508,384,460,440,424,396,328
6,240,328,276,336,388,308,220,196,160,-32,-4,64,12,-204,-284,-244,-272,-204,-204,-192,-160,-56,172,236,360,448,424,352,588,560,292,220,40,-36,-96,-100,-36,100,180,264,340,348,288,180,208,144,64,340,296,252,220,296,276,272,244,212,176
6,304,212,68,28,-8,-116,-280,-332,-276,-184,-92,-48,-84,-104,128,252,264,304,528,496,476,588,480,336,272,-72,-140,-104,-104,44,96,240,276,380,368,348,236,224,200,164,288,260,288,268,312,260,212,220,172,152
6,168,176,152,144,204,224,428,448,284,200,12,-24,-48,-116,-224,-256,-160,-104,-160,-44,-32,0,24,164,268,440,468,480,544,288,324,600,376,-108,-204,-244,-144,92,204,236,184,168,164,188,200,172,272,304,272,224,228,220,220,152,208,144
6,304,480,392,64,-56,-248,-244,-228,-320,-320,-164,-120,-172,-208,-36,92,128,172,408,348,276,368,212,204,312,-64,-92,-148,-252,-256,-180,-80,-28,80,132,240,192,152,236,320,240,232,220,180,272,300,244,136,196,52,116,92
6,208,208,392,488,476,328,92,12,-64,12,-40,-92,-112,-176,-180,-216,-212,-200,-120,-144,-72,128,128,288,368,352,424,460,264,-52,-92,-36,-64,-80,8,44,72,236,268,236,208,156,104,104,232,240,244,204,100,236
1,352,436,448,392,324,172,104,24,12,92,172,196,140,4,-4,-60,-240,-248,-164,-172,44,136,296,260,360,392,328,296,240,220,124,128,64,-8,-28,16,68,232,236,84,52,8,-56,-224,-288,-212,-232
1,80,100,52,0,-16,-16,52,96,256,256,352,336,500,500,476,472,388,336,328,300,276,200,200,336,328,312,324,400,412,112,-8,-244,-428,-516,-516,-324,-240,-156,-88,132,116,156
1,148,160,196,224,232,288,284,120,32,56,-84,-288,-292,-400,-248,-184,-204,-164,-44,40
1,120,52,64,16,-40,-32,-108,-12,156,112,204,272,336,448,660,684,644,528,340,316,280,236,192,168,244,16,-80,-312,-472,-196,-296,-384,-256,-84,-64
1,192,196,264,280,276,332,428,464,316,288,388,492,616,508,600,636,556,596,568,432,388,400,348,292,264,264,212,-20,-148,-320,-368,-368,-240,-192,-156,-32
1,324,288,284,204,312,16,-108,-112,-288,-360,-336,-252,-192,-172,-60,76,108,308,304,192,288,392,364,288
1,404,396,244,212,220,232,56,44,92,20,-116,-140,-256,-252,-188,-152,-64,-88,-84,16,48,104,136
1,284,224,136,36,-216,-160,-156,-152,-124,-88,-108,-104,52,108,148,224,316,324
1,488,568,476,476,464,468,472,452,496,480,500,488,420,364,344,352,384,400,360,336,348,264,240,-20,-108,-144,-100,-104,-116,-68,56,96,152,184,208
1,168,108,120,184,132,-100,-144,-52,-68,-112,-148,-76,16,168,156,284,336
2,196,76,32,48,152,244,200,220,324,264,180,208,-24,-116,-228,-308,-488,-480,-448,-416,-240,-140,56,156,184,220,240,28
2,36,196,160,148,152,196,188,176,156,208,192,164,164,140,72,24,188,168,248,180,292,320,368,380,352,344,228,108,-92,-176,-288,-452,-476,-468,-452,-260,-188,-128,-88,64,136,160,264,240,204,192,284,56,-144,108,276,284,12
2,168,180,188,216,228,244,240,244,232,200,112,172,204,236,360,364,320,296,308,440,368,156,84,-88,-192,-276,-348,-468,-468,-364,-196,-12,20,60,168,228,320,240
2,228,228,204,248,292,312,440,364,364,296,348,376,368,332,320,176,-32,-124,-308,-352,-532,-560,-512,-420,-176,-96,-28,20,240,340,148,208
2,100,148,148,120,112,104,136,100,104,164,196,204,244,240,236,156,80,-40,-100,-172,-236,-312,-276,-232,-220,-136,-76,-36,16,16,176,264,192,204
2,-264,-324,-468,-536,-536,-512,-360,-232,-180,-100,-88,-4,108,160,124,184,172,84,40,276
2,188,184,160,160,192,180,112,88,88,196,248,304,316,328,376,340,272,76,8,-164,-256,-356,-400,-476,-432,-340,-300,-108,-76,60,140,240,176,84,208
2,180,204,160,152,216,256,200,244,292,296,336,344,380,344,280,228,24,-144,-180,-440,-484,-580,-576,-428,-332,-252,-240,-92,-80,4,56,176,124,128,136,120
2,324,288,244,228,76,-100,-252,-464,-544,-560,-496,-464,-316,-292,-180,-188,-112,-68,64,128,112,192,364,288,336,312,168
2,280,244,264,152,64,-192,-248,-508,-576,-648,-584,-504,-416,-328,-300,-260,-220,-48,-44,0,100,40,324,288
3,32,52,44,-20,40,64,116,184,228,240,308,304,268,220,-40,-128,-340,-616,-752,-784,-756,-604,-556,-496,-460,-336,-292,-224,56
3,140,104,92,164,212,228,200,204,212,240,372,420,328,388,544,524,576,512,476,472,356,268,232,72,-212,-448,-656,-636,-628,-392,-272,-168,-176,-368,-504,-612,-576,-448,-296,-40,44,212,272,540,600,856,764,848,1336,1452,1432,1676,1608,1348,1520,1512,1208,1180,1040,880,904,848,844
3,-172,-236,-200,-204,-20,176,240,288,340,424,428,372,340,48,-288,-884,-1036,-876,-464,-300,-360,-476,-608,-456,-400,-308,92,240,248,304,720,860,980,892,924,1488,1192,1128,1824,1260,1372,1440,1336,1200,1152,1008,920,988,980,900
3,92,108,140,104,64,48,52,96,84,84,88,48,44,60,120,160,292,360,320,340,388,496,540,516,508,500,404,252,-200,-380,-760,-884,-804,-580,-188,-284,-384,-396,-360,-280,-208,28,192,500,552,740,808,1136,1192,1192,1040,856,1284
3,228,184,208,188,196,172,188,168,168,172,156,152,156,168,188,216,168,212,264,328,400,472,568,536,560,492,504,492,476,436,300,-204,-560,-1024,-1040,-744,-496,-236,-252,-320,-276,-164,-64,0,172,320,500,472,872,1176,1132,828,2040,1828,1056,1564
3,16,-20,-12,-4,8,32,48,-16,-56,0,-8,84,92,188,200,344,380,424,372,408,412,364,4,-196,-588,-764,-868,-740,-184,-64,-236,-260,-468,-512,-388,-340,-92,-20,88,188,384,476,684,960,1288,1520,1324,1748,1760,1436,1608,1268,1220,1256,1136,988,1024,940,948,976,976,1000,980,1008,992,1008,988,996,1020
3,-20,-12,0,-8,32,20,8,44,32,32,76,44,60,68,-28,16,80,244,248,332,396,428,420,440,360,72,-272,-864,-1248,-1172,-856,-72,-12,-468,-704,-756,-588,-472,-292,-76,176,208,288,336,816,976,888,748,1616,2036,960,1152,1604,1328,1272,1308,1260,1052,1072,944,936,916,900,964,944,896,968,960,956,984,928,956
3,-172,-200,-188,-204,-200,-212,-196,-132,-56,-48,-80,-128,-188,-208,-20,-12,96,156,312,276,428,484,344,24,-232,-576,-692,-812,-708,-420,-292,-544,-556,-468,-488,-388,-200,-8,80,232,360,588,588,984,1696,1744,1388,1544,1380,1332,1360,1348,1172,1088,1084,976,880,928,916,944
3,-132,-144,-164,-180,-176,-208,-84,52,92,156,168,272,304,396,424,332,168,-292,-596,-976,-1040,-860,-120,-60,-264,-472,-684,-640,-692,-648,-400,-260,-128,-8,272,340,484,528,1088,1368,1084,2040,1680,1492,1572,1404,1376,1296,1200,1020,968,896,912,900,924,944,1008,928,972
3,320,304,248,224,264,172,168,152,144,128,188,124,80,120,216,424,396,404,504,404,416,444,428,292,396,404,164,-24,-208,-288,-356,-360,-272,-148,-200,-240,-336,-328,-280,-232,-24,144,236,448,520,784,1004,960,844,1192,1484,1564,1792,1404,1132,1472,1436,1232,1168,1032,1144,1124,1116,936,872,844
4,452,384,292,176,188,224,208,316,336,268,352,344,492,532,620,648,488,404,360,316,224,236,180,204,132,140,336,380,604,528,460,736,812,492,404,156,-44,-292,-420,-332,-188,232,576,996,1212,1224,1152,1012,772,332,-36,-12,304,472,760,732,712,600,416,296,336,376,436,568,556,444,148,12,-84,-224,-348,-300,-236,80,344
4,212,168,148,256,324,436,512,508,376,348,556,608,604,576,476,480,524,512,528,604,756,780,940,944,1424,1172,412,-512,-916,-1144,-1048,-360,-72,724,1248,1444,1456,1400,1176,1312,1364,968,964,1444,1656,1284,892,260,-680,-720,-452
4,72,-128,-164,-196,-88,88,180,596,696,760,700,712,708,568,752,812,1076,1272,1252,1204,996,1352,400,-256,-1204,-1396,-1280,-964,-220,12,732,1072,1764,1832,1548,1272,1308,1128,1120,1176,1308,1464,1364,1208,892,-204,-596,-556,-520,-84,72,736,1028
4,348,176,100,4,52,184,272,412,516,736,1016,1136,972,708,564,436,416,500,672,884,1084,1304,1404,1428,1076,972,300,-224,-704,-752,-656,-484,-156,-24,516,728,1072,1204,1360,1400,1448,1292,1392,1504,1464,1268,1064,512,316,-240,-372,-272,-172,112,236
4,488,396,364,180,196,200,172,232,296,444,544,772,896,988,996,940,708,556,512,524,768,900,1172,1248,1184,1004,340,-32,-628,-888,-976,-812,-196,492,724,1168,1400,1232,1040,1036,948,1024,1108,1384,1424,872,360,-244,-552,-596,-520,-64,192
4,856,884,892,808,684,540,536,632,704,888,1120,1180,1196,1216,968,676,-16,-340,-820,-844,-732,-516,68,436,1204,1492,1576,1500,1236,1088,820,888,1044,1488,1520,1276,936,248,-116,-352,-380,-196,-108,120
4,160,172,432,536,816,876,868,1032,1552,1564,1180,1008,700,656,612,760,1140,1292,1528,1616,1420,524,4,-684,-808,-892,-784,-32,300,1136,1208,1540,1576,1348,1096,776,696,784,1020,1540,1672,1376,664,236,-472,-564,-332,-160
4,912,568,292,-12,-120,-16,76,356,540,1056,1612,1660,1632,1764,1468,1132,656,568,536,564,1004,1260,1432,1496,1488,1300,692,224,-552,-832,-888,-612,-328,252,752,1460,1540,1564,1392,992,856,872,1076,1532,1784,1772,1616,848,504,-172,-400,-424,-112
4,932,784,604,556,712,876,1344,1436,1400,1380,1044,776,-108,-452,-784,-772,-632,-344,-136,420,832,1444,1516,1540,1488,1040,816,520,412,760,1076,1584,1764,1508,1104,380,92,-448,-532,-440,-224
4,612,632,612,596,596,604,592,612,608,592,600,584,556,604,636,648,668,600,496,256,140,-8,124,320,388,568,544,608,736,1144,1128,1000,736,628,512,520,688,816,1200,1292,1248,1112,456,24,-696,-924,-988,-940,-564,-324,120,720,884,1192,1288,1132,1024,940,920,1156,1324,1652,1524,752,336,-96,-668,-772,-520,-380,172,360
5,184,188,192,168,176,212,204,208,204,236,172,184,280,336,432,512,484,436,220,128,-68,-192,-416,-412,-400,-300,-24,112,216,224,404,316,336,428,800,888,792,600,532,444,508,464,504,412,412,280,152,-28,-112,-328,-448,-352,-280,-28,128,288,396,472,-52,-72
5,168,204,156,112,148,432,456,412,364,472,428,296,208,-184,-392,-660,-704,-604,-296,-96,184,252,248,212,436,364,504,840,728,616,644,524,496,632,628,512,408,460,352,44,-144,-376,-472,-520,-468,-312,-136,252,288,320,472,-148
5,188,184,180,196,228,252,236,264,344,400,260,324,552,580,508,460,384,408,192,68,-496,-732,-660,-604,-428,-112,32,292,240,272,228,148,572,856,924,576,308,416,436,456,476,540,496,296,-140,-356,-712,-692,-508,-444,-72,180,436,580,700,452,396,308
5,-652,-648,-516,-384,60,164,268,260,232,192,572,656,1028,1060,856,704,556,584,588,576,548,552,556,240,24,-312,-452,-536,-524,-456,-364,-16,132,472,492,440,424,244,372
5,124,196,220,244,224,312,256,304,460,480,368,364,340,244,-68,-260,-532,-520,-452,-400,-112,32,176,180,132,152,-112,-52,316,708,732,524,300,284,316,548,524,424,364,276,244,88,-124,-516,-612,-524,-532,-288,156,364,504,616,0,-116,304,280,288,304
5,432,244,-108,-332,-620,-572,-576,-472,-188,76,316,216,212,40,256,284,404,844,568,300,444,508,492,444,456,316,300,180,-60,-388,-644,-580,-428,-352,-4,248,504,360,40,92,388,432,320
5,260,264,252,504,768,880,564,388,420,476,528,432,352,380,320,248,52,-64,-488,-504,-476,-412,-220,120,300,364,524,240,44,400,636,400,312,88
5,188,248,284,360,452,396,348,388,388,340,372,276,200,-172,-276,-500,-500,-416,-364,-20,-20,196,240,116,64,-84,-8,324,516,596,188,232,336,220,188,208,340,300,164,8,-520,-716,-528,-552,-384,-196,200,384,620,636,-96,48,96,320,352
5,-64,164,236,288,52,180,132,468,1000,792,356,424,348,376,580,568,464,472,360,280,36,-136,-500,-696,-584,-452,-332,68,212,376,392,-28,80,276,300,252,324,276
5,288,296,332,184,280,448,476,440,384,288,268,-8,-192,-576,-736,-580,-520,-396,-4,156,236,460,124,104,440,480,764,728,312,280,416,452,344,380,356,328,224,-292,-496,-704,-628,-596,-504,-148,48,484,556,344,268,508,612,532,488,360
6,360,364,336,364,356,360,368,388,416,468,500,512,488,488,448,416,324,304,324,396,280,216,120,128,184,148,164,208,236,296,264,280,352,384,400,164,0,-88,-256,-460,-424,-276,-228,-132,52,236,260,420,376,512,528,692,748,816,576,344,-36,-76,-68,16,148,312,292,256,240,100,152,252,256,108,192,236
6,288,276,304,356,408,408,392,392,408,348,340,324,184,116,84,56,40,116,152,184,124,148,140,108,116,172,232,316,324,352,280,-136,-196,-408,-440,-520,-488,-364,-228,28,380,472,380,532,796,840,1176,1096,804,624,-68,-300,-508,-444,112,304,504,564,324,248,168,0,-36,284,308,192
6,224,220,220,208,200,216,228,236,244,224,248,268,248,244,276,276,244,204,188,184,172,200,196,248,248,204,184,172,172,104,28,0,48,100,100,80,52,20,92,156,172,196,280,292,52,-144,-204,-236,-516,-420,-328,-328,-312,12,112,72,156,300,284,520,464,412,408,568,584,352,-124,-288,-480,-436,28,128,248,256,104,112,144,-80,-172,36,68,220,284,168,188
6,228,232,244,248,292,364,384,332,312,276,256,216,200,232,312,380,360,340,312,240,184,176,192,180,112,124,180,184,152,164,260,268,228,204,108,-124,-200,-328,-396,-384,-288,-164,-40,208,316,584,564,488,552,568,496,632,728,508,116,-124,-440,-428,-120,-84,276,396,428,456,356,268,240,232,264,268
6,304,332,356,384,388,436,460,420,396,388,364,336,328,272,196,192,128,120,148,172,212,200,188,216,260,248,256,244,160,120,-100,-264,-372,-368,-380,-248,-140,112,244,376,444,512,640,812,828,604,516,396,320,-40,-308,-336,-56,112,264,324,364,300,136,72,40,68,228,416
6,400,392,376,396,432,444,424,404,432,420,412,440,424,360,368,368,308,216,100,124,192,176,148,240,260,236,240,312,376,292,200,-124,-324,-448,-456,-472,-412,-240,-140,216,452,404,416,676,604,596,796,792,540,500,84,-88,-240,-256,72,260,436,496,228,140,136,116,240,352,364,376
6,428,464,476,452,444,484,428,412,352,328,292,280,220,212,68,72,92,236,252,240,244,372,416,320,136,-236,-376,-456,-324,-192,-52,220,364,680,576,756,896,908,788,788,644,628,252,76,-208,-228,192,376,560,572,120,-32,100,152,324,484
6,452,424,444,448,452,480,500,464,500,504,520,484,432,412,428,412,292,128,116,188,232,252,288,384,428,440,548,508,244,56,-172,-348,-484,-368,-140,60,312,468,548,564,756,864,780,832,716,464,96,-448,-340,92,248,528,596,576,504,180,124,124,32,200,320,472
6,344,164,140,84,44,72,184,280,252,188,348,408,480,424,344,-156,-420,-636,-440,-304,-64,180,720,612,812,956,904,868,888,856,300,24,-336,-288,116,344,572,676,268,92,-32,-84,128,500,468
6,476,472,524,552,500,476,460,492,512,468,364,332,236,160,228,220,240,260,384,396,472,596,520,128,-76,-336,-364,-448,-344,-68,-16,408,584,552,568,892,828,928,940,492,-12,-192,-352,-248,180,268,580,568,368,352,236,172,60,148,348
1,248,236,224,168,168,152,92,100,228,292,464,544,596,592,516,484,344,296,184,196,232,484,680,808,788,480,316,140,136,156,160,180,216,212,188,228,240,276,336,224
1,244,276,264,240,136,148,172,156,176,220,280,540,736,916,844,560,496,344,280,172,124,112,160,468,544,744,768,764,740,576,392,324,240,232,176,192,224,236,264
1,352,288,260,228,172,260,72,8,312,292,372,600,684,740,756,692,504,460,300,240,116,116,180,244,456,604,652,844,916,756,568,248,124,0,88,280,320
1,360,332,320,280,256,244,144,144,160,184,324,504,620,792,780,744,600,416,320,168,128,80,140,316,424,708,884,920,856,712,432,252,-32,-64,176,212,300,328
1,292,300,356,328,252,232,128,52,124,204,148,520,632,596,728,644,588,492,432,312,260,180,116,160,212,456,716,832,900,828,592,452,208,132,80,124,216,248,272,312,372,352
1,276,252,196,176,244,252,212,292,344,416,668,664,748,720,608,544,352,276,176,104,128,260,348,628,744,928,940,808,652,348,156,-12,36,200,244,308,304,312,304
1,292,316,248,232,336,284,152,148,192,152,368,424,476,580,728,776,760,608,512,328,280,172,128,152,176,504,616,808,884,888,720,452,352,264,232,200,272,260,244
1,352,292,248,204,252,132,132,284,392,500,652,616,792,812,712,632,476,400,280,220,116,136,228,372,644,948,1040,772,620,516,496,260,216,152,192,256,264
1,396,368,404,388,336,284,176,140,244,444,308,320,696,680,684,848,892,796,700,596,380,284,136,48,24,136,312,832,1004,1168,1044,676,548,384,388,188,144,152,176,284,320
1,328,324,344,344,340,356,372,336,204,168,104,12,280,280,340,516,632,744,1028,1028,780,708,496,364,176,88,108,156,260,588,712,904,936,880,712,468,380,180,132,152,192,300,340
2,332,308,256,260,132,216,356,424,580,524,308,244,328,352,212,108,168,204,176,236,320,380,352,172,408,480,148,308,480,236,140,380,348,284,232
2,300,308,268,280,460,496,364,328,268,132,140,420,464,280,204,344,416,340,360,312,360,404,412,344,304,564,532,212,-240,172
2,276,300,424,404,464,528,432,372,488,416,172,244,500,468,200,164,272,324,344,312,536,300,212,296,356,264,232,72,140,472,284,264,428
2,448,316,180,284,496,352,84,152,336,332,336,420,428,352,224,304,312,128,124,352,464,468,288,316,384
2,284,256,312,264,232,240,364,364,252,156,240,328,348,460,332,76,188,400,364,220,196,472,600,212,220,340,132,-172,108,236
2,352,324,304,228,320,288,212,276,368,344,288,348,484,376,244,284,340,168,-52,164,248,44,240,256,312,328
2,188,204,264,264,368,488,452,408,316,320,428,336,284,300,292,240,260,324,368,352,352,104,140,476,304,-16,224,464,288
2,328,468,440,376,376,296,260,360,452,460,376,440,312,172,264,308,332,324,428,400,316,400,160,24,408,376,-52,228,460
2,180,296,364,384,372,320,200,268,392,332,232,132,204,348,312,308,360,404,352,8,100,304,212,360,368,280,232,232,256
2,344,276,308,500,464,232,124,252,364,376,376,424,408,396,264,152,100,176,32,60,172,256
3,324,296,272,300,212,400,512,452,348,276,208,200,132,-156,-272,-200,-108,-180,-56,-16,76,656,740,816,1204,1260,2040,2040,1584,1820,1400,1160
3,476,484,516,576,564,308,140,-12,-520,-580,-328,-280,-244,-148,-116,4,616,964,1268,1116,1516,1752,1304,2024
3,264,264,328,300,396,496,500,532,480,220,144,-220,-404,-536,-400,-160,-48,-140,-104,492,812,1092,1388,1352,1988,1764,1696,1768,1576,1492,1260
3,716,660,580,520,224,-80,-492,-536,-452,-336,-268,-232,-72,-24,312,484,672,956,1156,1340,2040,1444,1388,1884,1496,1456,1396,1096
3,684,852,792,580,480,40,-460,-740,-456,-328,-272,-52,-80,-88,108,400,504,880,976,1052,1184,1992,1504,1796,1684,1584,1436,1344
3,652,556,200,-212,-892,-652,-456,-360,28,-124,-168,360,648,1100,1080,1240,1592,1312,1500,1908,1760,1572,1460,1356,1160
3,260,268,260,304,396,368,472,500,412,348,192,-92,-472,-576,-420,-356,-244,-52,-148,164,476,732,924,1660,1908,1960,2040,1592,1556,1416,1240,1108
3,260,216,212,280,300,380,464,468,556,544,400,360,92,-228,-564,-388,-272,-312,52,160,-20,232,748,568,964,1464,1128,2040,2012,1340,1680,1328,1168,1240,1188,1084
3,252,368,856,920,960,956,652,492,96,-152,-776,-572,-336,-136,44,128,28,476,668,752,856,1120,1380,1768,1660,1624,1720,1496
3,284,296,412,480,648,728,800,536,456,268,-108,-780,-672,-212,-200,-252,-36,-28,-52,656,924,588,972,1908,1132,1892,2040,1348,1668
4,300,288,36,-128,-8,100,312,688,692,692,1176,920,796,548,392,132,24,52,156,544,824,1292,1404,1236,956,436,224,152,136,120,268,264,220,272,248,216,80,112,44,276,772,916,952,992,916,808,636,504,296,196,132,292,468,840,904,980,972,756,624,352,264,196,136
4,316,304,232,256,228,64,32,128,132,380,640,648,760,1108,1124,824,716,476,364,168,128,120,264,512,876,1084,1296,1204,684,592,356,280,196,192,292,284,288,252,212,168,88,-4,96,460,628,796,864,924,932,884,800,524,400,200,148,132,140,476,896,1324,1308,976,672,416,116,84,172,200
4,416,384,380,348,252,248,264,132,272,364,528,664,796,976,1100,972,700,604,360,248,80,112,332,572,1264,1460,1244,644,464,184,176,236,248,308,332,240,240,264,284,76,124,220,444,976,908,852,840,748,644,536,344,252,184,216,316,512,832,1024,1240,1116,772,704,412,260,216,296,336
4,392,400,388,380,332,196,64,20,292,368,580,680,708,844,1108,1060,924,804,456,296,204,160,164,252,664,952,1524,1304,896,316,80,76,232,316,356,344,332,248,224,176,232,124,180,180,388,852,852,788,904,892,812,708,416,284,84,120,228,308,780,988,1160,1104,844,572,272,28,28,344,396
4,404,396,296,196,196,264,224,192,752,644,564,828,1024,1056,1044,960,672,552,292,132,76,84,244,1000,1408,1436,1212,744,632,392,352,320,328,288,256,308,268,224,256,288,220,248,216,268,916,1108,1060,1096,832,712,588,488,264,164,132,220,452,700,1092,1220,1160,784,600,380,284,216,264,380,356
4,280,124,224,208,720,848,804,964,1004,924,672,548,312,216,112,100,192,320,856,1108,1200,936,584,256,200,356,352,364,348,260,268,220,196,204,168,224,224,148,236,596,776,888,928,900,700,632,496,404,216,144,212,224,432,544,848,904,888,784,752,608,320,228,252,312,340,368
4,360,360,272,244,360,284,112,352,404,244,448,812,868,1056,992,788,560,428,156,68,128,152,396,540,1108,1340,1432,1224,732,660,396,376,240,228,228,196,228,256,216,264,244,304,372,484,636,1124,1096,960,972,728,628,452,332,156,120,192,500,744,1116,1160,984,868,424,356,204,144,260
4,380,328,328,320,308,312,384,108,400,428,572,696,968,1036,984,912,688,584,312,152,0,4,108,488,1448,1476,1224,612,476,248,240,384,344,308,328,288,216,180,176,228,176,172,248,336,500,944,1068,1040,776,708,552,448,232,160,136,168,496,704,1040,1140,1136,900,460,356,260,260
4,412,412,428,404,416,420,388,356,296,216,44,-40,-60,352,1468,1408,736,1044,980,676,596,424,324,116,72,180,320,724,1052,1252,1124,724,504,368,464,596,424,340,224,196,140,244,240,268,260,172,136,280,672,744,884,932,896,772,628,576,352,168,148,220,360,800,1048,1232,1080,684,512,192,144,196,264,268
4,352,360,392,380,284,280,264,428,348,280,-4,412,712,820,936,1084,992,804,652,304,212,104,76,156,244,736,1256,1376,1168,832,512,464,216,328,372,312,328,360,196,192,192,180,120,200,236,380,636,800,828,872,852,808,724,440,324,164,132,144,236,724,932,1088,1140,908,652,388,220,216,180,244,324,296
5,316,264,188,216,276,84,200,352,312,244,396,424,296,296,504,468,164,220,368,276,264,400,336,196,280,428,528,380,260,388,236,352,332,200,168,224,252,336,328,204,216,476,388,8,44,164,116,184,272,204,352,540,660,548,180,-104,256,352
5,272,228,232,256,248,264,292,348,304,264,304,188,124,288,456,360,132,44,168,144,200,284,364,380,412,492,336,328,400,324,108,48,232,248,268,228,264,288,336,312,272,220,192,168,100,124,184,340,348,268,376,656,548,280,240,272,188
5,192,184,212,284,412,464,348,456,488,280,232,284,260,364,16,-84,136,48,64,212,476,504,252,256,280,152,368,236,-200,72,236,212,280,392,476,288,384,392,-60,-120,132,88,120,328,360,272,276,512,664,472,292,212,296,236
5,200,320,164,32,536,516,296,336,248,128,28,432,352,-160,16,252,156,144,236,336,432,200,220,352,240,308,224,84,88,296,220,208,288,260,12,328,272,-216,112,220,28,68,300,396,444,472,404,200,-352
5,136,152,224,256,260,220,304,352,224,200,236,360,224,72,124,68,40,72,248,416,364,440,-340,-388,892,776,40,280,292,220,244,252,212,132,116,444,-104,-464,0,12,40,276,444,468,388,612,600,-160
5,280,256,160,124,216,216,268,312,232,192,188,356,164,-84,148,220,92,196,392,396,460,268,368,368,200,268,236,200,256,300,280,312,356,388,276,296,500,-44,-188,184,108,160,304,304,360,372,500,420
5,156,168,68,276,520,492,464,388,284,4,276,540,160,-96,-12,64,180,232,324,544,456,336,-48,-36,268,196,120,164,68,244,288,248,324,356,268,144,332,180,-116,196,232,200,308,392,372,272,400,540,276,-196,280
5,164,176,140,240,280,328,412,340,208,184,428,532,-304,-304,232,164,76,220,388,364,452,472,396,92,108,244,56,252,316,228,200,332,360,248,404,224,-8,224,352,36,80,328,436,280,188,316,732,644,140,-4,140,224
5,200,164,220,208,260,348,428,420,352,336,332,308,344,288,-92,-40,-52,-48,320,412,516,460,364,164,124,248,180,120,208,504,472,152,276,400,264,152,308,-40,-236,24,8,64,304,352,388,312,452,420,208,96,84,264,324
5,216,192,208,260,144,172,496,448,396,412,364,272,252,296,332,116,-68,96,164,128,224,312,272,388,508,480,152,232,456,96,200,400,332,264,244,292,288,168,304,304,-240,-24,76,-16,264,356,208,160,348,388,364,424,120,-64
6,208,244,268,268,188,156,184,92,72,200,304,152,32,220,436,152,-240,-232,-680,-760,-480,-244,-348,-328,264,544,1032,904,596,280,-420,-420,-304,-276,-176,56,260,324,264,196,448,520,196,224,556,272,176,292,256,260
6,288,332,364,280,336,224,200,200,152,168,212,204,376,500,100,-232,-420,-540,-412,-368,-432,-296,-180,-84,620,928,768,588,480,-104,-104,76,0,-24,88,364,388,228,216,300,320,180,232,384,360,300
6,328,324,232,160,116,244,340,244,56,236,264,148,32,-240,-460,-696,-540,-192,-244,-388,-88,696,852,916,916,604,276,-268,-92,-84,-72,-44,224,400,396,272,288,404,324,-24,192,564,340,240,360,276
6,288,292,400,420,344,388,416,340,276,328,92,-32,-40,108,420,304,168,-320,-500,-636,-324,-248,-512,96,524,828,896,964,792,40,-136,-72,-136,-256,-116,-16,292,420,340,140,504,556,12,284,512,324,244
6,300,312,336,340,340,408,420,416,496,504,364,136,304,272,92,172,312,372,628,372,-88,-196,-660,-812,-20,-156,-380,84,820,864,596,600,304,-236,-220,32,12,-176,-72,464,532,496,424,88,184,492,424,476,532,376,320,232
6,328,328,468,500,424,424,496,500,328,452,564,352,8,64,192,192,324,564,612,432,400,-364,-464,-508,-440,-460,-480,276,496,844,764,652,652,180,48,84,128,32,44,272,492,412,196,268,556,620,380,308,452,504,380
6,332,336,348,352,348,356,400,420,384,360,444,504,428,372,208,148,192,200,124,124,264,648,452,216,104,-656,-720,-300,-280,-392,-276,184,372,804,792,608,476,264,128,72,120,252,404,360,244,276,448,356,112,188,384,396,312,324,388
6,356,388,372,380,444,472,460,476,304,200,196,260,192,72,-52,36,292,344,420,552,-20,-456,-516,-632,-200,-228,-628,124,724,624,584,688,308,-364,-208,-92,-104,128,292,292,8,144,392,340,280,376,252,184,344,468,360
6,324,328,340,352,380,400,356,420,508,508,308,216,292,312,56,-36,140,256,268,308,184,-152,-616,-744,-452,-260,-452,-340,656,1036,848,788,592,-268,-476,-72,-68,-196,-96,248,356,208,84,208,280,348,252,136,840,832,264,424,376
6,312,324,316,336,324,320,392,404,380,348,388,380,356,368,292,236,128,124,164,104,44,132,688,680,180,-28,-392,-476,-344,-276,-384,-256,12,996,1108,348,400,380,88,-140,12,200,148,248,324,364,300,272,380,456,400,288,620,812,268,116,616
1,188,184,184,188,204,132,208,132,-76,-140,-324,-336,-280,-244,0,76,68,124,188,216,148,80,280,204,192,252,200,184,196,180,160,80,88,12,56,72,48,124,160,336,316,296,352,260,96,0,-80,-160,-348,-452,-456,-400,-304,-296,-152,-116,-136,-136,152,56,100,88
1,84,108,128,124,140,184,200,204,220,88,-40,-72,-92,-156,-220,-168,-244,-32,88,96,132,204,276,236,368,400,404,400,312,316,320,308,204,212,108,108,152,264,248,336,400,224,208,160,72,-4,-72,-244,-276,-264,-280,-244,-240,-164,-128,-128,-132,-60,-76,-104,28,72,124,76,216
1,72,56,76,56,80,60,76,116,104,84,112,120,56,112,68,-44,-92,-204,-228,-200,-40,-52,72,208,304,276,368,332,368,388,396,364,316,312,280,236,148,104,124,172,188,268,280,320,268,116,168,104,44,-64,-56,-236,-264,-276,-272,-208,-220,-232,-156,-148,-48,-120,-56,-48,-60,-12,-16,-8,24,20,16,56,64,4,-64
1,72,120,84,112,184,176,156,80,0,28,-8,-172,-144,-300,-264,-268,-232,-172,-12,196,188,240,240,176,208,244,256,240,268,284,216,168,116,84,128,152,92,120,172,156,124,132,0,-80,-196,-336,-384,-432,-432,-436,-364,-300,-268,-208,-160,-156,-176,-104,-148,-12,0,-20,-96,8,92,36,44,-84
1,76,60,100,96,116,112,96,8,-52,-100,-44,-240,-252,-160,-256,-136,-72,-20,0,52,116,92,168,176,232,224,280,244,232,244,124,32,0,8,-16,-16,-24,28,48,40,-24,-48,-40,-96,-128,-264,-316,-356,-444,-520,-500,-440,-424,-292,-276,-204,-104,-92,-68,-52,-72,-88,-52,-12,-56,-20,64,32,-8,-4
1,28,16,44,40,64,76,52,-92,-140,-100,-308,-364,-292,-204,-240,-32,-8,56,124,140,216,288,296,272,272,312,300,224,204,164,108,80,96,108,164,188,104,40,132,44,-108,-160,-288,-272,-364,-456,-408,-368,-348,-288,-272,-228,-188,-136,-128,-92,-24,44,32,0,28,16,0,-8
1,116,60,36,-68,-40,24,-8,-8,52,60,-36,-36,-256,-292,-260,-344,-360,-416,-480,-480,-528,-504,-400,-412,-372,-272,-248,-188,-156,-140,-80,-64,-28,-80,-120,-12,-56,-144,-160
1,-96,-152,-260,-300,-352,-320,-388,-324,-208,-44,-128,68,136,96,84,128,172,196,216,220,216,192,148,124,188,192,160,184,168,104,92,44,-56,-164,-272,-372,-396,-392,-492,-468,-404,-348,-292,-256,-236,-228,-152,-84,-32,-32,0,-16,-32
1,32,4,12,36,36,8,-72,-72,-132,-192,-372,-312,-324,-272,-412,-160,84,80,216,308,268,208,212,256,280,260,224,204,180,104,112,88,80,128,132,152,172,36,-184,-276,-364,-432,-540,-524,-564,-512,-400,-296,-272,-240,-180,-128,-108,-116,-88,4,-4,-84
2,32,32,12,40,32,36,4,32,32,32,4,-4,-52,-108,-116,-80,-72,-172,-16,-204,-68,76,160,324,524,516,524,576,576,496,472,536,400,332,324,264,416,532,216,196,572,412,-28,20,72,-132,-68
2,-60,-44,-80,-112,-152,-132,-192,-276,-172,-136,-128,-84,52,212,192,272,208,436,668,580,584,516,448,372,336,316,404,436,452,476,340,244,360,384,188,-20,-52,-148,-168,-104,-156,-460,-356,-336,-268,-340
2,-116,-124,-96,-176,-176,-168,-208,-272,-260,-248,-168,-216,-180,120,288,220,316,572,632,680,688,516,412,364,368,328,328,452,408,380,400,376,136,156,204,120,-40,-68,-116,-392,-404,-252,-360,-272
2,-272,-412,-348,72,112,124,76,124,36,-120,-24,452,480,656,712,572,500,380,356,308,288,352,424,320,328,468,240,180,160,188,-48,-108,-216,-308,-344,-304,-256
2,-196,-340,-416,-348,-296,-248,-144,-104,-164,76,148,432,476,392,772,736,472,424,488,388,188,440,432,180,192,412,220,12,-4,-48,-144,-308,-368,-424,-368,-380,-356,-276,-320
2,296,432,488,576,668,640,404,372,328,320,304,280,500,512,272,196,336,172,112,112,80,-176,-212
2,-284,-252,-196,-212,-164,-152,-16,-4,164,256,556,508,468,396,328,300,236,184,260,360,284,168,248,196,188,72,12,-72,40,-244
2,-92,-104,-100,-208,-288,-316,-308,-224,-188,-36,-4,176,220,420,576,696,660,560,536,436,296,324,604,520,188,220,508,328,-32,-32,-92,-112,-116,-308,-420,-364
2,-156,-244,-300,-344,-304,-208,-128,0,-40,-28,-40,-60,340,412,652,768,580,508,436,376,384,364,496,568,252,188,428,300,-28,-20,-72,16,-40,-184,-336
2,-12,-32,4,-8,12,-8,-4,12,-48,-36,-32,-184,-232,-116,-156,-148,-92,-132,-4,96,240,228,600,648,396,272,144,136,116,108,128,116,384,232,80,272,372,96,-16,364,460,120,32,196,384,0,-220,-236,-128,-252,-132,-52,-184,-188,-136,-88,-120,-100
3,-80,-36,-72,-72,-20,-36,-60,-52,-132,-168,-236,-120,-120,-204,-176,-88,-44,16,-4,-8,8,324,532,596,500,408,404,244,212,240,116,40,232,240,256,228,212,152,84,172,184,180,488,780,1080,920,1192,1212,892,1076,1156,1008,824,932,1024,880,880,848,764,816,784,732
3,-104,-92,-104,-108,-76,-140,-164,-168,-176,-212,-196,-176,-228,64,176,212,324,144,140,156,-56,-80,-236,-260,-228,-256,-64,60,152,396,596,608,740,956,768,596,840,1052,800,976,1100,788,612,604,588,556,568,512,488,516
3,72,28,-8,16,32,-112,-168,-244,-164,84,44,-36,100,60,-212,-216,-268,-340,-364,-364,-376,-392,-352,-316,-244,-32,528,488,796,792,828,632,736,804,596,436,476,416,408,500,472,388,364,380,376,328,320,372,360,340,368,324,352,312,272,516,268,320,352
3,-76,-100,-76,-132,-168,-308,-348,-296,-236,-284,92,216,264,172,36,32,-116,-216,-352,-272,-232,-316,-540,-508,-256,-196,20,84,212,412,424,308,460,412,312,364,308,264,268,292,236,212,212,184,148,160,188,192,164,132,204,204,168,128
3,-56,-160,-204,-148,-228,-288,-252,-212,-104,-92,-48,0,120,28,-100,-204,-300,-368,-272,-232,-356,-452,-412,-364,-308,-216,-160,-80,-4,172,280,628,596,648,648,372,560,584,556,492,456,384,372,352,336,324,280,372,248,288
3,8,40,24,-56,-248,-232,-260,-228,-128,-108,12,120,252,88,32,-68,-172,-400,-408,-388,-364,-488,-492,-304,-260,-116,0,260,260,492,644,624,832,776,612,576,696,752,632,580,500,512,452,404,416,428,392,396
3,-68,-16,-52,-28,-32,-112,-304,-376,-300,-136,-76,-20,148,116,112,104,104,4,-224,-240,-328,-304,-332,-356,-348,-300,-248,-172,-116,88,116,176,368,508,432,512,656,440,488,532,540,516,472,468,352,328,392,408,348,324,292,276,356,328,288,296
3,24,52,4,-12,4,4,24,64,48,28,-24,-112,-452,-212,-152,-24,-16,-20,-4,232,160,-104,-64,-84,-208,-332,-320,-312,-312,-276,-260,-268,-292,-328,-340,-260,-168,-164,-140,-104,232,264,536,696,912,820,936,1168,768,840,808,592,704,636,612,500,520,496,460,476,492,476,476,452,452,408,504,452,392
3,96,128,112,116,128,92,-64,-140,-248,-160,-212,-112,308,344,96,92,-60,-240,-436,-532,-372,-364,-236,-160,-328,-456,-476,-400,-344,-176,-184,-100,0,204,236,532,544,420,520,668,572
3,-4,16,8,12,-12,-32,-4,-20,-4,-28,-60,-16,-12,-40,-52,-24,-24,-40,-16,68,40,-444,-360,-116,56,20,36,228,224,20,-256,-328,-428,-448,-536,-408,-324,-412,-508,-500,-332,-248,-224,-48,148,308,420,620,608,680,552,424,600,388,376,360,400,308
4,356,248,204,168,44,-288,-336,-220,-112,-244,-132,220,212,404,476,504,556,496,456,412,256,156,40,52,60,124,252,284,488,516,380,392,452,244,-176,-276,-384,-224,-96,-28,32,-4,-24,8,44,56,-8,-224,-280,-340,-432,-208,-96,116,248,396,468,564,576,484,340,244,96,152,104,200,324,440,756,604,676,620,92,-112,-340,-632,-408,-132,-60,-64,116,324,232,236,180
4,124,196,200,68,36,-112,-260,-544,-552,-412,-252,-228,128,364,368,412,380,384,588,500,384,360,260,156,168,168,348,596,704,724,704,448,312,-216,-288,-504,-496,-328,-228,0,-20,-24,-12,48,-40,-144,-120,-172,-352,-460,-344,-348,-264,-108,68,192,444,480,628,632,520,488,316,236,192,164,236,484,584,744,680,484,288,-228,-384,-636,-592,-496,-456,-288,-164,-164,76,220,160,28,80
4,300,432,688,944,876,764,740,68,-376,-664,-708,-572,-400,-176,-68,16,40,120,92,16,-88,-172,-632,-728,-524,-444,-136,28,312,464,812,860,736,660,404,360,288,268,512,868,1024,964,792,268,-248,-688,-864,-820,-736,-400,-280,-16,108,156,188,260,164,172,256,140
4,128,196,124,192,-240,-548,-440,-460,-688,-440,-268,268,344,632,732,920,968,888,792,608,524,348,272,236,256,484,800,1060,1116,1084,296,-216,-496,-456,-452,-404,-340,-324,-216,-256,-412,-376,-188,-188,-272,-224,-80,-272,-312,92,84,228,392,652,732,648,596,444,360,268,252,424,536,760,904,820,504,376,-284,-628,-732,-600,-364,-324,-196,-244,-44,128,60,-8,248,268,32
4,80,-28,-8,-128,-636,-760,-796,-824,-684,-368,8,212,452,632,728,884,872,664,600,456,388,480,532,596,764,776,632,312,-32,-764,-632,-628,-588,-456,-104,-24,-44,-80,-52,-40,-40,20,-244,-400,-384,-536,-332,60,172,400,396,568,564,632,648,496,440,404,340,444,584,744,884,656,484,-284,-416,-376,-536,-520,-500,-408,-208,-84,-20,-32,88,112,148,260,200,136,160,148,136
4,36,-188,-24,-216,-820,-1000,-1068,-992,-300,-64,432,724,1060,992,948,868,632,528,380,340,308,512,576,896,900,688,660,100,-364,-376,-156,-280,-352,-276,-220,-156,-204,-248,-200,-116,-180,-172,-344,-324,-596,-152,-124,-24,344,460,612,600,756,804,616,536,468,368,220,428,536,664,816,892,612,244,-56,-668,-856,-652,-492,-244,-152,-24,36,40,20,136,144,160,160,136
4,68,44,-108,-240,-676,-756,-508,-476,-124,96,324,804,916,640,660,648,540,332,284,208,228,376,540,780,816,952,680,92,-104,-532,-628,-520,-280,-220,-36,-8,-60,12,-60,-140,-128,-252,-356,-388,-400,-332,-4,176,244,552,752,892,860,680,524,388,324,256,300,492,580,984,912,544,100,-364,-488,-576,-464,-340,-320,-300,-140,-68,-76,20,308,404,124
4,56,4,-176,-140,-428,-512,-596,-732,-328,-4,524,752,940,948,924,764,652,388,348,268,308,556,728,1240,1344,1184,620,-512,-572,-232,-80,-28,-24,-80,-376,-452,-392,-360,-412,-400,-96,-188,-348,-232,400,384,636,784,808,1000,912,620,492,328,268,308,440,768,972,984,780,184,-268,-352,-356,-312,-312,-380,-244,-160,-288,-192,16,96
4,20,-400,-604,-500,-500,-804,-696,-48,232,416,772,1144,1088,916,744,612,284,236,172,204,416,652,1368,1496,1000,512,-364,-440,-292,-16,-68,-244,-268,-260,-380,-312,-352,-328,-272,-160,-292,-588,-416,116,120,204,336,892,1132,964,668,516,344,240,444,572,876,1244,1312,980,108,-372,-680,-704,-408,-624,-340,-276,-208,8,32,52,152,112,32
4,-260,-284,-536,-512,-508,-532,172,316,632,732,916,1080,1136,828,736,492,424,388,468,880,1148,1632,1612,916,76,-508,-504,-56,-1116,220,-120,-220,-436,-408,-284,-296,-524,-520,-420,-396,-128,184,260,520,908,988,1056,1004,692,492,492,336,292,812,980,1236,1332,956,372,-548,-508,-84,-156,-284,-160,-256,-260,-284,-104,136,304,172,268,344
5,64,16,36,100,-40,-248,-320,-412,-228,28,20,72,296,620,492,360,68,0,204,96,344,568,216,300,136,-72,-132,-352,-428,-408,-172,-252,-312,-132,-364,-520,-648,-316,-236,-156,-104,84,36,76,236,544,448,328,160,-48,-112,-96,16,352,520,424,-236,-164,-148,-364,-304,-280,-112,-40,-304
5,-272,-200,-376,-724,-496,-540,-360,-276,-212,-184,-152,32,228,268,248,320,348,424,328,52,112,100,224,480,412,172,72,92,-424,-456,-48,128,-236,-192,92
5,-4,-232,-324,-140,-144,-376,-284,4,268,420,452,376,260,312,148,180,248,448,492,368,372,140,-168,-420,-648,-500,-324,-324,-460,-456,-280,-204,-48,-20,-20,140,188,36,-4,148,148,-132,-140,-160,0,460,652,336,232,388,260,-320,-64,24,-92
5,452,464,512,272,-164,-36,-320,-440,104,-276,-196,-208,-96,56,92,100,132,256,300,316,336,412,452,140,12,196,492,460,468,520,212,-52,-196,-172,-152,-168,4,156,192,136,88
5,272,480,428,440,644,308,252,300,536,624,516,400,32,-276,-288,-292,-280,8,132,-280,-48,-292,-288,0,112,136,172,400,384,328,380,264,180,-28,-8,160,300,564,548,376,260,52,-340,-256,-144,-12,56,-112,-80
5,-348,-680,-616,-488,-92,40,184,296,472,368,364,196,-68,-176,-44,320,688,496,192,-296,-304,-616,-688,4,-152,-572,-320,-108,-132,-72,100,376,384,540,592,396,320,88,-4,100,508,600,532,140,-288,-332,-632,-216,84,-16,-72,-68,-64
5,176,28,-336,-704,-580,-84,4,52,216,400,428,248,400,-72,-192,20,268,536,724,404,-40,-196,-516,-288,128,-140,-472,-320,0,-16,-144,16,632,564,436,648,352,320,60,44,380,496,556,436,-180,-128,-300,-396,20,116,72,4
5,-136,-616,-736,-340,576,852,560,316,560,408,104,88,556,708,500,420,-56,-132,-332,-988,-160,-388,-392,-256,-40,-84,-72,144,324,740,720,228,284,124,-72,112,380,740,620,244,100,-412,308,132,-292
5,240,4,-768,-128,160,-44,16,480,544,244,440,220,140,264,348,504,612,484,-88,-12,-548,-1184,-64,164,-88,-332,-140,4,224,340,480,408,172,148,56,-16,232,368,500,268,12,-504,176,-80,-132,256,244,48
5,-388,-388,-280,48,480,676,636,400,572,304,-8,16,184,448,776,428,164,-652,-576,-704,-760,-268,-56,-184,-88,48,-12,36,328,624,484,124,408,-84,-276,-116,404,608,780,552,-524,-532,-468,-720,204,460,140,-116,96,188
6,96,172,188,212,184,264,216,276,264,228,36,-124,-216,-56,60,136,4,-308,-308,-168,-268,-216,-116,-152,-256,-244,-180,-360,-352,-412,-452,-700,-652,-576,-628,-524,-172,-76,172,136,404,632,704,464,592,504,-40,-220,-272,-636,-452,-248,-300,-288,-148,44,108,80,24,-100,-144,76,188,88,-184,-140,-44,108
6,184,188,244,264,244,264,248,264,700,852,460,224,-124,-252,-268,-200,-256,-236,72,116,96,-36,-28,-60,-136,-168,-188,-68,-84,-328,-360,-432,-632,-936,-792,-584,-196,68,276,380,472,612,556,504,460,564,524,268,156,-164,-436,-296,-96,-108,-36,92,28,92,108,84,40,0,12,80,20,108,-44,-256,-168,-116,4
6,124,180,204,276,336,544,640,948,-152,108,-124,-344,-688,-724,-232,12,-280,-180,24,-208,-500,-488,-456,-696,-732,-628,-676,-660,-488,-192,-4,80,100,432,676,552,540,580,492,412,372,432,256,52,40,-28,-260,-228,-152,20,-44,28,156,208,132,100,32,-16,-72,-68,-84,92,84,72
6,144,148,168,204,260,456,736,656,636,616,160,-716,-408,-332,-212,-72,-48,-104,-68,-132,-280,-416,-584,-656,-820,-876,-640,-400,-164,276,404,556,892,1128,872,492,268,-384,-784,-424,-344,40,156,108,-12,-100,-20,76,-40,-60,68,124,-260,-164,164,220,248
6,-176,-76,24,-24,-60,-24,20,20,-40,-56,-124,-148,-216,-312,-360,-432,-592,-952,-836,-416,-400,-440,-128,400,376,440,608,788,700,600,560,476,112,-32,-44,-232,-468,-632,-468,-240,-4,68,40,12,-136,-136,184,160,4,100,152,260
6,264,244,248,272,352,504,592,780,844,600,152,16,-156,-252,-372,-288,-160,-52,0,-8,40,88,-24,-56,-144,-368,-560,-724,-780,-640,-600,-420,-260,164,316,912,920,832,732,284,-4,-96,-176,-440,-192,-132,-148,-152,60,72,164,112,-84,-120,184,232,128,12,420,500,292
6,216,256,320,604,752,872,760,664,312,-12,-728,-772,-364,-196,-8,100,212,136,68,28,-192,-264,-380,-436,-644,-796,-600,-480,-460,-28,264,428,588,792,824,680,484,324,148,-92,-144,-288,-348,-168,-16,-80,96,0,40,128,-72,-24,64,32,-12,76,172
6,136,168,184,272,344,520,704,672,480,296,-48,-352,-672,-572,-112,-104,-88,-84,-156,-228,-484,-660,-680,-916,-856,-576,-372,-28,172,552,524,380,428,400,372,160,24,-212,-388,-492,-240,-224,-212,-128,24,68,40,40,-16,-4,172,156,168,156,408
6,168,180,232,400,344,404,704,600,316,104,-136,-244,-476,-500,-280,-200,-148,-256,-536,-544,-652,-988,-888,-408,-240,-148,-36,312,400,436,536,592,540,540,380,4,8,-136,-280,-348,-268,-252,-144,8,80,72,16,-36,36,68,188,132,308,320,308,132
6,256,204,264,288,552,636,824,788,716,24,-172,-528,-500,-512,-500,-124,44,4,-76,-248,-324,-460,-604,-856,-820,-596,-532,-264,108,188,280,452,900,1132,872,840,520,276,-124,-308,-560,-656,-376,-128,224,196,84,-24,-72,-168,-172,16,248,56,132
