1,-892,-928,-936,-988,-1000,-1052,-1064,-1052,-1056,-1044,-1048,-1056,-1012,-1016,-948,-924,-852,-828,-756,-720,-644,-576,-544,-496,-524,-540,-596,-656,-732,-836,-868,-976,-1032,-1144,-1180,-1212,-1192,-1244,-1244,-1212,-1208,-1208,-1100,-1104,-1044
1,-864,-872,-936,-968,-1028,-1032,-1076,-1100,-1180,-1256,-1384,-1380,-1364,-1396,-1356,-1184,-1124,-928,-852,-712,-668,-612,-572,-560,-532,-556,-588,-640,-700,-800,-876,-936,-1100,-1116,-1232,-1316,-1320
1,-1292,-1308,-1308,-1288,-1172,-1144,-996,-868,-800,-740,-696,-632,-640,-648,-624,-640,-668,-732,-756,-840,-884,-976,-1004,-1068,-1060,-1076,-1228,-1156,-1196,-1224,-1080
1,-1268,-1240,-1200,-1124,-984,-896,-764,-700,-644,-604,-568,-552,-532,-548,-572,-608,-696,-756,-788,-848,-860,-996,-1056,-1116,-1160,-1176,-1200,-1212,-1176,-1084
1,-984,-1100,-1144,-1188,-1240,-1244,-1284,-1292,-1256,-1244,-1256,-1232,-1188,-1060,-984,-796,-708,-552,-504,-400,-372,-380,-384,-504,-572,-700,-788,-984,-1068,-1152,-1348,-1332,-1340,-1332,-1248,-1216,-1080,-1036,-1000,-988,-860,-832
1,-1252,-1188,-1056,-876,-804,-628,-552,-476,-444,-400,-388,-428,-448,-572,-640,-792,-848,-968,-996,-1072,-1144,-1192,-1248,-1240,-1220,-1204,-1192,-1128,-1080,-1044,-932,-836,-816,-728,-668,-680
1,-1052,-1108,-1132,-1212,-1256,-1280,-1300,-1296,-1280,-1160,-1108,-916,-804,-688,-600,-564,-564,-508,-512,-524,-564,-612,-748,-780,-880,-928,-948,-976,-1036,-1112,-1128,-1128,-1144,-1116,-1140,-1088,-1100,-1056,-1060,-984,-920
1,-624,-556,-556,-548,-536,-596,-644,-716,-772,-876,-896,-980,-1008,-1052,-1080,-1100,-1112,-1108,-1136,-1136,-1120,-1172,-1140,-1056,-972,-884,-860
1,-516,-500,-508,-512,-600,-656,-724,-832,-868,-972,-1004,-1080,-1136,-1220,-1244,-1236,-1216,-1140,-1168,-1096,-1132,-1052,-1004
2,-1392,-1320,-1128,-1032,-816,-704,-584,-528,-344,-212,-4,112,340,472,612,684,688,504,464,344,336,384,280,296,384,-4,-48,-184,-316,-416,-476,-784,-820,-1068,-1132,-1200
2,-1100,-1276,-1364,-1464,-1500,-1440,-1368,-1168,-1044,-848,-792,-608,-496,-324,-224,-176,-12,104,332,348,484,600,700,604,512,544,440,324,204,204,-116,-200,-368,-540,-620,-900,-924,-1032,-1152
2,232,304,352,380,428,348,356,396,320,260,260,144,-4,-288,-300,-560,-612,-848,-996,-1060,-1220,-1256,-1208,-1208
2,-664,-556,-484,-400,-364,-196,-120,48,124,232,268,380,444,444,404,376,312,276,180,92,8,-132,-288,-308,-564,-552,-904,-936,-1028,-1184,-1160,-1328,-1244,-1144
2,-1364,-1280,-1196,-1084,-1012,-876,-780,-696,-628,-492,-452,-288,-236,-108,92,204,356,440,544,560,540,464,436,424,260,152,-108,-252,-572,-644,-976,-1020,-1124,-1220,-1168,-1156
2,-1100,-1056,-924,-840,-676,-612,-476,-420,-292,-272,-204,-96,40,140,144,176,232,308,292,244,224,196,236,152,140,136,28,-244,-244,-360,-500,-568,-852,-924,-956,-1072,-1128,-1056,-1192,-1196
2,-1104,-1152,-1200,-1316,-1356,-1380,-1364,-1328,-1152,-1048,-808,-704,-436,-344,-212,-160,-108,-60,32,24,56,88,244,312,376,404,368,424,448,240,76,12,-136,-288,-364,-764,-688,-1000,-1040
2,-1320,-1480,-1480,-1316,-1264,-1112,-1048,-904,-736,-660,-536,-480,-376,-308,-124,-28,88,176,384,436,516,520,380,300,320,220,-72,-224,-292,-480,-516,-796,-836,-896,-992,-1036,-1052,-1176,-1160
2,-1036,-832,-716,-656,-444,-300,-200,-64,144,232,372,444,524,540,536,484,308,356,368,216,84,-40,-288,-336,-468,-744
2,-1380,-1392,-1300,-1136,-1032,-780,-668,-488,-448,-288,-208,-104,-36,76,140,232,364,412,480,492,460,452,456,360,276,256,20,-40,-312,-344,-580,-632,-804,-924,-1004,-1264,-1252,-1352,-1324,-1304,-1312
3,-1032,-1140,-1236,-1452,-1492,-1544,-1536,-1388,-1072,-944,-724,-620,-420,-340,-80,-4,204,244,392,476,520,496,464,420,280,248,188,-20,-64,-136,-164,-248,-264,-352,-476,-216,-332,-204,-168,-304,-316,-260,-228,-196,-264,-184,-204,-152,-140
3,-1152,-1240,-1492,-1528,-1488,-1352,-1296,-1112,-936,-756,-688,-436,-304,32,140,288,388,464,468,436,384,248,184,28,-112,-112,-136,-272,-220,-156,-456,-404,-284,-280
3,-1064,-848,-728,-552,-464,-368,-288,-92,-56,72,152,184,252,260,272,304,200,164,88,24,-136,-160,-240,-160,-228,-248,-212
3,-1004,-1036,-1080,-1288,-1328,-1368,-1392,-1372,-1292,-1148,-1080,-864,-880,-716,-596,-464,-256,-124,56,156,352,420,424,424,400,328,144,92,-60,-168,-248,-256,-164,-180,-312,-120,-212,-256,-164,-8,-132,-144
3,-988,-1016,-1032,-1044,-1152,-1216,-1384,-1420,-1404,-1388,-1224,-1148,-964,-896,-716,-560,-468,-372,-176,-96,24,200,232,276,296,312,276,216,160,12,-4,-148,-216,-128,-168,-216,-164,-64,-148
3,-1264,-1300,-1328,-1324,-1208,-1088,-1032,-852,-804,-620,-548,-416,-344,-236,-176,12,56,164,192,212,216,184,148,84,16,-40,-96,-180,-40,-128,-100,-44,-88,-72,-52,56,68
3,-780,-624,-532,-416,-220,-160,-64,4,128,120,184,208,192,188,212,132,28,-32,-104,-140,-172,-196,-152,-204,-216,-232,-224,-104,-112,-124,-48,-148,-104,-112,-88,-96
3,-384,-240,-176,-84,-16,96,220,248,228,200,184,148,-28,-60,-208,-280,-216,-136,-292,-204,-224,-292,-148,-96,-208,-56,-56,-136,-96
3,-980,-960,-956,-984,-1020,-1044,-1164,-1260,-1404,-1448,-1500,-1396,-1236,-1044,-940,-820,-736,-584,-532,-332,-260,-148,-44,108,204,316,332,336,316,272,244,220,48,-8,0,-80,-140,-88,-276,-212,-132,-128,-124,-124,-8,-48,-32,-64,-64,-68,-32,16
3,-1296,-1252,-1072,-972,-836,-644,-588,-456,-456,-292,-184,-84,-8,148,212,196,212,188,156,88,60,-44,-88,-120,-112,-112,-128,-68,-96,-4,-16,-44,52,76,216,136
4,-448,-372,-412,-604,-788,-1276,-1528,-1828,-1912,-1764,-1616,-1276,-1132,-808,-688,-464,-372,-296,-292,-420,-624,-756,-1020,-1176,-1444,-1580,-1796,-1728,-1884,-1544,-1032,-952,-480,-352,-344,-324,-400,-440,-656,-920,-1104,-1512,-1624,-1844,-1924,-1780,-1700,-1388,-1160,-804,-608,-356,-316,-212,-224,-304,-412,-620,-960,-1136,-1448,-1516,-1616,-1632,-1528,-1392,-1296,-1132,-952,-840
4,-620,-568,-584,-640,-836,-940,-1132,-1212,-1232,-1396,-1400,-1396,-1428,-1436,-1436,-1336,-1240,-968,-840,-620,-536,-412,-364,-348,-328,-404,-464,-640,-968,-1076,-1228,-1292,-1368,-1400,-1512,-1424,-1492,-1356,-1056,-1080,-748,-652,-568,-516,-484,-544,-592,-868,-980,-1212,-1332,-1540,-1624,-1628,-1604,-1368,-1208,-920,-772,-596,-480,-376,-348,-396,-452,-640,-892,-1000,-1180,-1280,-1432,-1464,-1528,-1436,-1296,-1160,-988,-956,-788,-796,-800,-792,-796,-828
4,-564,-592,-672,-784,-1120,-1164,-1396,-1512,-1760,-1836,-1784,-1444,-1232,-840,-676,-372,-292,-200,-184,-260,-368,-652,-800,-1128,-1312,-1660,-1828,-1912,-1612,-1456,-812,-656,-296,-136,-268,-364,-640,-820,-1180,-1376,-1640,-1760,-1804,-1700,-1324,-1100,-548,-228,-144,-60,-44,-248,-380,-756,-960,-1312,-1568,-1768,-1756,-1556,-1380,-1004,-940,-764,-732
4,-504,-524,-748,-924,-1300,-1456,-1772,-1864,-1752,-1608,-1208,-964,-536,-356,-96,-36,-32,-104,-396,-724,-992,-1452,-1732,-2040,-2040,-1684,-1344,-804,-624,-376,-224,-252,-320,-544,-796,-1360,-1624,-2012,-1764,-1520,-1064,-812,-340,-180,-64,-56,-152,-264,-556,-712,-1148,-1256,-1748,-1828,-1900,-1704,-1280,-896,-796,-596,-656,-688,-740
4,-568,-468,-496,-568,-620,-940,-1116,-1412,-1536,-2012,-2024,-1988,-1840,-1428,-1168,-644,-396,64,264,296,240,140,-288,-512,-1024,-1328,-1820,-2000,-2040,-2040,-2028,-1820,-1220,-916,-380,-176,8,140,160,-132,-260,-760,-1028,-1492,-1796,-2040,-2040,-2040,-2036,-1548,-1284,-676,-424,-20,132,272,164,36,-400,-632,-1152,-1324,-1672,-1772,-1912,-1968,-1636,-1516,-1144,-1024,-764,-668,-604,-600,-588
4,-452,-392,-284,-316,-576,-728,-1140,-1348,-1628,-1736,-1836,-1740,-1572,-1120,-860,-400,-232,40,184,212,208,88,-28,-320,-548,-1040,-1220,-1648,-2024,-2040,-2040,-1884,-1440,-1152,-668,-472,-304,-216,28,64,-4,-140,-488,-752,-1392,-2040,-2040,-2040,-2040,-1712,-1404,-752,-504,-116,0,88,112,40,-32,-364,-620,-1088,-1348,-1704,-1948,-2016,-1888,-1776,-1456,-1252,-956,-812,-512,-420,-368,-372,-464
4,-1396,-1556,-1960,-2040,-2040,-1988,-1528,-1244,-628,-300,172,384,412,264,84,-376,-652,-1268,-1476,-2020,-2040,-2040,-2040,-1784,-1484,-988,-708,-228,-132,92,176,100,-204,-396,-888,-1192,-1728,-1948,-2040,-2040,-2040,-1832,-1184,-936,-436,-216,60,140,168,52,-64,-484,-708,-1268,-1456,-1784,-1904,-1984,-1884,-1512,-1276,-984,-852,-588,-560,-620,-712,-724,-848
4,460,628,584,308,60,-536,-860,-1456,-1792,-2040,-2040,-2040,-1872,-1508,-904,-616,-132,8,176,228,228,104,-120,-376,-996,-1284,-1936,-2040,-2040,-2040,-2040,-1800,-1056,-784,-180,16,224,324,280,196,-124,-636,-944,-1456,-1652,-1976,-1996,-1908,-1828,-1364,-1144,-828,-744,-496,-472,-564,-604,-708,-816,-932
4,-1304,-1788,-1976,-2040,-2040,-2036,-1444,-1152,-716,-440,-132,-80,72,120,-28,-152,-444,-720,-1228,-1500,-2012,-2040,-2040,-1968,-1628,-1016,-700,-228,-96,48,100,88,28,-172,-356,-756,-1060,-1560,-1768,-1948,-1916,-1716,-1296,-1160,-840,-692,-468,-480
4,-612,-528,-580,-612,-716,-1044,-1216,-1616,-1852,-2040,-1948,-1648,-1428,-904,-628,-220,88,148,216,160,-60,-236,-808,-1104,-1792,-2040,-2040,-2040,-2040,-1776,-1016,-704,-264,-68,36,100,72,-192,-416,-848,-1140,-1732,-1988,-2040,-2040,-2040,-1876,-1240,-888,-408,-180,132,188,260,132,0,-376,-616,-1184,-1392,-1788,-1972,-2036,-2024,-1656,-1456,-1080,-904,-676,-584,-548
5,-1184,-1508,-1588,-1852,-1716,-1560,-1092,-836,-412,-236,24,248,748,872,1096,1128,1120,988,692,496,124,-64,-456,-816,-912,-1164,-1312,-1372,-1576,-1824,-1864,-1920,-1876,-1692,-1572,-1252,-1028,-576,-356,-88,112,508,792,948,1040,1032,968,876,648,484,128,-88,-592,-668,-1304,-1512,-1424,-1504,-1600,-1528,-1360,-1204
5,-1952,-2000,-1928,-1720,-1572,-1220,-1072,-768,-608,-312,-204,116,300,616,676,920,952,892,832,664,528,224,-292,-572,-904,-1000,-1528,-1468,-1344
5,204,556,1032,1172,1248,1296,1032,908,636,516,68,-200,-440,-808,-952,-1616,-1820,-2040,-2040,-2040,-2020,-1680,-1572,-1268,-1128,-672,-420,-56,116,556,948,1144,1300,1232,1084,920,584,476,-20,-228,-736,-752,-1192,-1508,-1500,-1528,-1496,-1448
5,-656,-480,-176,88,320,624,776,980,992,1004,912,708,584,292,64,-440,-604,-1100,-1244,-1640,-1732,-1980,-2040,-2008,-1744,-1640,-1380,-1204,-816,-596,-280,-128,216,444,744,848,1028,1036,928,792,516,260,76,-364,-592,-976,-1168,-1564,-1588,-1576,-1524
5,-312,24,228,556,660,928,992,920,856,720,572,456,304,-260,-508,-1024,-1376,-1724,-1896,-1976,-2000,-1944,-1764,-1652,-1420,-1252,-960,-768,-392,-152,140,332,828,988,1136,1192,1052,760,628,336,156,-364,-652,-888,-1412,-1620,-1504,-1704,-1664
5,264,792,928,1060,1104,840,708,512,428,100,-80,-496,-740,-1440,-1824,-2000,-2040,-2040,-1920,-1820,-1568,-1436,-1220,-1052,-792,-592,-256,-144,304,488,884,1072,1144,1052,1004,672,524,88,-204,-732,-916,-1320,-1416,-1404,-1480,-1536,-1520,-1408,-1340,-1152
5,-1064,-904,-548,-348,-28,168,572,1060,1220,1192,1092,804,692,528,452,268,12,-216,-480,-1388,-1452,-1852,-2040,-2040,-2040,-1984,-1708,-1504,-1160,-1000,-632,-420,-92,64,448,616,984,1052,1120,1048,884,780,488,316,-32,-528,-692,-1088,-1224,-1616,-1680,-1676,-1620,-1472,-1396,-1176
5,-1232,-1084,-748,-488,-296,-64,148,580,748,1080,1156,1084,1024,856,776,360,180,-268,-432,-704,-972,-1468,-1856,-2028,-2040,-2028,-1812,-1680,-1264,-1064,-788,-628,-304,-212,84,284,616,732,1052,1120,992,840,700,296,232,-428,-612,-1072,-1188,-1412,-1452,-1436,-1492,-1432,-1388,-1380,-1284,-1108
5,-16,192,300,616,772,840,900,876,656,544,280,4,-452,-772,-1056,-1348,-1480,-1484,-1740,-1784,-1784,-1756,-1660,-1576,-1392,-1096,-892,-600,-456,-128,-4,320,508,752,796,856,796,668,596,404,252,-136,-292,-568,-1232,-1476,-1420,-1552,-1564,-1468,-1352
5,-188,120,336,744,1104,1156,1152,1092,788,668,476,148,-312,-572,-1212,-1372,-1660,-1584,-1852,-1992,-1904,-1896,-1784,-1476,-1332,-972,-772,-388,-236,128,328,652,868,1112,1124,1004,952,800,604,272,72,-428,-752,-792,-1404,-1320,-1336,-1476,-1460,-1380
6,-968,-976,-1040,-1120,-1260,-1348,-1304,-1448,-1508,-1560,-1316,-1040,-864,-852,-992,-884,-764,-676,-640,-448,-324,-300,-388,-416,-364,-444,-472,-516,-576,-780,-1052,-1064,-1340,-1404,-1396,-1452,-1468,-1444,-1304,-1272,-1128,-1076,-924,-808,-632,-572,-640,-668,-656,-944,-980,-1172,-1212,-1240,-1256,-1252,-1200,-1068,-1040,-892,-856
6,-1288,-1428,-1456,-1472,-1496,-1448,-1408,-1208,-1124,-1052,-976,-760,-608,-592,-432,-384,-332,-324,-264,-292,-392,-380,-528,-664,-736,-936,-1260,-1504,-1716,-1784,-1668,-1424,-1240,-964,-856,-672,-620,-596,-580,-624,-624,-664,-696,-812,-940,-1068,-1116,-1252,-1240,-1260,-1356,-1308,-1156
6,-1184,-1312,-1648,-1736,-1728,-1588,-1312,-1232,-1012,-976,-740,-640,-524,-416,-284,-260,-232,-192,-276,-372,-364,-520,-612,-828,-1016,-1432,-1612,-1876,-1980,-1760,-1508,-1116,-944,-760,-668,-584,-612,-716,-616,-628,-652,-624,-824,-880,-1096,-1156,-1240,-1280,-1188
6,-1292,-1128,-1004,-988,-848,-804,-696,-568,-572,-624,-656,-576,-500,-524,-516,-516,-384,-420,-488,-472,-492,-816,-1016,-1120,-1292,-1256,-1480,-1576,-1652,-1572,-1460,-1296,-984,-868,-764,-720,-604,-592,-612,-628,-724,-864,-872,-1052,-1180,-1140,-1076,-1120,-1060,-1000
6,-1320,-1508,-1636,-1896,-1844,-1440,-1260,-1072,-920,-712,-652,-392,-356,-328,-296,-188,-152,-252,-224,-300,-480,-624,-828,-1044,-1460,-1656,-1956,-2040,-1884,-1672,-1160,-976,-740,-672,-536,-516,-608,-652,-728,-812,-760,-872,-1016,-1088,-1036,-1188,-1184,-1160,-1172,-1088
6,-1292,-1464,-1484,-1564,-1520,-1328,-1292,-1112,-1152,-992,-952,-816,-748,-676,-616,-492,-412,-316,-256,-204,-108,-164,-308,-324,-428,-592,-1048,-1216,-1644,-1912,-2032,-1968,-1628,-1472,-1132,-976,-756,-632,-560,-496,-512,-492,-480,-512,-624,-716,-824,-1296,-1412,-1384,-1392,-1328,-1184,-1040,-960,-768,-748
6,-1336,-1128,-932,-916,-760,-600,-528,-504,-456,-424,-412,-372,-276,-276,-436,-476,-532,-636,-884,-988,-1336,-1516,-1748,-1788,-1676,-1492,-1384,-1148,-1008,-848,-748,-592,-544,-476,-456,-464,-412,-596,-668,-932,-1164,-1368,-1276,-1236,-1144,-1012,-876,-864,-708,-704
6,-972,-988,-1060,-1148,-1356,-1540,-1664,-1624,-1384,-1320,-1072,-848,-768,-676,-492,-456,-364,-380,-276,-304,-316,-312,-380,-484,-632,-760,-876,-1176,-1256,-1416,-1600,-2016,-1960,-1624,-1456,-996,-768,-584,-456,-452,-472,-540,-588,-640,-788,-872,-1156,-1164,-1164,-1224,-1116,-1048,-1028,-932,-924,-908
6,-1572,-1732,-1688,-1356,-1208,-904,-684,-596,-476,-392,-304,-248,-172,-148,-220,-312,-448,-560,-784,-828,-1140,-1284,-1420,-1612,-1924,-1768,-1696,-1352,-1152,-860,-764,-548,-504,-488,-484,-532,-548,-632,-724,-956,-1052,-1216,-1224,-1208,-1132,-1084,-936,-896,-844,-756,-800,-768
6,-1180,-1252,-1568,-1628,-1704,-1720,-1376,-1260,-1056,-940,-652,-536,-536,-460,-360,-344,-272,-252,-288,-324,-396,-604,-672,-904,-1012,-1224,-1408,-1744,-1756,-1732,-1712,-1464,-1276,-992,-832,-584,-524,-492,-496,-508,-568,-620,-800,-924,-1256,-1408,-1396,-1312,-1192,-1128
1,-1016,-1052,-1064,-1016,-968,-844,-784,-708,-688,-744,-812,-936,-984,-1072,-1196,-1332,-1448,-1552,-1676,-1660,-1576,-1476,-1168,-984,-684,-560,-364,-280,-228,-236,-316,-420,-592,-688,-872,-948,-1164,-1348,-1472,-1608,-1704,-1932,-1956,-1772,-1576,-1144,-900
1,-760,-784,-796,-792,-920,-1112,-1384,-1536,-1816,-1900,-1892,-1800,-1608,-1416,-1060,-864,-492,-356,-180,-112,-84,-132,-244,-560,-712,-944,-1152,-1552,-1668,-1952,-2028,-2024,-1920,-1464,-1204,-812,-592,-308,-284,-376,-576,-748
1,-84,-256,-408,-608,-788,-1148,-1212,-1564,-1640,-1924,-1912,-1924,-1652,-1436,-1068,-892,-608,-488,-404,-388
1,-836,-940,-1004,-1184,-1412,-1516,-1708,-1824,-1944,-1824,-1640,-1448,-1004,-772,-428,-292,-84,-16,-28,-92,-356,-508,-792,-1252,-1448,-1756,-1920,-2000,-2012,-1976,-1776,-1304,-1140,-756,-604
1,-816,-932,-1108,-1168,-1308,-1420,-1656,-1732,-1804,-1748,-1648,-1520,-1120,-864,-532,-360,-96,0,-20,-104,-236,-544,-736,-1052,-1220,-1656,-1736,-1932,-1956,-1788,-1584,-1148,-996,-620,-512,-444
1,-604,-756,-1092,-1456,-1588,-1744,-1836,-1848,-1644,-1288,-1068,-716,-532,-256,-228,-336,-456,-800,-852,-948,-1020,-1060,-1068,-1040
1,-172,-164,-236,-336,-596,-780,-1084,-1268,-1592,-1692,-1792,-1736,-1488,-1348,-1036,-924,-716,-468,-396,-408,-496,-692,-780
1,-1468,-1652,-1900,-1896,-1724,-1604,-1272,-1108,-792,-644,-320,-256,-340,-368,-548,-668,-844,-896
1,-1680,-1716,-1636,-1584,-1372,-1252,-920,-740,-460,-348,-240,-204,-200,-256,-432,-556,-860,-1044,-1352,-1496,-1732,-1852,-1916,-1776,-1576,-1192,-820,-652,-364,-304,-344,-372,-648,-780,-868
1,-1464,-1572,-1680,-1748,-1656,-1300,-1152,-864,-728,-428,-328,-296,-396,-532,-636,-916,-916
2,-1472,-1452,-1484,-1508,-1448,-1240,-988,-832,-532,-380,-164,-68,192,336,484,496,524,536,444,420,228,184,-108,-368,-436,-604,-868,-996
2,-924,-972,-976,-968,-944,-968,-956,-912,-888,-952,-980,-1044,-1304,-1432,-1512,-1560,-1544,-1544,-1328,-1200,-1004,-880,-708,-576,-424,-340,-148,-4,324,436,620,640,588,520,468,376,288,184,156,-64,-168,-336,-412,-804,-808,-1108,-1464,-1600,-1472,-1428,-1360,-1296,-1156
2,-944,-932,-932,-924,-904,-912,-932,-976,-1116,-1244,-1488,-1692,-1748,-1712,-1520,-1364,-988,-624,-456,-380,-220,80,232,592,748,844,812,768,672,616,372,48,-12,-104,-332,-468,-512,-672
2,-1036,-1012,-1040,-1300,-1416,-1572,-1628,-1476,-1364,-1076,-988,-712,-576,-356,-260,76,380,548,756,804,700,604,448,376,88,-16,-44,-224,-472,-508,-624,-828
2,-1024,-1076,-1252,-1372,-1480,-1468,-1464,-1428,-1216,-1072,-988,-736,-632,-440,-344,-72,60,312,464,600,620,564,448,268,228,104,48,-44,-88,-184,-264,-404,-648,-600
2,672,724,720,704,440,320,196,156,156,76,128,28,-144,-344,-356,-656,-808,-836,-964,-1208
2,-884,-888,-928,-960,-1104,-1212,-1576,-1676,-1712,-1656,-1496,-1352,-1100,-968,-744,-568,-240,40,176,532,756,888,856,612,448,280,272,72,96,-80,-248,-392,-488,-648,-820
2,-992,-1048,-1148,-1228,-1576,-1644,-1636,-1600,-1408,-1296,-1016,-896,-644,-544,-320,-232,32,240,308,512,532,516,416,164,36,56,4,24,16,-64,-156,-420,-444,-604,-740,-924
2,-876,-520,-412,-208,-24,296,444,712,732,580,372,220,184,224,64,52,44,-80,-276,-388,-532,-564,-972,-964,-1340,-1404,-1312
2,-584,-412,-348,-204,-48,204,300,528,528,468,344,204,116,76,80,124,64,-128,-216,-332,-536,-520,-772,-856
3,-1204,-1268,-1396,-1404,-1484,-1476,-1348,-1236,-1040,-948,-652,-544,-352,-252,48,196,504,696,700,472,324,132,56,-4,-64,-156,-68,-304,-320
3,-948,-864,-832,-820,-864,-984,-1016,-1228,-1416,-1452,-1508,-1544,-1364,-1300,-1244,-1148,-980,-876,-640,-584,-372,-296,-196,-80,208,420,512,504,396,92,-44,-144,-204,-212,-160,-112,-68,-76,-68,-144,-152,-140,36,-76,-56,28,188,304,252,336,640,564,500,576,332,300,320,236,252,288,228,268,240
3,-1240,-1344,-1412,-1444,-1492,-1416,-1288,-1008,-904,-668,-496,-196,-68,384,596,724,716,492,108,-72,-184,-144,-100,-200,-136,-104,-284,-280,-60,-16,-36,-44,-16,212,356,108,648,560,248,376,268,224,224,236,184,208,184,176,200,180
3,-880,-880,-936,-944,-952,-1000,-1000,-1024,-1024,-1056,-1048,-1112,-1136,-1280,-1356,-1356,-1396,-1396,-1268,-1184,-964,-908,-744,-584,-424,-356,-120,28,280,296,252,300,188,48,-224,-228,-220,-196,-200,-180,-152,-140,-140,-196,-160,36,96,104,156,96,332,252,320
3,-908,-936,-988,-1016,-1000,-1020,-1044,-1024,-1012,-1028,-1028,-1040,-1052,-1068,-1204,-1268,-1296,-1300,-1292,-1264,-1196,-1212,-1136,-980,-888,-648,-576,-368,-280,-100,36,228,312,368,304,124,-8,-168,-196,-168,-200,-192,-240,-120,-120,-176,56,160,28,48,496,596,212,612,472,292
3,-984,-932,-920,-968,-984,-1108,-1156,-1264,-1296,-1384,-1412,-1412,-1384,-1264,-1216,-1020,-960,-732,-592,-392,-212,-20,320,468,492,472,344,256,-124,-180,-172,-180,-96,-96,-140,-124,-104,-84,-148,-160,-264,0,216,188,4,140,340,248,308,352,228,204,180,76,108,120,96,148,132,144,152,140,140,132,120,120,136,124,120
3,-1020,-1044,-1032,-1032,-1020,-1024,-984,-964,-992,-996,-1060,-1096,-1304,-1380,-1516,-1460,-1424,-1344,-1200,-912,-804,-448,-312,-120,16,332,468,544,528,392,224,-180,-260,-132,-116,-112,-112,-148,-116,-196,-256,-188,-28,120,-28,-156,420,608,144,320,712,580,480,512,452,336,340,320,288,328,288,292,328,272,288,308,276,268,264,260,260,280
3,-996,-936,-904,-844,-832,-860,-992,-1044,-1060,-1080,-1120,-1192,-1228,-1372,-1636,-1628,-1420,-1312,-1032,-812,-508,-440,-136,260,432,708,688,604,420,-28,-152,-96,-112,-264,-204,-144,-152,-184,-208,-124,-144,-124,196,372,444,484,648,460,424,468,360,340,360,324,244,288,256,224,256,272
3,-1040,-1088,-1156,-1328,-1356,-1360,-1420,-1416,-1356,-1196,-1096,-868,-704,-520,-404,-68,136,504,672,692,524,368,-212,-296,-216,-92,-40,-72,-8,-12,-108,-168,-144,-136,-204,-172,4,152,88,156,528,360,408,328,272,220,188,188,212,212,236,220,208,176,184,176,216,184,204
3,-988,-972,-944,-952,-956,-952,-948,-1032,-1052,-1144,-1248,-1372,-1388,-1420,-1412,-1328,-1244,-1084,-1032,-856,-812,-688,-600,-328,-304,-212,132,308,476,480,404,328,72,-68,-112,-88,-64,-92,-96,-68,-124,-172,-192,-264,-168,-196,-276,-124,60,52,128,280,172,180,240,16,0,52,88,124,80,40,44,40,-24,-76
4,-716,-680,-620,-632,-668,-832,-928,-1192,-1388,-1696,-1952,-1908,-1652,-1436,-980,-824,-476,-340,-232,-208,-232,-276,-452,-596,-800,-912,-1008,-1128,-1432,-1600,-1732,-1852,-1836,-1576,-1356,-948,-736,-336,-220,-64,-136,-348,-664,-1084,-1348,-1476,-1308,-1256,-1228,-1240,-1180,-1264,-1248,-1136,-744,-536,-352,-284,-284,-384,-572,-660,-972,-1176,-1648,-1916,-2040,-2040,-1808,-1568,-900,-448,-308,-332,-440
4,-712,-744,-756,-992,-1132,-1532,-1888,-1924,-1864,-1704,-1356,-1116,-712,-504,-160,-108,-28,-76,-244,-360,-752,-1040,-1608,-1952,-2040,-2040,-1876,-1204,-808,-372,-296,-484,-720,-1608,-1976,-2040,-2040,-1164,-568,68,320,408,188,-488,-1012,-2040,-2040,-2040,-1628,-1020,-284
4,-720,-700,-720,-792,-976,-1452,-1672,-2024,-1924,-1380,-1104,-540,-316,16,44,-44,-452,-760,-1316,-1780,-2040,-2040,-2040,-1772,-604,-212,304,320,-208,-652,-1788,-2040,-2040,-2040,-1400,-208,232,736,604,124,-196,-1200,-1792,-2040,-2040,-2040,-1644,-760,-324,76,144,-236,-520
4,-712,-740,-788,-944,-1112,-1516,-1732,-1916,-1968,-1656,-1500,-868,-500,-8,164,292,248,-4,-208,-608,-1028,-1284,-1720,-1972,-2040,-2024,-1516,-1176,-528,-284,-40,-76,-548,-840,-1704,-2016,-2040,-2040,-996,-264,548,528,216,-496,-972,-1900,-2040,-2040,-2040,-1380,-1024,-396,-244,-196,-312
4,-984,-924,-860,-716,-692,-716,-700,-836,-984,-1364,-1540,-1756,-1476,-1304,-820,-584,-296,-112,16,-24,-220,-368,-772,-1132,-1732,-2008,-2012,-1760,-1004,-652,-392,-420,-1068,-2000,-2040,-1848,-1396,-368,0,324,376,80,-168,-832,-1356,-2040,-2040,-2040,-1732,-912,-588,-308,-268
4,-1484,-1284,-1076,-572,-336,88,216,184,24,-308,-848,-1160,-1636,-2040,-2040,-2024,-1504,-1124,-352,-244,-228,-464,-1312,-1756,-2040,-2040,-1580,-1096,-84,348,840,492,140,-556,-1032,-1980,-2040,-2040,-2032,-1296,-948,-532,-380,-340
4,-616,-732,-1092,-1308,-1840,-2024,-1920,-1752,-1212,-780,8,284,536,500,284,68,-372,-700,-1468,-2040,-2040,-2040,-1656,-712,-328,-100,-64,-720,-1172,-2040,-2040,-1968,-1516,-384,136,772,844,492,148,-700,-1904,-2040,-2040,-2040,-1464,-1028,-432,-252
4,-856,-660,-536,-312,-272,-352,-476,-828,-1076,-1636,-2032,-2032,-1620,-1340,-552,-108,528,708,732,588,48,-276,-920,-1356,-2040,-2040,-2040,-1816,-924,-500,-92,-164,-500,-1468,-2004,-2040,-2008,-1028,-492,476,736,804,552,-44,-448,-1624,-2040,-2040,-2040,-1704,-1240,-464,-52
4,-216,108,508,564,344,100,-492,-868,-1592,-2040,-2040,-2040,-1792,-1348,-380,-136,120,-92,-492,-1508,-1960,-2040,-2040,-1392,-968,-124,200,560,608,272,44,-588,-988,-2040,-2040,-2040,-1872,-1436,-588,-360,-12
4,-812,-828,-840,-836,-836,-856,-844,-864,-872,-852,-872,-832,-824,-840,-872,-848,-876,-852,-800,-704,-668,-640,-764,-1060,-1228,-1652,-1752,-1692,-1488,-1092,-564,-356,-64,36,56,-36,-252,-396,-796,-1096,-1676,-1984,-2040,-1980,-1240,-816,-192,-52,-152,-468,-1452,-2040,-2040,-1940,-1440,-332,128,720,724,372,32,-916,-1440,-2040,-2040,-2040,-1288,-860,-300,-156,-252,-388
5,-952,-968,-972,-980,-992,-1036,-1060,-1164,-1276,-1576,-1660,-1704,-1640,-1356,-1180,-904,-560,-392,-32,208,752,968,1232,1260,1112,888,272,-24,-472,-548,-772,-752,-1024,-1168,-1616,-1760,-1952,-1924,-1740,-1376,-1216,-780,-608,-328,-268,-52,72,288,372,656,764,728,700,360,184,-376,-768,-808,-1060,-1252
5,-1064,-1288,-1396,-1596,-1636,-1664,-1592,-1144,-932,-580,-384,4,184,532,744,908,868,776,484,224,-200,-308,-512,-468,-772,-900,-1072,-1492,-1856,-1976,-2040,-1972,-1592,-1452,-1052,-752,-412,-300,-52,296,364,740,820,820,748,560,312,-232,-484,-740,-736,-1224
5,-948,-948,-900,-892,-912,-936,-1000,-1076,-1392,-1616,-1772,-1788,-1620,-1424,-1028,-752,-444,-316,36,220,756,972,928,820,708,316,24,-336,-464,-512,-692,-956,-1468,-1968,-2040,-2040,-1920,-1688,-1524,-1112,-932,-552,-436,-68,484,756,1204,1100,696,604,200,-84,-484,-712,-956,-1016,-1348,-1432
5,668,596,596,492,32,-120,-360,-508,-588,-664,-980,-1220,-1580,-1688,-1852,-1860,-1740,-1504,-1316,-956,-764,-504,-380,-56,132,532,684,752,704,656,564,252,-4,-484,-640,-904,-1016,-1160,-1412
5,-928,-964,-980,-1048,-1120,-1440,-1596,-1604,-1552,-1440,-1120,-908,-636,-396,84,328,728,760,680,580,328,76,-272,-412,-596,-672,-632,-724,-1064,-1576,-1628,-1912,-1876,-1708,-1592,-1416,-1304,-984,-772,-432,-296,4,296,704,768,716,632,440,-72,-304,-728,-968,-1044,-1244,-1408,-1352,-1248,-1216
5,-444,-212,288,508,748,732,696,620,320,28,-412,-616,-648,-668,-804,-1384,-1700,-1932,-1964,-1784,-1720,-1448,-1316,-1044,-848,-452,-316,-20,212,528,684,540,368,272,-200,-468,-820,-980,-1012,-1248,-1528,-1440,-1348
5,-560,-800,-952,-1232,-1640,-1832,-1828,-1828,-1676,-1580,-1368,-1212,-848,-688,-388,-256,-28,172,444,464,384,344,184,-212,-368,-632,-728,-864,-1140,-1364,-1368,-1520,-1452,-1208
5,-960,-1004,-1064,-1300,-1516,-1756,-1772,-1664,-1500,-1020,-800,-404,-132,440,632,944,964,796,732,204,204,-372,-548,-828,-852,-1092,-1180,-1568,-1828,-1812,-1684,-1664,-1584,-1488,-1176,-980,-580,-420,-120,176,784,956,896,808,596,388,-224,-436,-892,-1028,-1184,-1380,-1544,-1432,-1256
5,208,-256,-456,-692,-768,-848,-1036,-1268,-1640,-1608,-1776,-2020,-1520,-1572,-1448,-1280,-1000,-812,-496,-312,48,240,644,664,508,300,140,-288,-496,-892,-1020,-840,-1104,-1536,-1420,-1312,-1328,-1200
5,-1044,-1252,-1380,-1508,-1592,-1600,-1564,-1284,-1080,-640,-416,84,340,816,916,700,608,452,-56,-272,-500,-736,-808,-960,-1436,-1632,-1984,-2028,-1924,-1832,-1628,-1488,-1080,-896,-580,-424,-224,344,492,720,692,624,532,116,-140,-676,-788,-940,-1176,-1336,-1480,-1496,-1372,-1308
6,-920,-900,-888,-864,-868,-868,-888,-940,-972,-1012,-1060,-1104,-1168,-1208,-1228,-1244,-1184,-1124,-1060,-1020,-796,-692,-528,-532,-640,-668,-832,-896,-1024,-1100,-1144,-1160,-1228,-1300,-1396,-1476,-1468,-1456,-1236,-852,-712,-484,-336,-172,-196,-232,-228,-460,-520,-788,-876,-1188,-1352,-1740,-1940,-1856,-1488,-1252,-924,-824,-732,-768,-608,-572,-600,-520,-584,-772,-844,-868,-912,-1032
6,-912,-896,-896,-944,-1052,-1096,-1180,-1272,-1336,-1308,-1284,-1232,-1056,-936,-724,-568,-420,-500,-580,-800,-864,-1004,-1020,-1016,-1020,-1060,-1128,-1196,-1252,-1440,-1556,-1564,-1612,-1296,-1092,-652,-464,-128,-48,92,-152,-216,-280,-504,-896,-1084,-1740,-1928,-2040,-2040,-1700,-1396,-764,-532,-464,-512,-780,-984,-1032,-988,-876,-676,-624,-760,-760,-768
6,-972,-984,-988,-988,-948,-948,-968,-968,-972,-988,-1000,-1032,-1020,-1016,-1040,-1044,-1040,-1028,-1044,-1040,-1020,-1036,-1036,-1116,-1160,-1200,-1208,-1228,-1228,-1136,-944,-800,-648,-608,-616,-644,-768,-808,-976,-1064,-1180,-1224,-1380,-1448,-1536,-1556,-1540,-1440,-892,-616,-456,-108,-32,-148,-172,-256,-388,-632,-708,-1040,-1136,-1316,-1456,-1772,-1936,-2000,-1716,-1456,-704,-508,-576,-584,-932,-1116,-1208,-1204,-1076,-640,-472,-392,-360,-528,-616,-848,-928
6,-944,-936,-920,-896,-912,-972,-1008,-1032,-1056,-1028,-1020,-972,-956,-972,-1072,-1120,-1180,-1248,-1284,-1236,-1136,-1100,-948,-852,-644,-612,-644,-692,-804,-916,-1088,-1152,-1260,-1336,-1332,-1324,-1312,-1076,-940,-700,-628,-448,-416,-364,-344,-568,-624,-792,-940,-1144,-1184,-1576,-1764,-1896,-1772,-1468,-820,-636,-348,-224,-320,-424,-716,-872,-1032,-1148,-1148,-1004,-964,-956
6,-908,-928,-932,-968,-988,-1052,-1104,-1124,-1144,-1168,-1180,-1160,-1128,-1068,-940,-888,-724,-644,-620,-656,-792,-868,-1016,-1092,-1188,-1232,-1320,-1372,-1408,-1456,-1316,-1148,-876,-672,-512,-364,-312,-248,-252,-336,-412,-684,-860,-1228,-1432,-1692,-1800,-1928,-1880,-1460,-1160,-584,-508,-420,-752,-968,-1244,-1264,-1064,-948,-736,-668,-648,-732
6,-920,-928,-916,-924,-952,-968,-984,-992,-1036,-1040,-1104,-1196,-1236,-1192,-1176,-1140,-1060,-948,-700,-620,-564,-552,-668,-936,-1028,-1152,-1216,-1340,-1408,-1500,-1528,-1492,-1380,-1080,-868,-524,-380,-112,8,-44,-220,-320,-468,-944,-1004,-1120,-1424,-1584,-1948,-2040,-1932,-1660,-976,-620,-404,-448,-768,-1012,-992,-860,-668,-544,-396,-536,-680,-908
6,-940,-964,-1020,-1044,-1084,-1160,-1160,-1164,-1160,-1136,-1088,-1056,-920,-864,-616,-540,-476,-700,-824,-1016,-1104,-1308,-1400,-1496,-1504,-1240,-1076,-708,-548,-260,-180,-164,-176,-412,-416,-800,-1164,-1320,-1636,-1832,-1952,-1976,-1684,-1448,-720,-352,-232,-356,-864,-1104,-1076,-920,-712,-612,-508,-596
6,-924,-908,-932,-940,-936,-996,-1028,-1024,-1052,-1084,-1136,-1148,-1116,-1092,-1072,-952,-832,-576,-544,-560,-600,-752,-840,-1076,-1284,-1352,-1600,-1652,-1552,-1448,-1116,-856,-440,-324,-80,-16,-96,-180,-404,-576,-980,-1224,-1488,-1680,-1836,-1864,-1648,-1080,-828,-524,-472,-596,-784,-1188,-1292,-1192,-1052,-816,-644,-528,-500,-624
6,-1108,-932,-820,-552,-392,-316,-412,-664,-776,-1008,-1220,-1432,-1572,-1716,-1764,-1428,-1140,-632,-236,-72,164,124,-180,-220,-680,-960,-1340,-1616,-2040,-2040,-2016,-1748,-996,-608,-388,-472,-984,-1204,-1104,-804,-612,-336,-400,-540,-572
6,-888,-900,-1004,-1076,-1156,-1216,-1232,-1248,-1192,-1116,-900,-780,-548,-444,-444,-484,-680,-820,-1144,-1344,-1488,-1716,-1728,-1628,-1464,-1012,-740,-320,-168,60,128,-36,-216,-432,-644,-1248,-1360,-1828,-2008,-1980,-1664,-1388,-716,-548,-456,-456,-780,-916,-1000,-1028,-976,-900,-712,-732,-904
1,-728,-656,-624,-628,-756,-880,-1096,-1256,-1584,-1704,-1804,-1736,-1416,-1204,-816,-664,-400,-320,-204,-224,-260,-552,-748,-1224,-1468,-1804,-1884,-1856,-1784,-1428,-1224,-800,-628,-432,-404,-572,-656,-972,-1052,-1060
1,-880,-832,-748,-692,-708,-756,-840,-924,-1160,-1340,-1676,-1832,-1800,-1500,-1256,-804,-668,-444,-356,-260,-220,-260,-304,-540,-656,-1024,-1204,-1580,-1716,-1744,-1656,-1532,-1248,-1088,-792,-660,-600,-580,-612
1,-844,-760,-700,-612,-620,-788,-848,-948,-1292,-1436,-1852,-1924,-1728,-1568,-1128,-908,-644,-548,-420,-384,-288,-284,-348,-404,-604,-856,-1052,-1500,-1624,-1752,-1716,-1512,-1372,-1096,-952,-740,-676
1,-856,-772,-700,-632,-580,-604,-796,-928,-1212,-1392,-1824,-1856,-1724,-1460,-1212,-844,-700,-472,-384,-256,-176,-180,-240,-432,-584,-992,-1248,-1632,-1732,-1700,-1572,-1476,-1164,-1032,-836,-776,-628,-600
1,-936,-932,-880,-844,-712,-640,-484,-520,-696,-1112,-1292,-1888,-2000,-1920,-1848,-1416,-1172,-752,-596,-356,-304,-196,-152,-216,-292,-512,-868,-1128,-1500,-1628,-1704,-1716,-1616,-1504,-1168,-1004,-736,-648,-572,-568,-692,-820
1,-728,-656,-552,-520,-764,-836,-1140,-1304,-1576,-1712,-1864,-1808,-1568,-1348,-936,-732,-424,-316,-204,-128,-136,-272,-368,-720,-912,-1404,-1596,-1768,-1772,-1748,-1660,-1424,-1256,-920,-756,-628,-552,-572,-688
1,-856,-812,-716,-684,-652,-688,-748,-828,-1040,-1100,-1388,-1552,-1800,-1824,-1708,-1516,-1116,-736,-568,-352,-284,-180,-164,-196,-240,-540,-732,-1188,-1460,-1708,-1736,-1688,-1664,-1480,-1364,-1052,-764,-640,-548
1,-772,-672,-576,-524,-756,-796,-1120,-1268,-1456,-1528,-1604,-1540,-1552,-1448,-1128,-960,-640,-520,-368,-296,-184,-196,-292,-496,-636,-1168,-1500,-1888,-1920,-1764,-1624,-1256,-1084,-808,-724,-568,-548
1,-948,-876,-868,-784,-724,-604,-536,-556,-760,-960,-1152,-1292,-1744,-1800,-1732,-1652,-1320,-1140,-796,-636,-392,-320,-192,-124,-160,-296,-444,-816,-1004,-1392,-1524,-1712,-1760,-1736,-1624,-1232,-1032,-704,-640,-516,-500
1,-984,-960,-948,-932,-920,-872,-800,-724,-544,-496,-508,-588,-1032,-1180,-1504,-1760,-1740,-1768,-1612,-1428,-1004,-828,-524,-412,-260,-164,-180,-232,-320,-608,-776,-1160,-1352,-1680,-1788,-1832,-1760,-1428,-1220,-860,-736,-608,-544
2,-1148,-1248,-1532,-1668,-1620,-1648,-1368,-1256,-960,-716,-316,76,192,476,560,584,468,224,176,8,-168,-348,-484,-732,-960,-1228,-1300,-1588,-1760,-1508,-1340,-1236,-1024,-944,-916
2,-1380,-1436,-1472,-1424,-1368,-1056,-952,-652,-480,-152,-68,44,104,252,268,184,128,84,108,80,20,-156,-212,-468,-512,-1072,-1516,-1456,-1452,-1620
2,-1204,-1320,-1456,-1432,-1412,-1364,-1036,-972,-744,-552,-156,-72,88,232,424,452,316,216,20,-32,-252,-464,-556,-704,-828,-1000,-1036,-1228,-1388,-1412,-1392,-1416,-1380
2,-720,-336,-72,48,244,404,588,524,316,244,36,-156,-424,-432,-796,-996,-1296,-1308,-1388,-1452,-1364,-1388,-1216,-1152,-1124
2,-1332,-1340,-1444,-1380,-1232,-1092,-1044,-732,-536,-228,-136,80,152,324,500,572,472,212,72,-48,-196,-672,-756,-768,-1108,-1360,-1288,-1264,-1644,-1656
2,-468,-252,-112,112,168,352,392,240,64,28,-104,-264,-528,-524,-588,-792,-1056,-956,-1152,-1340,-1404,-1344,-1412,-1404,-1236,-1124
2,-1320,-1420,-1532,-1460,-1380,-1092,-908,-560,-348,-272,-172,88,216,300,328,288,224,-4,-176,-436,-476,-660,-836,-1424,-1368,-1272,-1568,-1588,-1276
2,-1480,-1508,-1392,-1132,-1044,-680,-520,-372,-232,-28,60,248,528,528,352,232,-128,-256,-572,-664,-956,-1000,-1076,-1124,-1512,-1468,-1256,-1392,-1304
2,-1476,-1444,-1216,-1076,-768,-344,-220,56,60,364,488,488,424,224,88,-216,-480,-748,-772,-1088,-1380,-1524,-1452,-1488,-1452,-1216,-1128,-1084,-984
2,-232,-16,176,196,492,680,616,484,160,12,-324,-496,-780,-892,-1016,-1048,-1328,-1380,-1320,-1356,-1308,-1288
3,-1156,-1212,-1420,-1500,-1448,-1512,-1452,-1096,-812,-412,-196,20,72,292,372,192,120,32,-76,-132,-40,-428,-440,-236,-316,-180,-644,-524,-400,-440,-388,-312
3,-1572,-1324,-1148,-848,-664,-228,0,104,284,232,48,-36,-112,-180,-88,-128,-356,-324,-140,-124,-264,-124,84,-160
3,-1292,-1372,-1512,-1508,-1468,-1312,-1096,-808,-560,-152,-100,144,256,300,196,-36,-144,-92,-108,-152,-168,-56,-64,4,-200,-8,-68,-88,-28,-40,12
3,-908,-752,-452,-360,-28,120,148,168,28,-28,-140,-152,-184,-128,-236,-200,-184,-196,64,80,-152,216,208,68,132,104,116,100
3,-1060,-744,-632,-324,-232,128,284,96,-84,-64,-96,-308,-268,-188,-212,-304,-220,-88,-152,164,420,44,276,136,108,84,44,44
3,-620,-460,-68,132,272,172,144,-8,-300,-196,-144,-276,-344,-220,-108,-108,-124,80,56,-20,36,60,48,68,68
3,-1212,-1320,-1632,-1728,-1724,-1668,-1356,-1112,-680,-468,-28,152,328,340,276,116,4,-132,-104,-208,-304,-244,-4,-216,-104,-12,-192,-28,-104,-200,-148,-96
3,-1044,-1172,-1236,-1400,-1500,-1512,-1424,-1316,-1104,-912,-500,-324,-72,108,264,248,192,72,-228,-268,-172,-348,-356,-164,-316,-4,48,-12,104,128,28,8,-36,48,24,64
3,-1336,-1416,-1520,-1412,-1116,-988,-644,-484,-172,-12,168,-12,-64,-104,-248,-284,-180,-256,-292,-156,-180,212,252,92,340,288,280,244
3,-1224,-1312,-1444,-1476,-1460,-1356,-1104,-624,-536,-260,36,128,12,-124,-8,-112,-240,-156,-92,-316,-300,80,20,-188,116,-64,-236,32,-116
4,-468,-468,-540,-608,-1104,-1272,-1640,-1944,-1860,-1772,-1504,-924,-692,-300,-164,-8,88,44,-16,-328,-512,-956,-1260,-1852,-2040,-2040,-2040,-1600,-1236,-608,-300,-172,-4,-32,-184,-312,-812,-1036,-1568,-1896,-2040,-2040,-1816,-1536,-896,-688,-352,-248,-104,-20,-40,-184,-348,-752,-1000,-1508,-1692,-1876,-1888,-1688,-1516,-1072,-888
4,-904,-808,-640,-484,-408,-504,-660,-964,-1128,-1620,-1988,-2040,-2040,-1644,-1320,-704,-496,-176,-80,8,56,32,-132,-348,-704,-1016,-1608,-1864,-2040,-2040,-2032,-1756,-1040,-808,-408,-268,-44,16,28,-40,-460,-680,-1284,-1848,-2036,-2040,-2040,-1820,-1500,-836,-580,-228,-120,88,168,140,92,-272,-656,-1504,-1852,-2040,-2040,-2004,-1452,-1140,-652,-504
4,-960,-800,-740,-584,-444,-420,-668,-812,-1252,-1528,-1940,-2024,-1880,-1716,-1136,-856,-436,-276,-48,20,164,148,-64,-324,-892,-1648,-1876,-2040,-2040,-1868,-1536,-908,-648,-308,-208,-40,-32,-144,-312,-752,-1100,-1708,-1944,-2040,-1992,-1752,-1172,-880,-460,-296,-120,-60,-36,-52,-160,-296,-616,-920,-1604,-1916,-2028,-1960,-1644,-1168,-976,-612,-560
4,-952,-744,-644,-472,-428,-324,-524,-712,-1264,-1464,-1932,-2040,-2024,-1880,-1344,-1064,-584,-416,-112,12,136,160,76,-16,-424,-756,-1580,-2040,-2040,-2040,-2040,-1412,-1068,-568,-396,-172,-68,-12,4,-124,-272,-784,-1088,-1756,-2016,-2040,-2040,-1952,-1388,-1052,-544,-344,-60,8,120,80,-52,-140,-600,-888,-1540,-1848,-2040,-2040,-1880,-1364,-1132,-740,-568
4,-736,-624,-472,-408,-384,-464,-740,-976,-1592,-1680,-2004,-2040,-1884,-1596,-964,-680,-252,-72,140,224,208,44,-104,-704,-1136,-1852,-2008,-2040,-2040,-1776,-1556,-1020,-800,-432,-308,-164,-104,-56,-128,-376,-760,-1052,-1552,-1824,-2040,-2040,-1848,-1580,-936,-692,-340,-232,-28,60,64,0,-240,-464,-988,-1556,-1720,-1888,-1884,-1668,-1480,-1064,-900,-612,-548
4,-360,-764,-1268,-1488,-2040,-2040,-1976,-1744,-1136,-844,-396,-268,-72,-40,36,24,-112,-212,-664,-944,-1532,-1992,-2040,-2040,-2028,-1472,-1164,-656,-476,-288,-224,-112,-104,-152,-212,-692,-912,-1452,-1740,-2040,-2028,-1948,-1568,-1308,-816,-612,-348,-232,-80,-52,-96,-160,-368,-532,-988,-1244,-1772,-1844,-1940,-1900,-1604,-1196,-976,-680,-556,-504
4,-780,-604,-516,-440,-512,-608,-724,-1288,-1592,-1824,-2012,-2040,-1908,-1408,-1076,-520,-116,28,172,192,76,8,-316,-520,-1200,-1628,-2040,-2040,-2040,-2040,-1592,-1284,-696,-496,-220,-16,12,4,-12,-312,-516,-1196,-1600,-2040,-2040,-2040,-2040,-1492,-1136,-584,-392,-128,-36,88,96,-48,-380,-600,-1188,-1452,-1804,-2004,-1944,-1888,-1492,-1220,-780
4,-884,-740,-640,-440,-364,-484,-712,-1020,-1520,-1720,-2020,-2036,-1824,-1560,-996,-736,-324,-204,0,92,172,140,-64,-376,-1120,-1560,-2012,-2040,-2040,-1828,-1572,-1040,-788,-440,-328,-152,-68,-36,-88,-404,-592,-1164,-1504,-2036,-2040,-2040,-1696,-1388,-772,-568,-268,-176,-4,20,-16,-76,-376,-540,-1060,-1376,-1916,-2036,-2032,-1920,-1388,-1100
4,-1088,-1060,-960,-888,-756,-684,-512,-444,-352,-304,-512,-732,-1268,-1636,-2040,-2040,-1812,-1340,-1044,-548,-368,-132,-44,116,84,-24,-168,-528,-800,-1348,-1572,-1964,-2040,-2040,-2032,-1392,-792,-552,-264,-152,4,-16,-40,-144,-592,-880,-1572,-1920,-2040,-2040,-1988,-1676,-1072,-796,-384,-256,-84,44,64,-24,-188,-620,-928,-1576,-1792,-2020,-2040,-1908,-1696,-1124,-884,-520
4,-884,-848,-764,-696,-528,-480,-460,-616,-768,-1352,-1452,-1884,-2020,-1964,-1840,-1356,-1048,-560,-388,-52,36,152,140,-4,-116,-596,-1300,-1644,-2040,-2040,-2040,-2040,-1568,-1256,-708,-500,-260,-172,16,24,-72,-220,-648,-964,-1600,-1896,-2040,-2040,-2028,-1448,-1140,-640,-456,-192,-100,48,68,-8,-112,-588,-812,-1356,-1656,-1980,-2040,-2036,-1696,-1440,-892,-704,-460,-396
5,-1256,-1432,-1480,-1492,-1440,-1172,-1096,-1008,-800,-384,-316,-124,228,344,460,524,640,560,408,332,152,-48,-288,-400,-812,-1040,-1576,-1680,-2012,-2040,-2016,-1788,-1636,-1320,-1196,-904,-808,-564,-352,12,196,484,716,896,828,564,460,68,-24,-356,-632,-912,-1344,-1556,-1512,-1512,-1648,-1548
5,-1120,-1260,-1336,-1448,-1460,-1352,-1268,-1132,-1020,-824,-704,-364,-228,44,116,472,676,660,488,396,104,-124,-536,-720,-976,-1180,-1344,-1548,-1776,-1880,-1856,-1812,-1720,-1576,-1292,-1084,-816,-680,-324,-52,120,440,464,552,580,444,292,-144,-320,-580,-816,-1228,-1240,-1328,-1464,-1420,-1340
5,-1088,-1228,-1308,-1508,-1612,-1532,-1376,-1164,-1048,-668,-344,-140,224,456,1044,964,732,644,384,132,-560,-768,-1060,-1316,-1600,-1620,-2040,-2040,-1924,-1892,-1616,-1184,-984,-636,-400,136,132,508,816,792,704,564,432,-64,-252,-600,-652,-1136,-1256,-1388,-1480,-1480,-1396,-1348
5,-1384,-1600,-1608,-1544,-1596,-1396,-928,-736,-336,-120,184,288,536,868,676,432,376,84,-184,-672,-952,-1232,-1400,-1776,-1808,-2040,-2040,-1980,-1804,-1536,-964,-680,-332,-16,272,312,1012,1036,736,644,492,308,-208,-436,-1060,-1368,-1584,-1556,-1424
5,-1328,-1544,-1632,-1652,-1556,-1228,-1012,-500,-264,64,176,360,540,652,592,512,424,212,-96,-628,-1064,-1332,-1496,-1756,-2040,-2040,-2040,-2040,-1632,-1316,-848,-628,-152,100,308,372,1148,1212,852,564,412,-136,-412,-800,-920,-1600,-1748,-1548
5,-1312,-1528,-1812,-1900,-1796,-1596,-1172,-1004,-532,-240,108,228,928,1088,928,764,572,344,-224,-488,-924,-1204,-1448,-1860,-1900,-2040,-2040,-1900,-1780,-1376,-1140,-724,-596,-144,92,208,324,696,732,520,320,116,-304,-476,-688,-868,-1072,-1148
5,-1276,-1504,-1492,-1540,-1548,-1304,-1140,-776,-464,36,344,628,956,900,664,536,176,-48,-508,-800,-1252,-1472,-1608,-1744,-2028,-1948,-1832,-1744,-1460,-1248,-1052,-692,-580,-224,16,184,280,616,700,588,540,304,16,-376,-556,-912,-1096,-1332,-1288,-1488,-1616
5,-1384,-1468,-1496,-1480,-1412,-1132,-748,-484,-24,44,256,484,1064,976,616,556,348,96,-376,-528,-1100,-1412,-1944,-1980,-2040,-2040,-1820,-1572,-1432,-976,-776,-532,-304,-16,8,472,644,608,540,580,484,124,-116,-424,-456,-892,-1484,-1492,-1540,-1616,-1544,-1404
5,-1344,-1416,-1576,-1492,-1288,-1220,-992,-812,-504,-296,36,164,624,756,728,624,476,340,-276,-436,-800,-1020,-1500,-1832,-1940,-2040,-2016,-1772,-1692,-1548,-1296,-728,-652,-292,-4,300,396,980,968,760,660,348,-176,-428,-700,-892,-1208,-1404,-1468,-1444,-1460,-1448,-1316
5,-1092,-1140,-1416,-1556,-1536,-1500,-1312,-1092,-772,-692,-352,-176,32,100,344,500,720,588,428,340,68,-268,-308,-748,-1140,-1640,-1680,-2040,-2040,-1960,-1868,-1604,-1428,-1000,-816,-524,-236,172,224,692,884,740,588,488,-8,-276,-556,-776,-1172,-1232,-1484,-1600,-1440,-1384
6,-1092,-1212,-1316,-1560,-1564,-1616,-1664,-1296,-1040,-616,-492,-228,-212,-548,-1188,-1384,-1784,-1780,-1108,-820,-420,-320,100,176,-8,-212,-840,-1248,-1824,-1832,-1388,-1116,-672,-416,-324,-372,-408,-400,-384,-544,-864,-1252,-1352,-1780,-2000,-1724,-1556,-1316,-1144,-968
6,-1124,-1372,-1588,-1792,-1820,-1564,-1316,-736,-308,-220,-152,-224,-704,-1128,-1720,-1832,-1580,-1240,-748,-544,-132,-12,124,108,-304,-544,-1004,-1412,-1512,-1304,-1212,-1048,-924,-744,-724,-712,-700,-684,-724,-900,-988,-1056,-1176,-1400,-1484,-1416
6,-1720,-1768,-1628,-1440,-944,-772,-320,-144,-68,-408,-752,-1440,-1672,-1720,-1448,-856,-648,-260,-12,192,180,-300,-512,-1164,-1496,-1836,-1728,-1224,-888,-768,-592,-528,-568,-608,-628,-664,-904,-1028,-1144,-1008,-1256,-1412,-1472,-1472,-1508,-1384
6,-1248,-1348,-1644,-1664,-1632,-1560,-1172,-956,-536,-344,-132,-52,-300,-664,-1420,-1756,-1756,-1336,-1004,-540,-424,24,180,108,-116,-504,-876,-1640,-1812,-1572,-1320,-824,-604,-376,-368,-420,-608,-684,-700,-644,-1080,-1156,-1332,-1608,-1764,-1600,-1360
6,-948,-960,-984,-1064,-1148,-1472,-1592,-1836,-1952,-1576,-1244,-644,-340,-236,-120,-256,-708,-1008,-1608,-1664,-1520,-1288,-644,-432,-280,-64,116,16,-424,-620,-1192,-1564,-1476,-1024,-816,-712,-640,-444,-424,-528,-548,-640,-720,-812,-1048,-1444,-1436,-1516,-1580,-1420,-1268,-1180
6,-956,-984,-1164,-1312,-1492,-1544,-1640,-1600,-1272,-1132,-796,-532,-192,-184,-244,-356,-832,-1276,-1728,-1776,-1700,-1068,-804,-364,-172,148,196,-16,-188,-684,-940,-1364,-1476,-1324,-1200,-1000,-924,-700,-612,-544,-556,-512,-508,-628,-904,-1060,-1224,-1308,-1412,-1444,-1412
6,-980,-960,-972,-964,-972,-1000,-1144,-1276,-1412,-1500,-1624,-1628,-1456,-1256,-800,-576,-300,-208,-240,-480,-816,-1536,-1716,-1860,-1732,-952,-688,-420,-216,92,136,116,-20,-588,-932,-1336,-1348,-1244,-1012,-916,-800,-832,-820,-768,-748,-796,-968,-1000,-1024,-1120,-1304,-1356,-1384,-1392,-1268
6,-1012,-1096,-1272,-1432,-1652,-1712,-1652,-1564,-1144,-900,-472,-360,-168,-108,-204,-408,-980,-1336,-1864,-2000,-1676,-1108,-768,-336,-256,156,316,68,-220,-748,-1120,-1560,-1464,-1076,-972,-784,-712,-684,-720,-688,-520,-576,-848,-828,-1072,-1220,-1308,-1264,-1600,-1576,-1420
6,-948,-952,-996,-1112,-1244,-1448,-1508,-1640,-1676,-1572,-1140,-924,-620,-468,-192,-136,-320,-528,-1140,-1540,-1808,-1704,-1076,-700,-316,-164,144,184,-8,-564,-972,-1772,-1884,-1416,-1084,-840,-712,-496,-504,-520,-540,-520,-496,-660,-752,-956,-956,-1172,-1676,-1720,-1536,-1576,-1284
6,-944,-944,-956,-964,-968,-1024,-1168,-1236,-1372,-1412,-1460,-1464,-1508,-1444,-1108,-896,-532,-404,-200,-156,-300,-564,-1508,-1876,-1872,-1464,-1172,-516,-376,4,136,204,20,-648,-964,-1216,-1380,-1384,-1204,-948,-920,-832,-780,-696,-668,-616,-560,-564,-684,-740,-904,-940,-1348,-1480,-1272,-1284,-1396
1,-1004,-976,-944,-960,-916,-724,-612,-552,-548,-616,-844,-1064,-1376,-1432,-1564,-1540,-1412,-1388,-1404,-1428,-1360,-1312,-1392,-1244,-1168,-1064,-960,-712,-608,-416,-396,-356,-352,-340,-412,-576,-596,-584,-684,-844,-864,-1036,-1336,-1380,-1532,-1584,-1668,-1696,-1688,-1600,-1444,-1352,-1188,-1104,-956,-884,-740,-672,-604,-532,-536,-632
1,-952,-956,-944,-896,-876,-852,-832,-780,-780,-728,-684,-672,-692,-788,-848,-1192,-1280,-1528,-1596,-1576,-1600,-1628,-1584,-1504,-1400,-1308,-1132,-1016,-700,-600,-472,-380,-320,-320,-288,-304,-436,-516,-640,-880,-952,-1208,-1260,-1460,-1560,-1696,-1732,-1728,-1676,-1560,-1480,-1292,-1200,-1008,-904,-732,-524,-524,-444,-424,-472,-488,-572,-652,-912
1,-1060,-1060,-1092,-1044,-996,-972
1,-1000,-988,-988,-972,-960,-900,-880,-824,-792,-792,-856,-928,-876,-928,-840,-820,-844,-904,-1020,-1124,-1356,-1456,-1592,-1680,-1608,-1528,-1476,-1372,-1224,-1112,-912,-792,-656,-568,-496,-484,-476,-476,-492,-604,-632,-760,-864,-1076,-1160,-1268,-1440,-1444,-1504,-1516,-1500,-1448,-1420,-1272,-1148,-1156,-1056,-1008,-920,-872,-812,-772,-744,-712,-704,-732,-688,-696,-736,-768,-840,-876,-984,-1032,-1036
1,-924,-944,-824,-780,-736,-696,-612,-532,-476,-592,-664,-808,-996,-1336,-1536,-1708,-1744,-1676,-1700,-1632,-1560,-1468,-1384,-1204,-1096,-952,-692,-564,-480,-420,-328,-352,-336,-352,-472,-488,-652,-764,-828,-956,-1240,-1300,-1456,-1596,-1640,-1668,-1676,-1588,-1536,-1284,-1204,-1044,-952,-780,-728,-616,-552,-532,-536,-584,-636,-696,-668,-720,-904,-960,-1056,-1116
1,-932,-896,-904,-768,-728,-652,-636,-620,-696,-772,-904,-1076,-1136,-1396,-1420,-1560,-1604,-1668,-1712,-1748,-1696,-1620,-1388,-1268,-888,-756,-536,-428,-308,-288,-256,-284,-340,-416,-556,-708,-780,-952,-1000,-1004,-1168,-1292,-1256,-1392,-1396,-1388,-1412,-1484,-1476,-1508,-1492,-1340,-1240,-1128,-956,-896,-792,-728,-640,-604,-568,-564,-576,-620,-644,-668,-768,-800,-820,-920
1,-908,-876,-808,-764,-700,-696,-700,-620,-720,-804,-860,-968,-1232,-1416,-1416,-1564,-1592,-1624,-1664,-1476,-1452,-1300,-1240,-984,-884,-712,-636,-496,-484,-420,-444,-456,-552,-592,-820,-908,-1012,-1148,-1304,-1384,-1496,-1504,-1520,-1520,-1484,-1448,-1332,-1272,-1088,-964,-872,-764,-728,-656,-596,-564,-572,-588,-632,-692,-744,-836,-892,-1024
1,-396,-388,-396,-360,-460,-572,-604,-676,-744,-808,-1096,-1212,-1304,-1396,-1480,-1472,-1556,-1548,-1508,-1480,-1340,-1264,-1096,-920,-880,-784,-756,-704,-692,-688,-672,-656,-700,-768,-764,-836,-856,-992,-1032
1,-624,-612,-612,-644,-816,-1180,-1244,-1424,-1508,-1680,-1656,-1636,-1628,-1428,-1320,-1028,-924,-756,-688,-496,-468,-408,-360,-344,-456,-472,-632,-736,-932,-1016,-1156,-1232,-1332,-1360,-1492,-1512,-1556,-1568,-1500,-1424,-1156,-980,-908,-788,-732,-640,-628,-596,-596,-596,-644,-712,-728
1,-908,-864,-768,-684,-580,-516,-424,-484,-600,-672,-904,-1164,-1428,-1588,-1720,-1848,-1876,-1820,-1660,-1420,-1304,-1092,-964,-760,-692,-516,-456,-376,-344,-324,-360,-464,-528,-600,-724,-960,-1032,-1376,-1548,-1616,-1700,-1680,-1640,-1584,-1392,-1296,-1060,-1008,-856,-760,-596,-536,-504,-484,-480,-516,-572,-764
2,-1024,-1012,-1012,-1016,-1012,-1004,-1016,-1016,-1036,-1040,-1040,-1076,-1104,-1116,-1240,-1240,-1268,-1312,-1344,-1148,-1112,-896,-624,-388,-244,172,316,364,400,428,352,88,108,-68,-148,32,-268,-416,68,12,-676,-448,-460,-760,-632,-556,-1020
2,-1004,-1024,-1048,-1116,-1144,-1280,-1296,-1356,-1344,-1280,-1160,-944,-848,-592,-584,-244,-100,136,444,528,472,500,276,156,-8,4,-172,-84,-144,-228,-228,-64,-364,-540,-500,-708,-808,-728,-896,-1120,-1040,-1092,-1216,-1308,-1224,-1188
2,-1004,-1040,-1048,-1064,-1100,-1212,-1244,-1316,-1320,-1280,-1308,-1080,-868,-840,-740,-236,-72,176,316,616,480,440,224,36,-60,-4,-48,-156,-136,-120,-340,-448,-320,-428,-636,-536,-708,-780,-804,-1100,-1140,-1276,-1300,-1272
2,-1328,-1192,-1200,-1184,-1100,-968,-916,-952,-900,-548,-392,-44,144,512,572,548,372,276,-112,-132,-20,-168,-272,-80,44,-340,-232,-112,-508,-672,-472,-628,-936,-792,-1084,-1308,-1224
2,-1156,-1240,-1272,-1356,-1324,-1220,-1192,-1020,-884,-544,-328,-164,404,588,484,588,604,396,-96,-32,180,-232,-264,-72,-264,-544,-448,-424,-652,-712,-916,-876,-920,-1176,-1232,-1204,-1228,-1260,-1236
2,-240,-40,324,484,652,668,680,488,208,164,236,376,-76,-152,96,-432,-580,-428,-568,-872,-740,-944,-1052
2,-1344,-1324,-1304,-1232,-1040,-968,-704,-460,4,216,344,424,700,604,464,336,244,312,108,-128,-76,-284,-536,-472,-652,-896,-708,-1120,-1224,-908
2,-1064,-1148,-1244,-1332,-1428,-1420,-1372,-1192,-1112,-760,-684,-296,-60,304,440,800,852,748,556,192,280,260,-176,-124,48,-120,-596,-520,-652,-788,-920,-1104,-1164,-1100,-1252,-1256
2,-1112,-1236,-1264,-1340,-1280,-1208,-1188,-1060,-1016,-948,-808,-448,-44,260,788,800,1120,944,484,256,40,120,-108,-236,68,-24,-588,-448,-560,-784,-804,-908,-1052,-980,-936
2,-1008,-1008,-1032,-1036,-1040,-1056,-1088,-1140,-1132,-1172,-1240,-1144,-1156,-1192,-1084,-1096,-1004,-896,-728,-672,-160,132,388,564,812,804,464,276,36,-8,44,48,-236,52,316,-152,-268,84,224,-464,-480,-356,-316,-572,-868,-836,-652,-1148,-1452,-1288,-1304,-1300,-1112,-1064,-1020,-1028,-1004,-1004
3,-1016,-1028,-1004,-1020,-1044,-1000,-1028,-1068,-1112,-1156,-1204,-1296,-1308,-1168,-1128,-992,-928,-824,-792,-528,-356,-140,-72,164,284,224,120,100,-128,-240,-276,-284,-428,-412,-348,-332,-308,-236,-180,-272,-208,-148,-372,-524,-488,-360,-764,-724,-672,-852,-892,-864,-780,-804,-804,-740,-720,-712,-648,-628,-632,-600
3,-1004,-1052,-1068,-1100,-1152,-1216,-1204,-1320,-1344,-1244,-1160,-936,-668,-360,-132,232,512,596,348,232,112,-12,-88,-108,-112,-52,-220,-280,-252,-296,-560,-556,-500,-768,-772,-544,-804,-1072,-924,-1180,-1244,-1072,-1048,-996,-984,-928,-892,-824,-812,-792
3,-1120,-1188,-1180,-1300,-1416,-1336,-1368,-1108,-976,-804,-520,-76,140,260,420,300,152,140,4,-52,-104,-116,-164,-172,-148,-240,-528,-520,-704,-724,-1208,-1180,-1192,-1308,-1184,-1044,-1076,-1008,-1008,-1056,-1060,-1020,-1004,-1016,-996,-964,-952,-960,-944,-944,-956,-944,-964,-944,-976,-1008,-920,-940,-984
3,-1044,-1076,-1120,-1228,-1316,-1452,-1440,-1516,-1372,-944,-520,-324,56,300,512,448,312,368,216,80,-60,-68,-40,-40,-68,-68,-128,-192,-304,-584,-548,-872,-944,-1092,-1156,-1236,-1336,-1320,-1320,-1288,-1236,-1152,-1128,-1056,-1032,-1020,-1020,-1004,-968,-980,-984,-980,-1008,-956
3,-1120,-1132,-1112,-1340,-1380,-1268,-1240,-1220,-1000,-784,-376,-164,-32,148,388,368,216,220,32,-60,-88,-64,-80,-96,-88,-152,-160,-232,-284,-328,-452,-720,-660,-1092,-1156,-1092,-1240,-1412,-1356,-1340,-1344,-1216,-1180,-1080,-1004,-952,-920,-912,-868,-904
3,-1040,-1096,-1212,-1252,-1384,-1488,-1432,-1364,-1108,-1008,-564,-144,-12,468,576,540,556,488,304,4,-20,-4,-60,-44,-32,-112,-168,-192,-196,-532,-440,-540,-1108,-992,-1324,-1340,-1444,-1396,-1260,-1228,-1104,-1080,-1000,-964,-944,-920,-916,-880
3,-988,-1020,-1032,-1116,-1272,-1348,-1572,-1488,-1360,-1288,-832,-640,-232,-60,308,444,488,452,412,312,168,-44,-56,-64,-28,-32,4,4,-44,-248,-256,-332,-608,-672,-672,-964,-1124,-1160,-1160,-1288,-1272,-1244,-1220,-1200,-1076,-1060,-1048,-1012,-984,-964,-940,-932,-972,-956,-928,-972
3,-1040,-1056,-1040,-1036,-1024,-996,-1032,-1060,-1080,-1148,-1276,-1360,-1480,-1428,-1328,-1160,-1000,-604,-420,-164,176,540,544,508,480,300,180,-60,-124,-172,-108,-104,-72,-32,-8,-44,-76,-68,-32,-132,-224,-168,-436,-576,-620,-584,-1056,-1092,-1052,-1276,-1204,-1208,-1204,-1164,-1080,-988,-972,-892,-864,-844,-844,-864,-852,-852,-900,-896,-896,-908,-916
3,-1036,-1072,-1060,-1076,-1124,-1268,-1336,-1564,-1600,-1612,-1072,-896,-324,24,428,560,748,680,400,328,64,-20,-164,-180,-92,-44,44,132,104,8,24,-40,-212,-460,-476,-704,-848,-872,-1104,-1128,-1304
3,-1004,-1012,-1016,-1012,-996,-996,-1020,-1012,-1024,-1004,-992,-1008,-1000,-996,-984,-1012,-1000,-1016,-1056,-1292,-1404,-1484,-1552,-1568,-1312,-1036,-480,-344,232,436,640,644,476,412,224,84,-56,-68,-80,-72,-132,-152,-120,-180,-288,-360,-436,-584,-676,-1024,-988,-1076,-1304,-1260,-1284,-1276,-1236,-1176
4,-944,-804,-680,-612,-552,-576,-660,-1036,-1256,-1408,-1564,-1804,-1792,-1856,-1824,-1548,-1444,-1084,-856,-504,-224,-132,-44,-44,-128,-248,-456,-608,-1040,-1232,-1572,-1648,-1972,-2008,-2012,-1976,-1636,-1204,-992,-568,-452,-252,-208,-172,-220,-468,-588,-928,-1132,-1552,-1636,-1912,-2000,-2020,-2016,-1856,-1344,-1096,-540,-368,-152,-52,40,56,20,-124,-416,-572,-1172,-1284,-1828,-2040,-2040,-2040,-2040,-1752,-1464,-844,-584,-392,-288,-224,-248,-508,-596
4,-884,-820,-744,-448,-440,-256,-388,-692,-1148,-1580,-2004,-2040,-2040,-2040,-2020,-1856,-1300,-1080,-652,-424,-92,-40,100,144,28,-12,-300,-700,-940,-1416,-1760,-2008,-2040,-2040,-2040,-1988,-1704,-1072,-860,-492,-400,-272,-260,-236,-348,-376,-480,-656,-944,-1096,-1544,-1728,-1960,-2036,-2040,-2040,-1900,-1636,-1176,-840,-372,-252,-40,12,40,-8,-124,-456,-612,-1196,-1392,-1988,-2040,-2040,-2040,-2040,-1848,-1248,-924,-480,-260,-200,-328,-460,-640,-672,-888
4,-36,-384,-684,-1096,-1496,-1772,-2040,-2040,-2040,-2040,-2040,-1436,-1088,-464,-208,128,224,220,176,-80,-604,-984,-1572,-1952,-2040,-2040,-2040,-2040,-2020,-1856,-1316,-908,-272,-60,260,304,388,372,124,-304,-632,-1316,-1660,-2040,-2040,-2040,-2040,-1836,-1456,-760,-484,-228,-196,-192,-340,-648,-808,-940,-1044,-960
4,-668,-520,-212,-240,-140,-160,-616,-816,-1288,-2000,-2040,-2040,-2040,-2040,-2028,-1600,-1276,-656,-396,-40,72,296,332,252,184,-104,-404,-876,-1628,-1980,-2040,-2040,-2040,-2040,-1464,-1220,-576,-384,-228,-124,8,-36,-272,-424,-716,-976,-1660,-1984,-2024,-2040,-2040,-1852,-1644,-1152,-932,-472,-308,-56,0,44,92,-92,-176,-472,-992,-1256,-2040,-2040,-2040,-2040,-2040,-1832,-1180,-808,-436,-204,-168,-268,-384,-400,-784,-908,-964
4,-480,-412,-568,-636,-760,-884,-1192,-1320,-1692,-1960,-2040,-2012,-1920,-1416,-1204,-748,-540,-228,-176,16,52,-128,-200,-432,-692,-1140,-1616,-2040,-2040,-2040,-2040,-1848,-984,-676,-240,-88,120,172,96,0,-272,-480,-828,-1100,-1672,-1860,-2040,-2040,-2036,-1908,-1752,-1296,-1048,-580,-396,-112,-8,88,128,-36,-160,-548,-816,-1552,-1976,-2040,-2040,-2040,-1936,-1628,-956,-676,-260,-168,-48,-68,-392,-528,-888,-1080,-1216,-1172,-1168,-1128,-940
4,-292,-168,-288,-492,-844,-1164,-1600,-1628,-2032,-2040,-1932,-1804,-1456,-1168,-580,-368,-56,16,104,144,16,-224,-372,-760,-1272,-1748,-2040,-2040,-2040,-2040,-2040,-1368,-1008,-336,-112,180,244,276,184,-132,-456,-684,-1312,-1556,-1868,-2040,-2040,-2036,-1984,-1884,-1668,-1420,-920,-632,-148,24,80,132,136,-64,-200,-556,-820,-1436,-1708,-2040,-2040,-2040,-2040,-1680,-1344,-820,-604,-392,-296,-188,-264,-460,-624,-740,-928,-992
4,-588,-492,-464,-616,-736,-916,-1448,-1688,-2008,-2040,-2040,-1876,-1684,-1092,-816,-344,-180,48,132,140,88,-104,-320,-736,-912,-1592,-1920,-2040,-2040,-2040,-1736,-1372,-704,-468,-140,-44,100,24,-112,-264,-748,-952,-1516,-1668,-1832,-1916,-1980,-1952,-1972,-1768,-1560,-992,-660,-172,12,132,184,144,92,-164,-352,-1000,-1248,-2040,-2040,-2040,-2040,-2040,-1504,-1124,-444,-168,68,96,24,-136,-652,-944,-1280
4,-712,-592,-404,-468,-464,-640,-1212,-1440,-1956,-2040,-2040,-2040,-1736,-1072,-784,-296,-144,60,92,132,68,-120,-284,-900,-1240,-2040,-2040,-2040,-2040,-1940,-936,-524,28,196,416,400,148,-16,-436,-660,-1420,-1704,-2008,-2040,-2040,-2040,-2040,-1884,-1148,-612,-348,-40,92,244,268,164,60,-244,-600,-1284,-1896,-2040,-2040,-2040,-2040,-1504,-1148,-640,-384,-364,-216,-312,-464,-552
4,-464,-172,-196,-448,-852,-1560,-1924,-2040,-2040,-2040,-2040,-1468,-752,-448,-60,68,328,360,376,332,104,-176,-916,-1272,-2040,-2040,-2040,-2040,-2040,-1248,-764,-132,60,296,380,200,156,-268,-496,-1244,-1488,-1896,-2040,-2040,-2040,-2040,-2036,-1368,-612,-312,100,240,384,424,256,164,-228,-612,-1388,-2036,-2040,-2040,-2040,-2040,-1288,-828,-408,-220,-216,-340,-416,-572,-736,-868,-872
4,-188,-248,-492,-876,-1700,-1928,-2040,-2040,-2040,-2040,-1372,-1064,-460,-44,76,252,316,280,192,-92,-440,-1236,-1744,-2040,-2040,-2040,-2040,-1432,-664,-424,84,188,300,240,-52,-224,-520,-804,-1592,-1876,-2040,-2040,-2040,-2040,-1752,-1340,-608,-348,12,184,192,268,208,-136,-300,-848,-1228,-2040,-2040,-2040,-2040,-1956,-1476,-628,-400,-56,-12,-20,-268,-492,-848,-876,-1208,-1292
5,-1036,-1048,-1100,-1316,-1392,-1600,-1628,-1480,-1324,-956,-592,172,432,664,1008,1120,796,500,408,408,-188,-132,-136,-684,-316,-648,-964,-904,-1228,-1412,-1316,-1328,-1384,-1400,-1316,-1464,-1472,-1528,-1488,-1196,-1084,-780,-504,152,428,812,1140,1064,1176,740,572,652,348,244,-304,-556,-380,-688,-1492,-1572,-1432,-1544,-1500,-1368,-1112
5,-1232,-1484,-1692,-1904,-2036,-1832,-1660,-1416,-1344,-940,-796,-452,-244,240,456,808,1072,1236,1304,848,792,640,288,-92,-236,-760,-812,-1020,-1284,-1308,-1372,-1472,-1352,-1232,-1240
5,-1304,-1380,-1448,-1700,-1668,-1348,-1112,-472,-212,576,900,1136,1372,1268,932,708,604,8,-28,-204,-868,-736,-1164,-1540,-1512,-1496,-1824,-1800,-1556,-1588,-1476,-1328,-1188,-952,-552,-384,140,760,1024,1216,1192,908,756,740,528,-264,-344,-552,-896,-1248,-1420,-1340,-1476,-1356,-1304
5,136,-36,-536,-788,-1148,-1376,-1836,-1904,-1976,-1856,-1656,-1464,-1476,-1148,-1048,-800,-544,-20,320,1000,1300,1520,1444,976,936,604,48,72,-560,-884,-912,-1376,-1512,-1488,-1792,-1684,-1300,-1208,-1036,-976,-908
5,600,988,1472,1560,1392,1148,788,524,-84,-288,-444,-624,-992,-1304,-1428,-1656,-1724,-1700,-1660,-1572,-1652,-1716,-1604,-1264,-1076,-512,-248,332,684,1252,1432,1392,1232,764,784,468,288,-196,-324,-852,-932,-1388,-1348,-1348,-1580,-1548,-1296,-1292,-1120
5,-1748,-1864,-1860,-1788,-1412,-1096,-200,348,1056,1680,2040,2024,1212,1060,428,-120,-252,-584,-1160,-1140,-1608,-1804,-1812,-2040,-1996,-1716,-1824,-1568,-1344,-824,-624,68,484,1116,1488,1920,1680,1040,936,696,316,116,-612,-656,-1604,-1772,-1692,-1708,-1556,-1520,-1304,-1180,-1048
5,-1228,-1448,-1852,-1936,-1944,-1648,-1228,-380,116,968,1316,1976,2040,1360,1208,1032,684,272,32,-1016,-1324,-1860,-2012,-2004,-2040,-2012,-1824,-1716,-1664,-1464,-784,-420,376,860,1664,1928,2036,1716,1052,888,392,284,-264,-700,-1168,-1820,-1952,-1680,-1560,-1444,-1316,-1036
5,-1896,-1908,-1736,-1044,-52,644,1440,2040,2040,1860,1232,1056,392,196,-96,-516,-1192,-1740,-2036,-1968,-2040,-1916,-1872,-1840,-1804,-1436,-1164,-196,348,1152,1596,2040,2040,1448,1248,668,312,-248,-476,-1420,-1652,-1332,-1736,-1548,-1300
5,-1536,-1712,-1948,-2040,-1880,-664,-20,896,1156,2040,2040,1768,1464,900,652,120,-28,-848,-1192,-2040,-1992,-2040,-2040,-2040,-2040,-1972,-1364,-852,280,720,1392,1804,2040,2012,1556,1368,624,280,68,-1240,-1476,-1660,-1996,-1820,-1744,-1432,-1220,-956
5,-2040,-1932,-1164,-776,500,892,1560,1744,2040,1900,1148,896,484,288,-48,-516,-1148,-1292,-1976,-2040,-2040,-2040,-2040,-1792,-1652,-1228,-824,72,468,1336,1732,2040,2008,1464,1024,756,332,112,-224,-672,-1532,-1816,-2016,-1948,-1604,-1388,-1176,-1064,-908,-892
6,-1076,-1104,-1108,-1120,-1096,-1120,-1112,-1232,-1340,-1528,-1720,-1664,-1160,-596,-368,-144,-80,-212,-424,-764,-792,-996,-1096,-1144,-1080,-1096,-1120,-1008,-1032,-1156,-1224,-904,-800,-692,-252,-184,-192,-240,-148,-128,-492,-700,-1232,-1448,-2020,-2040,-1676,-1612,-1492,-960,-920,-984,-864,-856,-868,-944,-896,-876,-848,-760,-668,-628,-644,-700,-560,-680,-744,-1020
6,-912,-900,-980,-1036,-1152,-1232,-1472,-1580,-1920,-2008,-1576,-1224,-288,-72,144,40,-228,-476,-944,-1172,-1232,-1244,-1256,-1192,-1108,-1056,-1000,-964,-1008,-916,-940,-1072,-952,-652,-576,-284,-92,-104,-296,-388,-668,-824,-1104,-1216,-1496,-1792,-1912,-1840,-1916,-1576,-1176,-1024,-756,-676,-640,-804,-808,-892,-960,-1000,-992,-936,-928,-848,-716,-608,-460,-284,-408,-664,-920
6,-944,-996,-1048,-1252,-1528,-1672,-1720,-1716,-1100,-1052,-916,-816,-384,-264,-456,-500,-312,-436,-716,-644,-660,-780,-920,-808,-780,-692,-592,-532,-472,-396,-544,-484,-484,-792,-968,-916,-1028,-1160,-1192,-1240,-1328,-1600,-1620,-1560,-1544,-1468,-1092,-936,-732,-744,-688,-764,-960,-1036,-1048,-1056,-972,-912,-728,-640,-456,-392,-404,-704
6,-1020,-1108,-1212,-1380,-1428,-1556,-1608,-1564,-1452,-1324,-852,-148,68,36,-216,-516,-1028,-1144,-1308,-1288,-1296,-1224,-1016,-884,-608,-392,-16,68,260,-60,-160,-516,-868,-1732,-1984,-2040,-2040,-1932,-1624,-1324,-1108,-788,-720,-692,-708,-664,-692,-752,-520,-452,-608,-776,-764,-832,-1076,-1120,-1380
6,-868,-1008,-1196,-1168,-1088,-1096,-1092,-1092,-1084,-1120,-1168,-1192,-1224,-1176,-1116,-1116,-1012,-592,-436,-396,-216,176,104,-296,-280,-524,-788,-1144,-1252,-1556,-1748,-1900,-1736,-1692,-1376,-1232,-940,-756,-696,-728,-716,-736,-772,-792,-624,-584,-736,-740,-712,-848,-892,-1072
6,-976,-968,-988,-1200,-1364,-1800,-1868,-1808,-1356,-892,-280,-120,-28,-48,-284,-548,-876,-1020,-1172,-1188,-1184,-1196,-1172,-1172,-1316,-1304,-1200,-892,-708,-268,-88,140,148,-32,-152,-728,-924,-1480,-1784,-2040,-1892,-1844,-1652,-1180,-1084,-1028,-824,-788,-864,-804,-740,-700,-392,-228,-236,-336,-604,-744,-1300,-1536,-1508
6,-980,-1220,-1448,-1992,-2036,-1892,-1088,-540,-20,140,396,100,-416,-696,-1028,-1128,-1160,-1120,-1176,-1220,-1264,-1308,-1296,-1192,-916,-480,-444,-48,124,116,-132,-364,-548,-1116,-1368,-1756,-1848,-1916,-1776,-1480,-1488,-1244,-920,-880,-748,-640,-772,-740,-744,-740,-392,-276,-412,-404,-688,-864,-1084
6,-960,-1056,-1332,-1564,-1972,-2040,-1916,-1536,-404,-60,372,448,136,-240,-908,-1092,-1328,-1288,-1340,-1348,-1288,-1176,-1036,-608,-392,60,260,320,212,-128,-312,-732,-1020,-1596,-1900,-2040,-2040,-1908,-1696,-1136,-1088,-992,-768,-728,-612,-528,-288,-216,-24,-96,-640,-832,-1276,-1364,-1572
6,-1020,-1184,-1324,-1660,-1680,-1656,-1644,-1392,-704,-320,128,144,-108,-472,-984,-1140,-1296,-1320,-1220,-1192,-976,-404,-304,-256,-208,-100,-176,-432,-508,-760,-1036,-1308,-1372,-1784,-1800,-1596,-1680,-1496,-1276,-1160,-1048,-924,-820,-816,-708,-672,-592,-524,-420,-392,-564,-576,-856,-1012,-1240,-1164
6,-1080,-1148,-1368,-1548,-1768,-1792,-1652,-1408,-936,-344,-68,216,60,-300,-488,-1000,-1092,-1112,-1088,-1192,-1312,-1320,-1188,-764,-676,-452,-268,20,-188,-272,-380,-560,-1052,-1360,-1588,-1760,-1892,-1760,-1728,-1588,-1092,-800,-760,-812,-956,-1000,-1008,-848,-760,-544,-396,-236,-348,-276,-436
